Fecha,Hora,pH,DO,Temp,Lvl,co2,LEDw,LEDr,LEDg,LEDb,Pmp
01/07/2025,00:00:00,10.38,7.36,24.04,9.99,79645,51,0,0,0,0
01/07/2025,00:05:46,10.38,7.36,24.01,9.99,79428,51,0,0,0,0
01/07/2025,00:11:33,10.39,7.37,23.95,9.99,79211,51,0,0,0,0
01/07/2025,00:17:20,10.38,7.38,23.9,9.99,79645,51,0,0,0,0
01/07/2025,00:23:07,10.38,7.37,23.9,9.99,79537,51,0,0,0,0
01/07/2025,00:28:54,10.38,7.38,23.82,9.99,79537,51,0,0,0,0
01/07/2025,00:34:41,10.38,7.38,23.79,9.99,79537,51,0,0,0,0
01/07/2025,00:40:28,10.38,7.37,23.77,9.99,79537,51,0,0,0,0
01/07/2025,00:46:14,10.38,7.39,23.68,9.99,79645,51,0,0,0,0
01/07/2025,00:52:02,10.38,7.38,23.63,9.99,79537,51,0,0,0,0
01/07/2025,00:57:48,10.38,7.39,23.63,9.99,79537,51,0,0,0,0
01/07/2025,01:03:36,10.37,7.37,23.6,9.99,79537,51,0,0,0,0
01/07/2025,01:09:23,10.37,7.4,23.55,9.99,79645,51,0,0,0,0
01/07/2025,01:15:09,10.38,7.39,23.5,9.99,79645,51,0,0,0,0
01/07/2025,01:20:57,10.4,7.41,23.47,9.99,79537,51,0,0,0,0
01/07/2025,01:26:43,10.41,7.4,23.42,9.99,79645,51,0,0,0,0
01/07/2025,01:32:30,10.42,7.41,23.39,9.99,79645,51,0,0,0,0
01/07/2025,01:38:18,10.44,7.4,23.31,9.99,79645,51,0,0,0,0
01/07/2025,01:44:04,10.44,7.42,23.28,9.99,79645,51,0,0,0,0
01/07/2025,01:49:52,10.44,7.42,23.23,9.99,79537,51,0,0,0,0
01/07/2025,01:55:38,10.44,7.43,23.17,9.99,79537,51,0,0,0,0
01/07/2025,02:01:25,10.45,7.43,23.17,9.99,79645,51,0,0,0,0
01/07/2025,02:07:12,10.47,7.43,23.15,9.99,79645,51,0,0,0,0
01/07/2025,02:12:59,10.49,7.44,23.12,9.99,79537,51,0,0,0,0
01/07/2025,02:18:46,10.49,7.46,23.12,9.99,79645,51,0,0,0,0
01/07/2025,02:24:33,10.49,7.45,23.12,9.99,79428,51,0,0,0,0
01/07/2025,02:30:20,10.46,7.45,23.12,9.99,79537,51,0,0,0,0
01/07/2025,02:36:08,10.45,7.47,23.12,9.99,79428,51,0,0,0,0
01/07/2025,02:41:54,10.41,7.48,23.12,9.99,79645,51,0,0,0,0
01/07/2025,02:47:41,10.39,7.46,23.12,9.99,79211,51,0,0,0,0
01/07/2025,02:53:28,10.38,7.47,23.12,9.99,79645,51,0,0,0,0
01/07/2025,02:59:15,10.38,7.46,23.12,9.99,79537,51,0,0,0,0
01/07/2025,03:05:01,10.38,7.46,23.12,9.99,79537,51,0,0,0,0
01/07/2025,03:10:49,10.37,7.48,23.12,9.99,79645,51,0,0,0,0
01/07/2025,03:16:36,10.36,7.46,23.12,9.99,79645,51,0,0,0,0
01/07/2025,03:22:23,10.35,7.48,23.12,9.99,79537,51,0,0,0,0
01/07/2025,03:28:10,10.36,7.47,23.12,9.99,79645,51,0,0,0,0
01/07/2025,03:33:57,10.35,7.48,23.12,9.99,79537,51,0,0,0,0
01/07/2025,03:39:44,10.35,7.48,23.12,9.99,79537,51,0,0,0,0
01/07/2025,03:45:31,10.35,7.49,23.12,9.99,79537,51,0,0,0,0
01/07/2025,03:51:17,10.35,7.48,23.12,9.99,79645,51,0,0,0,0
01/07/2025,03:57:05,10.35,7.47,23.12,9.99,79645,51,0,0,0,0
01/07/2025,04:02:52,10.35,7.47,23.12,9.99,79645,51,0,0,0,0
01/07/2025,04:08:39,10.35,7.47,23.12,9.99,79537,51,0,0,0,0
01/07/2025,04:14:26,10.35,7.47,23.12,9.99,79645,51,0,0,0,0
01/07/2025,04:20:12,10.35,7.47,23.12,9.99,79645,51,0,0,0,0
01/07/2025,04:26:00,10.35,7.47,23.12,9.99,79645,51,0,0,0,0
01/07/2025,04:31:47,10.35,7.47,23.12,9.99,79537,51,0,0,0,0
01/07/2025,04:37:33,10.34,7.47,23.12,9.99,79645,51,0,0,0,0
01/07/2025,04:43:21,10.35,7.46,23.12,9.99,79428,51,0,0,0,0
01/07/2025,04:49:07,10.36,7.47,23.12,9.99,79645,51,0,0,0,0
01/07/2025,04:54:55,10.35,7.47,23.12,9.99,79537,51,0,0,0,0
01/07/2025,05:00:42,10.36,7.47,23.12,9.99,79537,51,0,0,0,0
01/07/2025,05:06:28,10.36,7.46,23.12,9.99,79428,51,0,0,0,0
01/07/2025,05:12:16,10.39,7.45,23.12,9.99,79645,51,0,0,0,0
01/07/2025,05:18:02,10.41,7.47,23.12,9.99,79645,51,0,0,0,0
01/07/2025,05:23:49,10.41,7.46,23.12,9.99,79428,51,0,0,0,0
01/07/2025,05:29:37,10.41,7.47,23.12,9.99,79645,51,0,0,0,0
01/07/2025,05:35:23,10.41,7.48,23.12,9.99,79645,51,0,0,0,0
01/07/2025,05:41:11,10.41,7.47,23.12,9.99,79645,51,0,0,0,0
01/07/2025,05:46:58,10.41,7.46,23.12,9.99,79645,51,0,0,0,0
01/07/2025,05:52:44,10.41,7.5,23.12,9.99,79537,51,0,0,0,0
01/07/2025,05:58:32,10.4,7.47,23.12,9.99,79428,51,0,0,0,0
01/07/2025,06:04:18,10.4,7.47,23.12,9.99,79645,51,0,0,0,0
01/07/2025,06:10:05,10.42,7.48,23.12,9.99,79645,51,0,0,0,0
01/07/2025,06:15:53,10.44,7.5,23.12,9.99,79645,51,0,0,0,0
01/07/2025,06:21:39,10.45,7.49,23.12,9.99,79320,51,0,0,0,0
01/07/2025,06:27:27,10.47,7.49,23.12,9.99,79537,51,0,0,0,0
01/07/2025,06:33:13,10.48,7.51,23.12,9.99,79645,51,0,0,0,0
01/07/2025,06:39:00,10.5,7.5,23.12,9.99,79428,51,0,0,0,0
01/07/2025,06:44:48,10.51,7.52,23.09,9.99,79320,51,0,0,0,0
01/07/2025,06:50:34,10.51,7.52,23.09,9.99,79320,51,0,0,0,0
01/07/2025,06:56:21,10.51,7.53,23.09,9.99,79645,51,0,0,0,0
01/07/2025,07:02:08,10.51,7.53,23.07,9.99,79320,51,0,0,0,0
01/07/2025,07:07:55,10.51,7.53,23.04,9.99,79645,51,0,0,0,0
01/07/2025,07:13:43,10.51,7.53,23.01,9.99,79537,51,0,0,0,0
01/07/2025,07:19:29,10.5,7.55,22.96,9.99,79645,51,0,0,0,0
01/07/2025,07:25:16,10.5,7.54,22.9,9.99,79428,51,0,0,0,0
01/07/2025,07:31:03,10.49,7.56,22.82,9.99,79645,51,0,0,0,0
01/07/2025,07:36:50,10.5,7.56,22.8,9.99,79645,51,0,0,0,0
01/07/2025,07:42:37,10.49,7.57,22.74,9.99,79645,51,0,0,0,0
01/07/2025,07:48:24,10.49,7.56,22.63,9.99,79428,51,0,0,0,0
01/07/2025,07:54:11,10.49,7.58,22.58,9.99,79645,51,0,0,0,0
01/07/2025,07:59:58,10.48,7.6,22.53,9.99,79537,51,0,0,0,0
01/07/2025,08:05:45,10.48,7.6,22.47,9.99,79645,51,0,0,0,0
01/07/2025,08:11:32,10.48,7.61,22.36,9.99,79645,51,0,0,0,0
01/07/2025,08:17:19,10.47,7.6,22.31,9.99,79537,51,0,0,0,0
01/07/2025,08:23:06,10.48,7.6,22.28,9.99,79428,51,0,0,0,0
01/07/2025,08:28:53,10.47,7.6,22.23,9.99,79537,51,0,0,0,0
01/07/2025,08:34:40,10.48,7.6,22.2,9.99,79645,51,0,0,0,0
01/07/2025,08:40:27,10.47,7.62,22.18,9.99,79320,51,0,0,0,0
01/07/2025,08:46:13,10.47,7.6,22.12,9.99,79428,51,0,0,0,0
01/07/2025,08:52:01,10.46,7.61,22.07,9.99,79537,51,0,0,0,0
01/07/2025,08:57:48,10.46,7.62,22.07,9.99,79537,51,0,0,0,0
01/07/2025,09:03:35,10.47,7.62,22.07,9.99,79645,51,0,0,0,0
01/07/2025,09:09:22,10.47,7.67,22.28,9.99,79211,51,0,0,0,0
01/07/2025,09:15:09,10.47,7.65,22.42,9.99,79320,51,0,0,0,0
01/07/2025,09:20:56,10.48,7.67,22.66,9.99,79320,51,0,0,0,0
01/07/2025,09:26:43,10.49,7.64,22.8,9.99,79320,51,0,0,0,0
01/07/2025,09:32:30,10.51,7.64,22.9,9.99,79211,51,0,0,0,0
01/07/2025,09:38:17,10.52,7.61,22.96,9.99,79645,51,0,0,0,0
01/07/2025,09:44:04,10.53,7.61,23.01,9.99,79537,51,0,0,0,0
01/07/2025,09:49:52,10.54,7.61,23.07,9.99,79320,51,0,0,0,0
01/07/2025,09:55:38,10.55,7.6,23.09,9.99,79320,51,0,0,0,0
01/07/2025,10:01:25,10.56,7.58,23.09,9.99,79211,51,0,0,0,0
01/07/2025,10:07:13,10.56,7.59,23.09,9.99,79537,51,0,0,0,0
01/07/2025,10:12:59,10.57,7.59,23.12,9.99,79645,51,0,0,0,0
01/07/2025,10:18:46,10.57,7.59,23.12,9.99,79211,51,0,0,0,0
01/07/2025,10:24:33,10.57,7.57,23.12,9.99,79537,51,0,0,0,0
01/07/2025,10:30:20,10.57,7.57,23.12,9.99,79103,51,0,0,0,0
01/07/2025,10:36:08,10.57,7.55,23.12,9.99,79320,51,0,0,0,0
01/07/2025,10:41:54,10.57,7.55,23.12,9.99,79428,51,0,0,0,0
01/07/2025,10:47:41,10.57,7.55,23.12,9.99,79645,51,0,0,0,0
01/07/2025,10:53:29,10.56,7.54,23.12,9.99,79211,51,0,0,0,0
01/07/2025,10:59:15,10.57,7.55,23.12,9.99,79537,51,0,0,0,0
01/07/2025,11:05:02,10.56,7.53,23.12,9.99,79320,51,0,0,0,0
01/07/2025,11:10:50,10.56,7.53,23.15,9.99,79645,51,0,0,0,0
01/07/2025,11:16:36,10.55,7.51,23.17,9.99,79320,51,0,0,0,0
01/07/2025,11:22:24,10.55,7.51,23.25,9.99,79320,51,0,0,0,0
01/07/2025,11:28:10,10.55,7.53,23.31,9.99,79320,51,0,0,0,0
01/07/2025,11:33:57,10.55,7.51,23.39,9.99,79211,51,0,0,0,0
01/07/2025,11:39:44,10.54,7.49,23.5,9.99,79320,51,0,0,0,0
01/07/2025,11:45:31,10.55,7.51,23.52,9.99,79537,51,0,0,0,0
01/07/2025,11:51:18,10.54,7.52,23.68,9.99,79645,51,0,0,0,0
01/07/2025,11:57:05,10.53,7.53,23.93,9.99,79103,51,0,0,0,0
01/07/2025,12:02:52,10.52,7.52,24.14,9.99,79103,51,0,0,0,0
01/07/2025,12:08:40,11.31,7.54,24.22,9.99,79428,51,0,0,0,0
01/07/2025,12:14:26,10.45,7.55,24.28,9.99,79645,51,0,0,0,0
01/07/2025,12:20:13,10.42,7.5,24.3,9.99,79645,51,0,0,0,0
01/07/2025,12:26:00,10.45,7.45,24.3,9.99,79320,51,0,0,0,0
01/07/2025,12:31:47,10.47,7.43,24.3,9.99,79537,51,0,0,0,0
01/07/2025,12:37:34,10.49,7.43,24.3,9.99,79537,51,0,0,0,0
01/07/2025,12:43:21,10.51,7.43,24.3,9.99,79537,51,0,0,0,0
01/07/2025,12:49:08,10.52,7.42,24.3,9.99,79537,51,0,0,0,0
01/07/2025,12:54:56,10.52,7.43,24.3,9.99,79537,51,0,0,0,0
01/07/2025,13:00:42,10.53,7.42,24.3,9.99,79537,51,0,0,0,0
01/07/2025,13:06:29,10.54,7.44,24.33,9.99,79211,51,0,0,0,0
01/07/2025,13:12:16,10.53,7.45,24.33,9.99,79211,51,0,0,0,0
01/07/2025,13:18:03,10.55,7.43,24.33,9.99,79211,51,0,0,0,0
01/07/2025,13:23:50,10.54,7.42,24.33,9.99,79211,51,0,0,0,0
01/07/2025,13:29:37,10.53,7.4,24.33,9.99,79537,51,0,0,0,0
01/07/2025,13:35:24,10.54,7.4,24.33,9.99,78994,51,0,0,0,0
01/07/2025,13:41:12,10.55,7.39,24.33,9.99,79537,51,0,0,0,0
01/07/2025,13:46:58,10.54,7.4,24.39,9.99,79103,51,0,0,0,0
01/07/2025,13:52:45,10.55,7.4,24.44,9.99,79103,51,0,0,0,0
01/07/2025,13:58:32,10.55,7.38,24.57,9.99,79103,51,0,0,0,0
01/07/2025,14:04:19,10.56,7.38,24.63,9.99,79103,51,0,0,0,0
01/07/2025,14:10:06,10.56,7.38,24.79,9.99,79537,51,0,0,0,0
01/07/2025,14:15:53,10.56,7.35,24.87,9.99,79645,51,0,0,0,0
01/07/2025,14:21:40,10.56,7.35,25.01,9.99,79103,51,0,0,0,0
01/07/2025,14:27:27,10.56,7.35,25.17,9.99,79645,51,0,0,0,0
01/07/2025,14:33:14,10.57,7.35,25.27,9.99,79103,51,0,0,0,0
01/07/2025,14:39:01,10.57,7.34,25.36,9.99,79645,51,0,0,0,0
01/07/2025,14:44:48,10.58,7.34,25.36,9.99,79645,51,0,0,0,0
01/07/2025,14:50:35,10.6,7.32,25.41,9.99,79537,51,0,0,0,0
01/07/2025,14:56:21,10.58,7.34,25.44,9.99,79537,51,0,0,0,0
01/07/2025,15:02:09,10.59,7.32,25.46,9.99,79645,51,0,0,0,0
01/07/2025,15:07:56,10.59,7.34,25.49,9.99,79537,51,0,0,0,0
01/07/2025,15:13:43,10.59,7.3,25.49,9.99,79645,51,0,0,0,0
01/07/2025,15:19:30,10.59,7.3,25.52,9.99,79537,51,0,0,0,0
01/07/2025,15:25:17,10.6,7.3,25.52,9.99,79103,51,0,0,0,0
01/07/2025,15:31:04,10.59,7.29,25.52,9.99,79645,51,0,0,0,0
01/07/2025,15:36:51,10.59,7.29,25.52,9.99,79211,51,0,0,0,0
01/07/2025,15:42:37,10.6,7.29,25.52,9.99,79211,51,0,0,0,0
01/07/2025,15:48:25,10.59,7.28,25.52,9.99,79103,51,0,0,0,0
01/07/2025,15:54:12,10.6,7.3,25.54,9.99,79211,51,0,0,0,0
01/07/2025,15:59:59,10.6,7.28,25.54,9.99,79103,51,0,0,0,0
01/07/2025,16:05:46,10.6,7.28,25.54,9.99,79645,51,0,0,0,0
01/07/2025,16:11:33,10.6,7.29,25.54,9.99,79103,51,0,0,0,0
01/07/2025,16:17:20,10.6,7.28,25.54,9.99,79645,51,0,0,0,0
01/07/2025,16:23:07,10.61,7.28,25.54,9.99,79103,51,0,0,0,0
01/07/2025,16:28:53,10.61,7.27,25.54,9.99,79537,51,0,0,0,0
01/07/2025,16:34:41,10.61,7.28,25.54,9.99,79645,51,0,0,0,0
01/07/2025,16:40:28,10.61,7.27,25.54,9.99,79103,51,0,0,0,0
01/07/2025,16:46:14,10.61,7.26,25.54,9.99,79103,51,0,0,0,0
01/07/2025,16:52:02,10.61,7.27,25.54,9.99,79103,51,0,0,0,0
01/07/2025,16:57:48,10.61,7.25,25.54,9.99,79103,51,0,0,0,0
01/07/2025,17:03:36,10.61,7.26,25.54,9.99,79211,51,0,0,0,0
01/07/2025,17:09:23,10.62,7.25,25.54,9.99,79537,51,0,0,0,0
01/07/2025,17:15:09,10.62,7.26,25.54,9.99,79103,51,0,0,0,0
01/07/2025,17:20:57,10.62,7.26,25.54,9.99,78994,51,0,0,0,0
01/07/2025,17:26:44,10.63,7.27,25.54,9.99,79320,51,0,0,0,0
01/07/2025,17:32:30,10.63,7.23,25.54,9.99,79645,51,0,0,0,0
01/07/2025,17:38:18,10.63,7.26,25.54,9.99,79537,51,0,0,0,0
01/07/2025,17:44:04,10.64,7.27,25.54,9.99,79537,51,0,0,0,0
01/07/2025,17:49:52,10.65,7.26,25.54,9.99,79103,51,0,0,0,0
01/07/2025,17:55:39,10.64,7.26,25.54,9.99,78777,51,0,0,0,0
01/07/2025,18:01:25,10.64,7.24,25.54,9.99,79211,51,0,0,0,0
01/07/2025,18:07:13,10.64,7.24,25.54,9.99,79211,51,0,0,0,0
01/07/2025,18:12:59,10.65,7.23,25.54,9.99,78994,51,0,0,0,0
01/07/2025,18:18:46,10.65,7.23,25.54,9.99,79320,51,0,0,0,0
01/07/2025,18:24:34,10.66,7.23,25.54,9.99,79537,51,0,0,0,0
01/07/2025,18:30:20,10.66,7.23,25.54,9.99,79537,51,0,0,0,0
01/07/2025,18:36:08,10.66,7.24,25.54,9.99,79320,51,0,0,0,0
01/07/2025,18:41:54,10.67,7.24,25.54,9.99,79211,51,0,0,0,0
01/07/2025,18:47:41,10.67,7.27,25.54,9.99,79537,51,0,0,0,0
01/07/2025,18:53:29,10.68,7.3,25.52,9.99,79537,51,0,0,0,0
01/07/2025,18:59:15,10.68,7.31,25.52,9.99,79211,51,0,0,0,0
01/07/2025,19:05:02,10.68,7.33,25.49,9.99,79211,51,0,0,0,0
01/07/2025,19:10:49,10.68,7.34,25.49,9.99,79537,51,0,0,0,0
01/07/2025,19:16:36,10.68,7.37,25.46,9.99,79537,51,0,0,0,0
01/07/2025,19:22:24,10.67,7.37,25.44,9.99,79320,51,0,0,0,0
01/07/2025,19:28:10,10.67,7.37,25.44,9.99,79428,51,0,0,0,0
01/07/2025,19:33:57,10.65,7.39,25.44,9.99,79211,51,0,0,0,0
01/07/2025,19:39:44,10.63,7.38,25.44,9.99,79320,51,0,0,0,0
01/07/2025,19:45:31,10.6,7.4,25.44,9.99,79103,51,0,0,0,0
01/07/2025,19:51:18,10.6,7.38,25.49,9.99,79537,51,0,0,0,0
01/07/2025,19:57:05,10.6,7.37,25.49,9.99,79537,51,0,0,0,0
01/07/2025,20:02:52,10.58,7.39,25.49,9.99,79211,51,0,0,0,0
01/07/2025,20:08:40,10.58,7.37,25.52,9.99,79537,51,0,0,0,0
01/07/2025,20:14:26,10.58,7.37,25.52,9.99,79428,51,0,0,0,0
01/07/2025,20:20:13,10.58,7.37,25.52,9.99,79537,51,0,0,0,0
01/07/2025,20:26:00,10.59,7.37,25.52,9.99,79645,51,0,0,0,0
01/07/2025,20:31:47,10.59,7.37,25.52,9.99,79211,51,0,0,0,0
01/07/2025,20:37:34,10.6,7.36,25.52,9.99,79428,51,0,0,0,0
01/07/2025,20:43:21,10.62,7.36,25.52,9.99,79537,51,0,0,0,0
01/07/2025,20:49:08,10.61,7.38,25.52,9.99,79211,51,0,0,0,0
01/07/2025,20:54:55,10.65,7.37,25.52,9.99,78994,51,0,0,0,0
01/07/2025,21:00:42,10.65,7.39,25.52,9.99,79537,51,0,0,0,0
01/07/2025,21:06:29,10.66,7.39,25.52,9.99,79103,51,0,0,0,0
01/07/2025,21:12:16,10.66,7.39,25.54,9.99,79103,51,0,0,0,0
01/07/2025,21:18:03,10.66,7.39,25.54,9.99,79537,51,0,0,0,0
01/07/2025,21:23:49,10.65,7.39,25.54,9.99,79645,51,0,0,0,0
01/07/2025,21:29:37,10.65,7.38,25.54,9.99,79537,51,0,0,0,0
01/07/2025,21:35:24,10.64,7.38,25.54,9.99,78994,51,0,0,0,0
01/07/2025,21:41:11,10.64,7.37,25.54,9.99,79211,51,0,0,0,0
01/07/2025,21:46:58,10.66,7.38,25.52,9.99,79211,51,0,0,0,0
01/07/2025,21:52:44,10.65,7.39,25.52,9.99,79645,51,0,0,0,0
01/07/2025,21:58:32,10.65,7.38,25.52,9.99,79537,51,0,0,0,0
01/07/2025,22:04:19,10.66,7.39,25.52,9.99,79645,51,0,0,0,0
01/07/2025,22:10:05,10.66,7.38,25.44,9.99,79645,51,0,0,0,0
01/07/2025,22:15:53,10.65,7.38,25.36,9.99,79537,51,0,0,0,0
01/07/2025,22:21:40,10.63,7.37,25.09,9.99,79645,51,0,0,0,0
01/07/2025,22:27:27,10.65,7.36,24.82,9.99,79645,51,0,0,0,0
01/07/2025,22:33:14,10.62,7.36,24.6,9.99,79537,51,0,0,0,0
01/07/2025,22:39:00,10.61,7.37,24.44,9.99,79645,51,0,0,0,0
01/07/2025,22:44:48,10.6,7.37,24.36,9.99,79645,51,0,0,0,0
01/07/2025,22:50:35,10.59,7.4,24.33,9.99,79537,51,0,0,0,0
01/07/2025,22:56:21,10.59,7.43,24.33,9.99,79537,51,0,0,0,0
01/07/2025,23:02:09,10.58,7.44,24.33,9.99,79537,51,0,0,0,0
01/07/2025,23:07:55,10.58,7.46,24.33,9.99,79645,51,0,0,0,0
01/07/2025,23:13:43,10.58,7.43,24.3,9.99,79645,51,0,0,0,0
01/07/2025,23:19:30,10.58,7.45,24.3,9.99,79320,51,0,0,0,0
01/07/2025,23:25:16,10.58,7.45,24.28,9.99,79320,51,0,0,0,0
01/07/2025,23:31:04,10.58,7.45,24.17,9.99,79645,51,0,0,0,0
01/07/2025,23:36:51,10.58,7.46,24.04,9.99,79645,51,0,0,0,0
01/07/2025,23:42:37,10.59,7.48,23.85,9.99,79537,51,0,0,0,0
01/07/2025,23:48:25,10.57,7.49,23.66,9.99,79428,51,0,0,0,0
01/07/2025,23:54:11,10.57,7.47,23.52,9.99,79428,51,0,0,0,0
01/07/2025,23:59:59,10.57,7.47,23.33,9.99,79537,51,0,0,0,0
02/07/2025,00:00:00,10.57,7.47,23.33,9.99,79645,51,0,0,0,0
02/07/2025,00:05:47,10.56,7.47,23.28,9.99,79645,51,0,0,0,0
02/07/2025,00:11:33,10.57,7.43,23.17,9.99,79645,51,0,0,0,0
02/07/2025,00:17:21,10.54,7.44,23.15,9.99,79537,51,0,0,0,0
02/07/2025,00:23:08,10.54,7.43,23.12,9.99,79537,51,0,0,0,0
02/07/2025,00:28:54,10.54,7.43,23.12,9.99,79537,51,0,0,0,0
02/07/2025,00:34:42,10.54,7.42,23.12,9.99,79645,51,0,0,0,0
02/07/2025,00:40:28,10.54,7.42,23.12,9.99,79428,51,0,0,0,0
02/07/2025,00:46:15,10.54,7.45,23.12,9.99,79537,51,0,0,0,0
02/07/2025,00:52:03,10.54,7.46,23.12,9.99,79428,51,0,0,0,0
02/07/2025,00:57:49,10.54,7.46,23.12,9.99,79645,51,0,0,0,0
02/07/2025,01:03:36,10.54,7.46,23.12,9.99,79645,51,0,0,0,0
02/07/2025,01:09:23,10.54,7.46,23.09,9.99,79645,51,0,0,0,0
02/07/2025,01:15:10,10.55,7.47,23.09,9.99,79537,51,0,0,0,0
02/07/2025,01:20:58,10.56,7.49,23.07,9.99,79537,51,0,0,0,0
02/07/2025,01:26:44,10.56,7.48,23.04,9.99,79537,51,0,0,0,0
02/07/2025,01:32:31,10.56,7.51,23.01,9.99,79645,51,0,0,0,0
02/07/2025,01:38:18,10.57,7.5,22.96,9.99,79537,51,0,0,0,0
02/07/2025,01:44:05,10.59,7.5,22.88,9.99,79645,51,0,0,0,0
02/07/2025,01:49:52,10.57,7.51,22.77,9.99,79428,51,0,0,0,0
02/07/2025,01:55:39,10.58,7.53,22.63,9.99,79537,51,0,0,0,0
02/07/2025,02:01:26,10.58,7.53,22.53,9.99,79428,51,0,0,0,0
02/07/2025,02:07:12,10.58,7.54,22.42,9.99,79428,51,0,0,0,0
02/07/2025,02:13:00,10.57,7.52,22.31,9.99,79645,51,0,0,0,0
02/07/2025,02:18:47,10.56,7.53,22.23,9.99,79537,51,0,0,0,0
02/07/2025,02:24:34,10.6,7.55,22.23,9.99,79645,51,0,0,0,0
02/07/2025,02:30:21,10.61,7.54,22.18,9.99,79428,51,0,0,0,0
02/07/2025,02:36:07,10.61,7.55,22.12,9.99,79645,51,0,0,0,0
02/07/2025,02:41:55,10.58,7.56,22.1,9.99,79645,51,0,0,0,0
02/07/2025,02:47:42,10.54,7.56,22.1,9.99,79537,51,0,0,0,0
02/07/2025,02:53:28,10.52,7.55,22.07,9.99,79645,51,0,0,0,0
02/07/2025,02:59:16,10.5,7.56,22.07,9.99,79537,51,0,0,0,0
02/07/2025,03:05:02,10.49,7.56,22.07,9.99,79537,51,0,0,0,0
02/07/2025,03:10:49,10.5,7.57,22.04,9.99,79537,51,0,0,0,0
02/07/2025,03:16:37,10.5,7.57,22.01,9.99,79645,51,0,0,0,0
02/07/2025,03:22:23,10.52,7.55,21.99,9.99,79645,51,0,0,0,0
02/07/2025,03:28:11,10.52,7.57,21.99,9.99,79645,51,0,0,0,0
02/07/2025,03:33:57,10.53,7.57,21.96,9.99,79320,51,0,0,0,0
02/07/2025,03:39:44,10.54,7.58,21.93,9.99,79645,51,0,0,0,0
02/07/2025,03:45:32,10.55,7.56,21.93,9.99,79645,51,0,0,0,0
02/07/2025,03:51:18,10.55,7.58,21.91,9.99,79645,51,0,0,0,0
02/07/2025,03:57:05,10.54,7.58,21.91,9.99,79537,51,0,0,0,0
02/07/2025,04:02:52,10.55,7.59,21.91,9.99,79645,51,0,0,0,0
02/07/2025,04:08:39,10.55,7.58,21.91,9.99,79537,51,0,0,0,0
02/07/2025,04:14:26,10.54,7.58,21.91,9.99,79645,51,0,0,0,0
02/07/2025,04:20:13,10.53,7.59,21.91,9.99,79645,51,0,0,0,0
02/07/2025,04:26:00,10.52,7.6,21.91,9.99,79645,51,0,0,0,0
02/07/2025,04:31:46,10.5,7.6,21.91,9.99,79645,51,0,0,0,0
02/07/2025,04:37:34,10.49,7.6,21.91,9.99,79645,51,0,0,0,0
02/07/2025,04:43:21,10.49,7.59,21.91,9.99,79537,51,0,0,0,0
02/07/2025,04:49:08,10.49,7.59,21.91,9.99,79537,51,0,0,0,0
02/07/2025,04:54:55,10.49,7.59,21.91,9.99,79537,51,0,0,0,0
02/07/2025,05:00:41,10.49,7.6,21.91,9.99,79645,51,0,0,0,0
02/07/2025,05:06:29,10.49,7.6,21.91,9.99,79537,51,0,0,0,0
02/07/2025,05:12:16,10.51,7.59,21.91,9.99,79537,51,0,0,0,0
02/07/2025,05:18:02,10.54,7.6,21.91,9.99,79645,51,0,0,0,0
02/07/2025,05:23:50,10.56,7.6,21.91,9.99,79537,51,0,0,0,0
02/07/2025,05:29:37,10.58,7.6,21.91,9.99,79645,51,0,0,0,0
02/07/2025,05:35:23,10.57,7.63,21.91,9.99,79537,51,0,0,0,0
02/07/2025,05:41:11,10.56,7.6,21.91,9.99,79537,51,0,0,0,0
02/07/2025,05:46:57,10.56,7.62,21.91,9.99,79645,51,0,0,0,0
02/07/2025,05:52:45,10.55,7.62,21.91,9.99,79537,51,0,0,0,0
02/07/2025,05:58:32,10.55,7.63,21.91,9.99,79645,51,0,0,0,0
02/07/2025,06:04:18,10.56,7.63,21.91,9.99,79428,51,0,0,0,0
02/07/2025,06:10:06,10.56,7.62,21.91,9.99,79645,51,0,0,0,0
02/07/2025,06:15:53,10.56,7.64,21.88,9.99,79320,51,0,0,0,0
02/07/2025,06:21:39,10.56,7.64,21.91,9.99,79320,51,0,0,0,0
02/07/2025,06:27:27,10.56,7.65,21.88,9.99,79645,51,0,0,0,0
02/07/2025,06:33:13,10.56,7.64,21.88,9.99,79428,51,0,0,0,0
02/07/2025,06:39:00,10.55,7.65,21.88,9.99,79537,51,0,0,0,0
02/07/2025,06:44:48,10.53,7.63,21.88,9.99,79320,51,0,0,0,0
02/07/2025,06:50:34,10.52,7.65,21.88,9.99,79428,51,0,0,0,0
02/07/2025,06:56:22,10.51,7.65,21.88,9.99,79645,51,0,0,0,0
02/07/2025,07:02:08,10.49,7.65,21.88,9.99,79754,51,0,0,0,0
02/07/2025,07:07:55,10.48,7.65,21.91,9.99,79645,51,0,0,0,0
02/07/2025,07:13:43,10.48,7.63,21.91,9.99,79428,51,0,0,0,0
02/07/2025,07:19:29,10.47,7.64,21.91,9.99,79645,51,0,0,0,0
02/07/2025,07:25:16,10.47,7.63,21.91,9.99,79645,51,0,0,0,0
02/07/2025,07:31:03,10.46,7.64,21.91,9.99,79645,51,0,0,0,0
02/07/2025,07:36:50,10.47,7.63,21.91,9.99,79645,51,0,0,0,0
02/07/2025,07:42:37,10.47,7.63,21.91,9.99,79537,51,0,0,0,0
02/07/2025,07:48:24,10.48,7.64,21.91,9.99,79537,51,0,0,0,0
02/07/2025,07:54:11,10.49,7.64,21.91,9.99,79645,51,0,0,0,0
02/07/2025,07:59:58,10.5,7.63,21.91,9.99,79428,51,0,0,0,0
02/07/2025,08:05:45,10.51,7.62,21.91,9.99,79537,51,0,0,0,0
02/07/2025,08:11:32,10.52,7.64,21.91,9.99,79537,51,0,0,0,0
02/07/2025,08:17:19,10.55,7.62,21.91,9.99,79320,51,0,0,0,0
02/07/2025,08:23:06,10.54,7.64,21.91,9.99,79537,51,0,0,0,0
02/07/2025,08:28:52,10.53,7.63,21.91,9.99,79428,51,0,0,0,0
02/07/2025,08:34:40,10.55,7.64,21.91,9.99,79320,51,0,0,0,0
02/07/2025,08:40:27,10.54,7.64,21.91,9.99,79645,51,0,0,0,0
02/07/2025,08:46:13,10.55,7.65,21.91,9.99,79537,51,0,0,0,0
02/07/2025,08:52:01,10.55,7.64,21.88,9.99,79537,51,0,0,0,0
02/07/2025,08:57:47,10.55,7.64,21.91,9.99,79645,51,0,0,0,0
02/07/2025,09:03:34,10.55,7.64,21.91,9.99,79645,51,0,0,0,0
02/07/2025,09:09:22,10.56,7.65,21.91,9.99,79537,51,0,0,0,0
02/07/2025,09:15:08,10.58,7.61,21.91,9.99,79537,51,0,0,0,0
02/07/2025,09:20:56,10.58,7.6,21.91,9.99,79645,51,0,0,0,0
02/07/2025,09:26:43,10.6,7.6,21.96,9.99,78994,51,0,0,0,0
02/07/2025,09:32:29,10.6,7.59,22.07,9.99,79537,51,0,0,0,0
02/07/2025,09:38:17,10.6,7.57,22.18,9.99,79537,51,0,0,0,0
02/07/2025,09:44:03,10.61,7.56,22.34,9.99,79211,51,0,0,0,0
02/07/2025,09:49:50,10.62,7.55,22.5,9.99,79320,51,0,0,0,0
02/07/2025,09:55:38,10.62,7.53,22.69,9.99,79537,51,0,0,0,0
02/07/2025,10:01:24,10.63,7.52,22.88,9.99,79537,51,0,0,0,0
02/07/2025,10:07:11,10.64,7.53,22.96,9.99,79211,51,0,0,0,0
02/07/2025,10:12:59,10.69,7.52,22.98,9.99,79211,51,0,0,0,0
02/07/2025,10:18:45,10.87,7.68,22.31,9.99,79320,51,0,0,0,0
02/07/2025,10:24:33,10.74,7.58,22.5,9.99,79537,51,0,0,0,0
02/07/2025,10:30:19,10.71,7.64,22.55,9.99,79537,51,0,0,0,0
02/07/2025,10:36:06,10.71,7.62,22.72,9.99,79537,51,0,0,0,0
02/07/2025,10:41:54,10.7,7.62,22.82,9.99,79537,51,0,0,0,0
02/07/2025,10:47:40,10.69,7.58,22.9,9.99,79320,51,0,0,0,0
02/07/2025,10:53:27,10.68,7.57,22.96,9.99,79645,51,0,0,0,0
02/07/2025,10:59:15,10.68,7.57,23.01,9.99,79320,51,0,0,0,0
02/07/2025,11:05:01,10.68,7.55,23.07,9.99,79320,51,0,0,0,0
02/07/2025,11:10:48,10.68,7.55,23.07,9.99,79537,51,0,0,0,0
02/07/2025,11:16:36,10.66,7.55,23.09,9.99,79211,51,0,0,0,0
02/07/2025,11:22:22,10.66,7.54,23.09,9.99,79537,51,0,0,0,0
02/07/2025,11:28:10,10.66,7.52,23.09,9.99,79537,51,0,0,0,0
02/07/2025,11:33:56,10.64,7.52,23.12,9.99,79211,51,0,0,0,0
02/07/2025,11:39:43,10.64,7.5,23.12,9.99,79645,51,0,0,0,0
02/07/2025,11:45:31,10.64,7.5,23.12,9.99,79537,51,0,0,0,0
02/07/2025,11:51:17,10.63,7.47,23.12,9.99,79645,51,0,0,0,0
02/07/2025,11:57:04,10.63,7.5,23.12,9.99,79211,51,0,0,0,0
02/07/2025,12:02:52,10.63,7.49,23.12,9.99,79645,51,0,0,0,0
02/07/2025,12:08:39,10.64,7.47,23.12,9.99,79428,51,0,0,0,0
02/07/2025,12:14:25,10.63,7.47,23.12,9.99,79320,51,0,0,0,0
02/07/2025,12:20:13,10.63,7.47,23.15,9.99,79211,51,0,0,0,0
02/07/2025,12:26:00,10.64,7.46,23.17,9.99,79320,51,0,0,0,0
02/07/2025,12:31:46,10.63,7.47,23.23,9.99,79320,51,0,0,0,0
02/07/2025,12:37:34,10.63,7.44,23.28,9.99,79320,51,0,0,0,0
02/07/2025,12:43:21,10.62,7.45,23.36,9.99,79211,51,0,0,0,0
02/07/2025,12:49:08,10.61,7.43,23.39,9.99,79320,51,0,0,0,0
02/07/2025,12:54:55,10.61,7.44,23.42,9.99,79211,51,0,0,0,0
02/07/2025,13:00:42,10.61,7.44,23.5,9.99,79537,51,0,0,0,0
02/07/2025,13:06:30,10.62,7.43,23.55,9.99,79645,51,0,0,0,0
02/07/2025,13:12:16,10.62,7.43,23.63,9.99,79645,51,0,0,0,0
02/07/2025,13:18:03,10.62,7.41,23.68,9.99,79428,51,0,0,0,0
02/07/2025,13:23:51,10.62,7.42,23.74,9.99,79537,51,0,0,0,0
02/07/2025,13:29:37,10.61,7.41,23.82,9.99,78994,51,0,0,0,0
02/07/2025,13:35:24,10.61,7.43,23.82,9.99,79211,51,0,0,0,0
02/07/2025,13:41:12,10.63,7.41,23.9,9.99,79645,51,0,0,0,0
02/07/2025,13:46:58,10.61,7.42,23.98,9.99,79211,51,0,0,0,0
02/07/2025,13:52:46,10.61,7.4,23.98,9.99,79645,51,0,0,0,0
02/07/2025,13:58:33,10.62,7.4,24.01,9.99,79320,51,0,0,0,0
02/07/2025,14:04:19,10.61,7.4,24.09,9.99,79320,51,0,0,0,0
02/07/2025,14:10:07,10.61,7.41,24.09,9.99,79211,51,0,0,0,0
02/07/2025,14:15:54,10.62,7.39,24.12,9.99,79211,51,0,0,0,0
02/07/2025,14:21:40,10.63,7.39,24.14,9.99,79645,51,0,0,0,0
02/07/2025,14:27:28,10.62,7.4,24.14,9.99,79320,51,0,0,0,0
02/07/2025,14:33:14,10.63,7.39,24.2,9.99,79537,51,0,0,0,0
02/07/2025,14:39:01,10.62,7.39,24.2,9.99,79645,51,0,0,0,0
02/07/2025,14:44:49,10.62,7.39,24.2,9.99,79211,51,0,0,0,0
02/07/2025,14:50:35,10.62,7.39,24.22,9.99,79645,51,0,0,0,0
02/07/2025,14:56:23,10.62,7.37,24.22,9.99,79537,51,0,0,0,0
02/07/2025,15:02:10,10.62,7.37,24.22,9.99,79428,51,0,0,0,0
02/07/2025,15:07:56,10.62,7.36,24.22,9.99,79537,51,0,0,0,0
02/07/2025,15:13:44,10.63,7.37,24.25,9.99,79320,51,0,0,0,0
02/07/2025,15:19:31,10.61,7.37,24.28,9.99,79428,51,0,0,0,0
02/07/2025,15:25:17,10.62,7.38,24.28,9.99,79211,51,0,0,0,0
02/07/2025,15:31:05,10.61,7.35,24.28,9.99,79645,51,0,0,0,0
02/07/2025,15:36:52,10.61,7.37,24.28,9.99,79537,51,0,0,0,0
02/07/2025,15:42:38,10.61,7.36,24.28,9.99,79320,51,0,0,0,0
02/07/2025,15:48:26,10.61,7.36,24.28,9.99,79537,51,0,0,0,0
02/07/2025,15:54:12,10.61,7.36,24.3,9.99,79645,51,0,0,0,0
02/07/2025,16:00:00,10.61,7.34,24.3,9.99,79320,51,0,0,0,0
02/07/2025,16:05:47,10.61,7.35,24.3,9.99,79211,51,0,0,0,0
02/07/2025,16:11:33,10.61,7.35,24.3,9.99,79645,51,0,0,0,0
02/07/2025,16:17:21,10.62,7.35,24.3,9.99,79645,51,0,0,0,0
02/07/2025,16:23:08,10.62,7.35,24.3,9.99,79645,51,0,0,0,0
02/07/2025,16:28:54,10.63,7.36,24.3,9.99,79320,51,0,0,0,0
02/07/2025,16:34:42,10.63,7.35,24.3,9.99,79320,51,0,0,0,0
02/07/2025,16:40:29,10.63,7.36,24.3,9.99,79211,51,0,0,0,0
02/07/2025,16:46:15,10.63,7.37,24.3,9.99,79537,51,0,0,0,0
02/07/2025,16:52:03,10.64,7.36,24.3,9.99,79211,51,0,0,0,0
02/07/2025,16:57:49,10.65,7.35,24.3,9.99,79211,51,0,0,0,0
02/07/2025,17:03:36,10.64,7.35,24.3,9.99,79537,51,0,0,0,0
02/07/2025,17:09:24,10.65,7.36,24.3,9.99,79428,51,0,0,0,0
02/07/2025,17:15:10,10.64,7.37,24.3,9.99,79645,51,0,0,0,0
02/07/2025,17:20:58,10.66,7.37,24.33,9.99,79211,51,0,0,0,0
02/07/2025,17:26:45,10.64,7.35,24.33,9.99,79428,51,0,0,0,0
02/07/2025,17:32:31,10.66,7.34,24.33,9.99,79320,51,0,0,0,0
02/07/2025,17:38:19,10.65,7.34,24.33,9.99,79320,51,0,0,0,0
02/07/2025,17:44:05,10.65,7.36,24.33,9.99,79537,51,0,0,0,0
02/07/2025,17:49:52,10.65,7.35,24.33,9.99,79211,51,0,0,0,0
02/07/2025,17:55:40,10.66,7.35,24.3,9.99,79537,51,0,0,0,0
02/07/2025,18:01:26,10.66,7.37,24.3,9.99,79211,51,0,0,0,0
02/07/2025,18:07:13,10.66,7.35,24.3,9.99,79320,51,0,0,0,0
02/07/2025,18:13:00,10.66,7.35,24.3,9.99,79320,51,0,0,0,0
02/07/2025,18:18:47,10.66,7.35,24.3,9.99,79320,51,0,0,0,0
02/07/2025,18:24:35,10.66,7.36,24.3,9.99,79645,51,0,0,0,0
02/07/2025,18:30:21,10.67,7.35,24.3,9.99,79645,51,0,0,0,0
02/07/2025,18:36:08,10.67,7.36,24.3,9.99,79320,51,0,0,0,0
02/07/2025,18:41:56,10.67,7.37,24.3,9.99,79537,51,0,0,0,0
02/07/2025,18:47:42,10.68,7.36,24.3,9.99,79320,51,0,0,0,0
02/07/2025,18:53:29,10.68,7.37,24.3,9.99,79320,51,0,0,0,0
02/07/2025,18:59:16,10.68,7.39,24.3,9.99,79645,51,0,0,0,0
02/07/2025,19:05:03,10.68,7.37,24.3,9.99,79103,51,0,0,0,0
02/07/2025,19:10:50,10.68,7.36,24.3,9.99,79645,51,0,0,0,0
02/07/2025,19:16:37,10.71,7.36,24.3,9.99,79211,51,0,0,0,0
02/07/2025,19:22:24,10.72,7.36,24.3,9.99,79320,51,0,0,0,0
02/07/2025,19:28:11,10.7,7.38,24.3,9.99,79320,51,0,0,0,0
02/07/2025,19:33:58,10.7,7.39,24.3,9.99,79320,51,0,0,0,0
02/07/2025,19:39:45,10.7,7.37,24.3,9.99,79211,51,0,0,0,0
02/07/2025,19:45:32,10.7,7.38,24.3,9.99,79320,51,0,0,0,0
02/07/2025,19:51:19,10.7,7.39,24.28,9.99,79320,51,0,0,0,0
02/07/2025,19:57:06,10.69,7.4,24.28,9.99,79320,51,0,0,0,0
02/07/2025,20:02:53,10.7,7.38,24.28,9.99,79320,51,0,0,0,0
02/07/2025,20:08:40,10.7,7.38,24.28,9.99,79211,51,0,0,0,0
02/07/2025,20:14:26,10.7,7.4,24.28,9.99,79645,51,0,0,0,0
02/07/2025,20:20:14,10.69,7.39,24.28,9.99,79537,51,0,0,0,0
02/07/2025,20:26:01,10.69,7.39,24.25,9.99,79320,51,0,0,0,0
02/07/2025,20:31:47,10.67,7.39,24.25,9.99,79645,51,0,0,0,0
02/07/2025,20:37:35,10.66,7.39,24.28,9.99,79320,51,0,0,0,0
02/07/2025,20:43:21,10.65,7.39,24.28,9.99,79320,51,0,0,0,0
02/07/2025,20:49:09,10.63,7.39,24.28,9.99,79320,51,0,0,0,0
02/07/2025,20:54:56,10.63,7.39,24.28,9.99,79211,51,0,0,0,0
02/07/2025,21:00:42,10.63,7.37,24.28,9.99,79320,51,0,0,0,0
02/07/2025,21:06:30,10.63,7.38,24.3,9.99,79645,51,0,0,0,0
02/07/2025,21:12:17,10.64,7.37,24.3,9.99,79645,51,0,0,0,0
02/07/2025,21:18:03,10.66,7.37,24.3,9.99,79320,51,0,0,0,0
02/07/2025,21:23:51,10.65,7.37,24.3,9.99,79211,51,0,0,0,0
02/07/2025,21:29:37,10.66,7.36,24.3,9.99,79320,51,0,0,0,0
02/07/2025,21:35:24,10.69,7.38,24.3,9.99,79320,51,0,0,0,0
02/07/2025,21:41:12,10.67,7.35,24.3,9.99,79320,51,0,0,0,0
02/07/2025,21:46:58,10.67,7.37,24.3,9.99,79537,51,0,0,0,0
02/07/2025,21:52:46,10.66,7.36,24.3,9.99,79320,51,0,0,0,0
02/07/2025,21:58:32,10.65,7.36,24.3,9.99,79537,51,0,0,0,0
02/07/2025,22:04:19,10.65,7.36,24.3,9.99,79645,51,0,0,0,0
02/07/2025,22:10:07,10.65,7.37,24.3,9.99,79537,51,0,0,0,0
02/07/2025,22:15:53,10.62,7.36,24.3,9.99,79537,51,0,0,0,0
02/07/2025,22:21:40,10.62,7.36,24.28,9.99,79537,51,0,0,0,0
02/07/2025,22:27:28,10.59,7.38,24.25,9.99,79537,51,0,0,0,0
02/07/2025,22:33:14,10.58,7.39,24.2,9.99,79537,51,0,0,0,0
02/07/2025,22:39:01,10.59,7.4,24.14,9.99,79645,51,0,0,0,0
02/07/2025,22:44:48,10.58,7.4,24.06,9.99,79537,51,0,0,0,0
02/07/2025,22:50:35,10.59,7.41,23.98,9.99,79537,51,0,0,0,0
02/07/2025,22:56:23,10.58,7.42,23.87,9.99,79537,51,0,0,0,0
02/07/2025,23:02:09,10.58,7.42,23.77,9.99,79537,51,0,0,0,0
02/07/2025,23:07:56,10.59,7.44,23.6,9.99,79645,51,0,0,0,0
02/07/2025,23:13:43,10.59,7.44,23.52,9.99,79537,51,0,0,0,0
02/07/2025,23:19:30,10.6,7.46,23.42,9.99,79537,51,0,0,0,0
02/07/2025,23:25:17,10.59,7.46,23.28,9.99,79428,51,0,0,0,0
02/07/2025,23:31:04,10.59,7.47,23.25,9.99,79645,51,0,0,0,0
02/07/2025,23:36:51,10.58,7.47,23.17,9.99,79537,51,0,0,0,0
02/07/2025,23:42:37,10.59,7.48,23.17,9.99,79428,51,0,0,0,0
02/07/2025,23:48:25,10.59,7.49,23.12,9.99,79537,51,0,0,0,0
02/07/2025,23:54:12,10.59,7.49,23.12,9.99,79537,51,0,0,0,0
02/07/2025,23:59:59,10.58,7.49,23.12,9.99,79645,51,0,0,0,0
03/07/2025,00:00:00,10.58,7.49,23.12,9.99,79537,51,0,0,0,0
03/07/2025,00:05:47,10.59,7.5,23.12,9.99,79537,51,0,0,0,0
03/07/2025,00:11:33,10.58,7.5,23.12,9.99,79645,51,0,0,0,0
03/07/2025,00:17:21,10.59,7.5,23.12,9.99,79645,51,0,0,0,0
03/07/2025,00:23:08,10.59,7.52,23.12,9.99,79537,51,0,0,0,0
03/07/2025,00:28:54,10.59,7.53,23.12,9.99,79645,51,0,0,0,0
03/07/2025,00:34:42,10.6,7.52,23.12,9.99,79537,51,0,0,0,0
03/07/2025,00:40:28,10.6,7.53,23.12,9.99,79645,51,0,0,0,0
03/07/2025,00:46:15,10.6,7.53,23.12,9.99,79537,51,0,0,0,0
03/07/2025,00:52:03,10.6,7.54,23.12,9.99,79537,51,0,0,0,0
03/07/2025,00:57:49,10.6,7.54,23.12,9.99,79537,51,0,0,0,0
03/07/2025,01:03:37,10.6,7.54,23.12,9.99,79645,51,0,0,0,0
03/07/2025,01:09:23,10.6,7.55,23.09,9.99,79645,51,0,0,0,0
03/07/2025,01:15:10,10.61,7.55,23.09,9.99,79645,51,0,0,0,0
03/07/2025,01:20:58,10.62,7.57,23.09,9.99,79645,51,0,0,0,0
03/07/2025,01:26:44,10.62,7.58,23.07,9.99,79645,51,0,0,0,0
03/07/2025,01:32:31,10.64,7.6,23.04,9.99,79537,51,0,0,0,0
03/07/2025,01:38:18,10.65,7.57,23.01,9.99,79537,51,0,0,0,0
03/07/2025,01:44:05,10.64,7.59,22.93,9.99,79537,51,0,0,0,0
03/07/2025,01:49:52,10.67,7.58,22.88,9.99,79645,51,0,0,0,0
03/07/2025,01:55:39,10.65,7.59,22.8,9.99,79645,51,0,0,0,0
03/07/2025,02:01:26,10.65,7.6,22.72,9.99,79645,51,0,0,0,0
03/07/2025,02:07:13,10.65,7.61,22.66,9.99,79645,51,0,0,0,0
03/07/2025,02:13:00,10.65,7.6,22.55,9.99,79645,51,0,0,0,0
03/07/2025,02:18:46,10.64,7.62,22.5,9.99,79537,51,0,0,0,0
03/07/2025,02:24:34,10.64,7.61,22.45,9.99,79645,51,0,0,0,0
03/07/2025,02:30:21,10.62,7.63,22.36,9.99,79428,51,0,0,0,0
03/07/2025,02:36:08,10.63,7.64,22.28,9.99,79645,51,0,0,0,0
03/07/2025,02:41:55,10.61,7.64,22.23,9.99,79537,51,0,0,0,0
03/07/2025,02:47:42,10.61,7.63,22.2,9.99,79645,51,0,0,0,0
03/07/2025,02:53:29,10.6,7.63,22.18,9.99,79645,51,0,0,0,0
03/07/2025,02:59:16,10.6,7.64,22.15,9.99,79645,51,0,0,0,0
03/07/2025,03:05:02,10.6,7.64,22.1,9.99,79645,51,0,0,0,0
03/07/2025,03:10:50,10.6,7.66,22.07,9.99,79537,51,0,0,0,0
03/07/2025,03:16:37,10.61,7.66,22.04,9.99,79645,51,0,0,0,0
03/07/2025,03:22:24,10.61,7.64,21.99,9.99,79537,51,0,0,0,0
03/07/2025,03:28:11,10.62,7.65,21.99,9.99,79537,51,0,0,0,0
03/07/2025,03:33:57,10.63,7.66,21.93,9.99,79645,51,0,0,0,0
03/07/2025,03:39:45,10.63,7.65,21.93,9.99,79537,51,0,0,0,0
03/07/2025,03:45:32,10.63,7.68,21.93,9.99,79645,51,0,0,0,0
03/07/2025,03:51:18,10.62,7.67,21.91,9.99,79537,51,0,0,0,0
03/07/2025,03:57:06,10.63,7.66,21.91,9.99,79537,51,0,0,0,0
03/07/2025,04:02:52,10.63,7.67,21.91,9.99,79645,51,0,0,0,0
03/07/2025,04:08:40,10.62,7.67,21.91,9.99,79645,51,0,0,0,0
03/07/2025,04:14:27,10.62,7.67,21.91,9.99,79645,51,0,0,0,0
03/07/2025,04:20:13,10.61,7.65,21.91,9.99,79537,51,0,0,0,0
03/07/2025,04:26:01,10.61,7.68,21.91,9.99,79537,51,0,0,0,0
03/07/2025,04:31:47,10.61,7.68,21.91,9.99,79645,51,0,0,0,0
03/07/2025,04:37:34,10.61,7.68,21.91,9.99,79537,51,0,0,0,0
03/07/2025,04:43:22,10.6,7.7,21.91,9.99,79645,51,0,0,0,0
03/07/2025,04:49:08,10.6,7.69,21.91,9.99,79645,51,0,0,0,0
03/07/2025,04:54:56,10.61,7.69,21.91,9.99,79537,51,0,0,0,0
03/07/2025,05:00:42,10.62,7.69,21.91,9.99,79645,51,0,0,0,0
03/07/2025,05:06:29,10.61,7.71,21.91,9.99,79645,51,0,0,0,0
03/07/2025,05:12:17,10.62,7.7,21.91,9.99,79537,51,0,0,0,0
03/07/2025,05:18:03,10.63,7.7,21.91,9.99,79537,51,0,0,0,0
03/07/2025,05:23:50,10.64,7.71,21.91,9.99,79537,51,0,0,0,0
03/07/2025,05:29:38,10.64,7.7,21.91,9.99,79537,51,0,0,0,0
03/07/2025,05:35:24,10.65,7.72,21.91,9.99,79645,51,0,0,0,0
03/07/2025,05:41:12,10.64,7.72,21.91,9.99,79537,51,0,0,0,0
03/07/2025,05:46:58,10.64,7.7,21.91,9.99,79537,51,0,0,0,0
03/07/2025,05:52:45,10.64,7.71,21.91,9.99,79645,51,0,0,0,0
03/07/2025,05:58:33,10.64,7.71,21.91,9.99,79537,51,0,0,0,0
03/07/2025,06:04:19,10.63,7.7,21.91,9.99,79537,51,0,0,0,0
03/07/2025,06:10:06,10.63,7.69,21.91,9.99,79754,51,0,0,0,0
03/07/2025,06:15:53,10.62,7.71,21.91,9.99,79428,51,0,0,0,0
03/07/2025,06:21:40,10.62,7.72,21.91,9.99,79645,51,0,0,0,0
03/07/2025,06:27:28,10.62,7.71,21.91,9.99,79645,51,0,0,0,0
03/07/2025,06:33:14,10.62,7.72,21.91,9.99,79537,51,0,0,0,0
03/07/2025,06:39:01,10.63,7.72,21.91,9.99,79428,51,0,0,0,0
03/07/2025,06:44:48,10.62,7.73,21.91,9.99,79537,51,0,0,0,0
03/07/2025,06:50:35,10.62,7.71,21.91,9.99,79645,51,0,0,0,0
03/07/2025,06:56:22,10.62,7.72,21.91,9.99,79645,51,0,0,0,0
03/07/2025,07:02:09,10.61,7.72,21.88,9.99,79645,51,0,0,0,0
03/07/2025,07:07:56,10.62,7.72,21.88,9.99,79645,51,0,0,0,0
03/07/2025,07:13:43,10.62,7.72,21.88,9.99,79428,51,0,0,0,0
03/07/2025,07:19:30,10.61,7.72,21.88,9.99,79645,51,0,0,0,0
03/07/2025,07:25:17,10.61,7.73,21.88,9.99,79537,51,0,0,0,0
03/07/2025,07:31:04,10.62,7.73,21.88,9.99,79645,51,0,0,0,0
03/07/2025,07:36:51,10.61,7.73,21.88,9.99,79537,51,0,0,0,0
03/07/2025,07:42:37,10.62,7.73,21.88,9.99,79645,51,0,0,0,0
03/07/2025,07:48:25,10.61,7.73,21.88,9.99,79645,51,0,0,0,0
03/07/2025,07:54:12,10.61,7.74,21.88,9.99,79428,51,0,0,0,0
03/07/2025,07:59:59,10.62,7.74,21.88,9.99,79645,51,0,0,0,0
03/07/2025,08:05:46,10.62,7.74,21.88,9.99,79320,51,0,0,0,0
03/07/2025,08:11:32,10.62,7.73,21.88,9.99,79645,51,0,0,0,0
03/07/2025,08:17:20,10.63,7.72,21.88,9.99,79428,51,0,0,0,0
03/07/2025,08:23:07,10.63,7.73,21.88,9.99,79537,51,0,0,0,0
03/07/2025,08:28:53,10.62,7.74,21.88,9.99,79537,51,0,0,0,0
03/07/2025,08:34:41,10.63,7.73,21.88,9.99,79537,51,0,0,0,0
03/07/2025,08:40:27,10.62,7.73,21.88,9.99,79428,51,0,0,0,0
03/07/2025,08:46:14,10.62,7.74,21.88,9.99,79537,51,0,0,0,0
03/07/2025,08:52:02,10.63,7.74,21.88,9.99,79645,51,0,0,0,0
03/07/2025,08:57:48,10.62,7.73,21.88,9.99,79537,51,0,0,0,0
03/07/2025,09:03:36,10.63,7.74,21.88,9.99,79537,51,0,0,0,0
03/07/2025,09:09:22,10.64,7.74,21.88,9.99,79645,51,0,0,0,0
03/07/2025,09:15:09,10.64,7.73,21.91,9.99,79537,51,0,0,0,0
03/07/2025,09:20:57,10.65,7.74,21.91,9.99,79537,51,0,0,0,0
03/07/2025,09:26:43,10.65,7.73,21.91,9.99,79320,51,0,0,0,0
03/07/2025,09:32:30,10.65,7.72,21.91,9.99,79428,51,0,0,0,0
03/07/2025,09:38:18,10.66,7.71,21.91,9.99,79320,51,0,0,0,0
03/07/2025,09:44:04,10.67,7.71,21.91,9.99,79645,51,0,0,0,0
03/07/2025,09:49:52,10.68,7.69,21.91,9.99,79320,51,0,0,0,0
03/07/2025,09:55:38,10.68,7.68,21.96,9.99,79537,51,0,0,0,0
03/07/2025,10:01:25,10.68,7.67,22.01,9.99,79320,51,0,0,0,0
03/07/2025,10:07:13,10.68,7.66,22.1,9.99,79645,51,0,0,0,0
03/07/2025,10:12:59,10.68,7.68,22.18,9.99,79428,51,0,0,0,0
03/07/2025,10:18:46,10.68,7.67,22.26,9.99,79320,51,0,0,0,0
03/07/2025,10:24:33,10.69,7.65,22.42,9.99,79211,51,0,0,0,0
03/07/2025,10:30:20,10.68,7.64,22.53,9.99,79320,51,0,0,0,0
03/07/2025,10:36:08,10.69,7.64,22.58,9.99,79537,51,0,0,0,0
03/07/2025,10:41:54,10.7,7.64,22.69,9.99,79645,51,0,0,0,0
03/07/2025,10:47:41,10.69,7.62,22.8,9.99,79537,51,0,0,0,0
03/07/2025,10:53:28,10.69,7.62,22.88,9.99,79428,51,0,0,0,0
03/07/2025,10:59:15,10.69,7.62,22.93,9.99,79320,51,0,0,0,0
03/07/2025,11:05:02,10.7,7.61,22.98,9.99,79320,51,0,0,0,0
03/07/2025,11:10:49,10.7,7.61,23.01,9.99,79320,51,0,0,0,0
03/07/2025,11:16:36,10.7,7.59,23.04,9.99,79320,51,0,0,0,0
03/07/2025,11:22:23,10.69,7.6,23.07,9.99,79428,51,0,0,0,0
03/07/2025,11:28:10,10.69,7.59,23.07,9.99,79320,51,0,0,0,0
03/07/2025,11:33:57,10.71,7.6,23.09,9.99,79645,51,0,0,0,0
03/07/2025,11:39:44,10.69,7.59,23.09,9.99,79320,51,0,0,0,0
03/07/2025,11:45:31,10.69,7.58,23.09,9.99,79645,51,0,0,0,0
03/07/2025,11:51:18,10.69,7.58,23.09,9.99,79320,51,0,0,0,0
03/07/2025,11:57:05,10.7,7.56,23.09,9.99,79320,51,0,0,0,0
03/07/2025,12:02:52,10.71,7.57,23.12,9.99,79645,51,0,0,0,0
03/07/2025,12:08:39,10.71,7.57,23.12,9.99,79537,51,0,0,0,0
03/07/2025,12:14:26,10.71,7.57,23.12,9.99,79320,51,0,0,0,0
03/07/2025,12:20:13,10.71,7.57,23.12,9.99,79645,51,0,0,0,0
03/07/2025,12:26:00,10.72,7.56,23.12,9.99,79320,51,0,0,0,0
03/07/2025,12:31:47,10.71,7.54,23.12,9.99,79320,51,0,0,0,0
03/07/2025,12:37:34,10.71,7.56,23.12,9.99,79320,51,0,0,0,0
03/07/2025,12:43:21,10.72,7.55,23.12,9.99,79320,51,0,0,0,0
03/07/2025,12:49:08,10.72,7.55,23.12,9.99,79320,51,0,0,0,0
03/07/2025,12:54:55,10.72,7.56,23.12,9.99,79537,51,0,0,0,0
03/07/2025,13:00:42,10.72,7.55,23.12,9.99,79537,51,0,0,0,0
03/07/2025,13:06:29,10.72,7.54,23.12,9.99,79320,51,0,0,0,0
03/07/2025,13:12:16,10.72,7.54,23.12,9.99,79320,51,0,0,0,0
03/07/2025,13:18:03,10.71,7.55,23.12,9.99,79537,51,0,0,0,0
03/07/2025,13:23:49,10.72,7.53,23.12,9.99,79428,51,0,0,0,0
03/07/2025,13:29:37,10.72,7.55,23.12,9.99,79645,51,0,0,0,0
03/07/2025,13:35:24,10.72,7.53,23.12,9.99,79320,51,0,0,0,0
03/07/2025,13:41:11,10.72,7.53,23.12,9.99,79428,51,0,0,0,0
03/07/2025,13:46:58,10.71,7.54,23.12,9.99,79537,51,0,0,0,0
03/07/2025,13:52:45,10.71,7.52,23.12,9.99,79320,51,0,0,0,0
03/07/2025,13:58:32,10.73,7.52,23.12,9.99,79103,51,0,0,0,0
03/07/2025,14:04:19,10.71,7.53,23.12,9.99,79537,51,0,0,0,0
03/07/2025,14:10:05,10.71,7.52,23.17,9.99,78994,51,0,0,0,0
03/07/2025,14:15:53,10.72,7.52,23.23,9.99,79537,51,0,0,0,0
03/07/2025,14:21:40,10.72,7.5,23.28,9.99,79211,51,0,0,0,0
03/07/2025,14:27:27,10.72,7.5,23.33,9.99,79320,51,0,0,0,0
03/07/2025,14:33:14,10.71,7.51,23.36,9.99,79537,51,0,0,0,0
03/07/2025,14:39:01,10.72,7.49,23.39,9.99,79537,51,0,0,0,0
03/07/2025,14:44:48,10.72,7.48,23.42,9.99,79645,51,0,0,0,0
03/07/2025,14:50:35,10.72,7.49,23.42,9.99,79645,51,0,0,0,0
03/07/2025,14:56:21,10.72,7.5,23.44,9.99,79645,51,0,0,0,0
03/07/2025,15:02:09,10.72,7.48,23.47,9.99,79320,51,0,0,0,0
03/07/2025,15:07:56,10.72,7.51,23.5,9.99,79320,51,0,0,0,0
03/07/2025,15:13:43,10.72,7.47,23.52,9.99,79428,51,0,0,0,0
03/07/2025,15:19:30,10.72,7.49,23.55,9.99,79211,51,0,0,0,0
03/07/2025,15:25:17,10.72,7.48,23.58,9.99,79645,51,0,0,0,0
03/07/2025,15:31:04,10.73,7.47,23.58,9.99,79428,51,0,0,0,0
03/07/2025,15:36:51,10.73,7.48,23.6,9.99,79320,51,0,0,0,0
03/07/2025,15:42:37,10.73,7.47,23.68,9.99,79645,51,0,0,0,0
03/07/2025,15:48:25,10.73,7.49,23.79,9.99,79103,51,0,0,0,0
03/07/2025,15:54:12,10.79,7.45,23.9,9.99,79645,25,0,0,0,0
03/07/2025,15:59:59,10.73,7.46,23.82,9.99,79537,25,0,0,0,0
03/07/2025,16:05:46,10.7,7.46,23.77,9.99,79211,25,0,0,0,0
03/07/2025,16:11:33,10.7,7.46,23.74,9.99,79645,25,0,0,0,0
03/07/2025,16:17:20,10.69,7.46,23.71,9.99,79320,25,0,0,0,0
03/07/2025,16:23:07,10.69,7.47,23.71,9.99,79537,25,0,0,0,0
03/07/2025,16:28:53,10.68,7.47,23.71,9.99,79537,25,0,0,0,0
03/07/2025,16:34:41,10.68,7.47,23.66,9.99,79537,25,0,0,0,0
03/07/2025,16:40:28,10.67,7.48,23.63,9.99,79537,25,0,0,0,0
03/07/2025,16:46:14,10.67,7.47,23.63,9.99,79537,25,0,0,0,0
03/07/2025,16:52:02,10.68,7.46,23.6,9.99,79537,25,0,0,0,0
03/07/2025,16:57:49,10.67,7.48,23.6,9.99,79645,25,0,0,0,0
03/07/2025,17:03:36,10.68,7.47,23.58,9.99,79645,25,0,0,0,0
03/07/2025,17:09:23,10.68,7.48,23.58,9.99,79103,25,0,0,0,0
03/07/2025,17:15:09,10.69,7.49,23.5,9.99,79645,25,0,0,0,0
03/07/2025,17:20:57,10.68,7.5,23.44,9.99,79211,25,0,0,0,0
03/07/2025,17:26:44,10.68,7.48,23.44,9.99,79645,25,0,0,0,0
03/07/2025,17:32:30,10.69,7.49,23.42,9.99,79211,25,0,0,0,0
03/07/2025,17:38:18,10.68,7.48,23.42,9.99,79537,25,0,0,0,0
03/07/2025,17:44:04,10.69,7.49,23.36,9.99,79645,25,0,0,0,0
03/07/2025,17:49:52,10.69,7.48,23.31,9.99,79645,25,0,0,0,0
03/07/2025,17:55:39,10.69,7.47,23.33,9.99,79537,25,0,0,0,0
03/07/2025,18:01:25,10.68,7.47,23.33,9.99,79537,25,0,0,0,0
03/07/2025,18:07:13,10.68,7.49,23.31,9.99,79103,25,0,0,0,0
03/07/2025,18:13:00,10.68,7.5,23.28,9.99,79211,25,0,0,0,0
03/07/2025,18:18:46,10.68,7.49,23.25,9.99,79645,25,0,0,0,0
03/07/2025,18:24:34,10.69,7.49,23.2,9.99,79537,25,0,0,0,0
03/07/2025,18:30:20,10.71,7.49,23.2,9.99,79645,25,0,0,0,0
03/07/2025,18:36:08,10.68,7.5,23.2,9.99,79537,25,0,0,0,0
03/07/2025,18:41:55,10.71,7.5,23.2,9.99,79211,25,0,0,0,0
03/07/2025,18:47:41,10.69,7.5,23.17,9.99,79103,25,0,0,0,0
03/07/2025,18:53:29,10.69,7.51,23.17,9.99,79537,25,0,0,0,0
03/07/2025,18:59:15,10.7,7.51,23.17,9.99,79537,25,0,0,0,0
03/07/2025,19:05:02,10.7,7.52,23.15,9.99,79103,25,0,0,0,0
03/07/2025,19:10:50,10.69,7.52,23.15,9.99,79537,25,0,0,0,0
03/07/2025,19:16:36,10.69,7.53,23.15,9.99,79537,25,0,0,0,0
03/07/2025,19:22:24,10.7,7.53,23.15,9.99,79537,25,0,0,0,0
03/07/2025,19:28:10,10.7,7.53,23.12,9.99,79645,25,0,0,0,0
03/07/2025,19:33:57,10.69,7.53,23.12,9.99,79645,25,0,0,0,0
03/07/2025,19:39:45,10.67,7.52,23.12,9.99,79645,25,0,0,0,0
03/07/2025,19:45:31,10.67,7.52,23.12,9.99,79645,25,0,0,0,0
03/07/2025,19:51:18,10.67,7.51,23.12,9.99,79103,25,0,0,0,0
03/07/2025,19:57:05,10.65,7.52,23.12,9.99,79645,25,0,0,0,0
03/07/2025,20:02:52,10.65,7.54,23.12,9.99,79211,25,0,0,0,0
03/07/2025,20:08:40,10.64,7.53,23.15,9.99,79645,25,0,0,0,0
03/07/2025,20:14:26,10.64,7.53,23.15,9.99,79537,25,0,0,0,0
03/07/2025,20:20:13,10.63,7.52,23.15,9.99,79645,25,0,0,0,0
03/07/2025,20:26:01,10.63,7.51,23.17,9.99,79103,25,0,0,0,0
03/07/2025,20:31:47,10.63,7.5,23.17,9.99,79537,25,0,0,0,0
03/07/2025,20:37:34,10.63,7.51,23.23,9.99,79537,25,0,0,0,0
03/07/2025,20:43:21,10.64,7.51,23.28,9.99,79320,25,0,0,0,0
03/07/2025,20:49:08,10.64,7.49,23.28,9.99,79211,25,0,0,0,0
03/07/2025,20:54:56,10.66,7.49,23.31,9.99,79537,25,0,0,0,0
03/07/2025,21:00:42,10.66,7.5,23.36,9.99,79537,25,0,0,0,0
03/07/2025,21:06:29,10.68,7.5,23.36,9.99,79103,25,0,0,0,0
03/07/2025,21:12:16,10.68,7.5,23.33,9.99,79320,25,0,0,0,0
03/07/2025,21:18:03,10.69,7.51,23.33,9.99,79645,25,0,0,0,0
03/07/2025,21:23:50,10.7,7.49,23.33,9.99,79645,25,0,0,0,0
03/07/2025,21:29:37,10.7,7.5,23.33,9.99,79103,25,0,0,0,0
03/07/2025,21:35:24,10.7,7.51,23.33,9.99,79211,25,0,0,0,0
03/07/2025,21:41:11,10.7,7.5,23.36,9.99,79211,25,0,0,0,0
03/07/2025,21:46:58,10.7,7.5,23.36,9.99,79103,25,0,0,0,0
03/07/2025,21:52:45,10.7,7.52,23.39,9.99,79103,25,0,0,0,0
03/07/2025,21:58:32,10.69,7.5,23.36,9.99,79537,25,0,0,0,0
03/07/2025,22:04:19,10.68,7.49,23.39,9.99,79645,25,0,0,0,0
03/07/2025,22:10:06,10.67,7.46,23.31,9.99,79537,25,0,0,0,0
03/07/2025,22:15:53,10.66,7.47,23.23,9.99,79428,25,0,0,0,0
03/07/2025,22:21:40,10.66,7.47,23.2,9.99,79645,25,0,0,0,0
03/07/2025,22:27:27,10.66,7.49,23.17,9.99,79537,25,0,0,0,0
03/07/2025,22:33:14,10.65,7.49,23.12,9.99,79645,25,0,0,0,0
03/07/2025,22:39:00,10.66,7.49,23.12,9.99,79645,25,0,0,0,0
03/07/2025,22:44:48,10.66,7.49,23.12,9.99,79645,25,0,0,0,0
03/07/2025,22:50:35,10.68,7.51,23.12,9.99,79645,25,0,0,0,0
03/07/2025,22:56:21,10.68,7.54,23.12,9.99,79645,25,0,0,0,0
03/07/2025,23:02:09,10.69,7.54,23.12,9.99,79645,25,0,0,0,0
03/07/2025,23:07:55,10.69,7.55,23.12,9.99,79645,25,0,0,0,0
03/07/2025,23:13:43,10.71,7.57,23.12,9.99,79645,25,0,0,0,0
03/07/2025,23:19:30,10.68,7.55,23.09,9.99,79537,25,0,0,0,0
03/07/2025,23:25:16,10.68,7.57,23.09,9.99,79537,25,0,0,0,0
03/07/2025,23:31:04,10.68,7.58,23.07,9.99,79645,25,0,0,0,0
03/07/2025,23:36:50,10.68,7.59,23.04,9.99,79537,25,0,0,0,0
03/07/2025,23:42:37,10.68,7.58,23.01,9.99,79537,25,0,0,0,0
03/07/2025,23:48:25,10.68,7.6,22.96,9.99,79645,25,0,0,0,0
03/07/2025,23:54:11,10.68,7.6,22.93,9.99,79645,25,0,0,0,0
03/07/2025,23:59:59,10.69,7.62,22.85,9.99,79537,25,0,0,0,0
04/07/2025,00:00:00,10.69,7.62,22.85,9.99,79537,25,0,0,0,0
04/07/2025,00:05:46,10.68,7.61,22.77,9.99,79645,25,0,0,0,0
04/07/2025,00:11:33,10.67,7.62,22.66,9.99,79645,25,0,0,0,0
04/07/2025,00:17:21,10.67,7.62,22.61,9.99,79537,25,0,0,0,0
04/07/2025,00:23:07,10.67,7.62,22.47,9.99,79645,25,0,0,0,0
04/07/2025,00:28:54,10.67,7.63,22.45,9.99,79428,25,0,0,0,0
04/07/2025,00:34:41,10.66,7.63,22.39,9.99,79537,25,0,0,0,0
04/07/2025,00:40:28,10.67,7.64,22.34,9.99,79645,25,0,0,0,0
04/07/2025,00:46:16,10.68,7.66,22.23,9.99,79645,25,0,0,0,0
04/07/2025,00:52:02,10.66,7.66,22.2,9.99,79645,25,0,0,0,0
04/07/2025,00:57:49,10.68,7.66,22.15,9.99,79537,25,0,0,0,0
04/07/2025,01:03:36,10.67,7.66,22.07,9.99,79320,25,0,0,0,0
04/07/2025,01:09:23,10.67,7.66,22.07,9.99,79645,25,0,0,0,0
04/07/2025,01:15:10,10.66,7.65,22.04,9.99,79537,25,0,0,0,0
04/07/2025,01:20:57,10.66,7.65,21.99,9.99,79645,25,0,0,0,0
04/07/2025,01:26:44,10.66,7.66,21.96,9.99,79537,25,0,0,0,0
04/07/2025,01:32:31,10.66,7.67,21.93,9.99,79645,25,0,0,0,0
04/07/2025,01:38:18,10.66,7.68,21.93,9.99,79645,25,0,0,0,0
04/07/2025,01:44:05,10.67,7.68,21.93,9.99,79645,25,0,0,0,0
04/07/2025,01:49:52,10.68,7.67,21.93,9.99,79537,25,0,0,0,0
04/07/2025,01:55:39,10.67,7.68,21.91,9.99,79537,25,0,0,0,0
04/07/2025,02:01:25,10.67,7.69,21.91,9.99,79537,25,0,0,0,0
04/07/2025,02:07:13,10.67,7.7,21.91,9.99,79645,25,0,0,0,0
04/07/2025,02:13:00,10.66,7.69,21.91,9.99,79645,25,0,0,0,0
04/07/2025,02:18:47,10.67,7.69,21.91,9.99,79645,25,0,0,0,0
04/07/2025,02:24:34,10.68,7.7,21.91,9.99,79537,25,0,0,0,0
04/07/2025,02:30:20,10.67,7.71,21.91,9.99,79645,25,0,0,0,0
04/07/2025,02:36:08,10.67,7.71,21.91,9.99,79645,25,0,0,0,0
04/07/2025,02:41:55,10.68,7.73,21.91,9.99,79537,25,0,0,0,0
04/07/2025,02:47:41,10.67,7.71,21.91,9.99,79645,25,0,0,0,0
04/07/2025,02:53:29,10.66,7.7,21.91,9.99,79320,25,0,0,0,0
04/07/2025,02:59:15,10.66,7.72,21.91,9.99,79537,25,0,0,0,0
04/07/2025,03:05:03,10.67,7.72,21.91,9.99,79645,25,0,0,0,0
04/07/2025,03:10:50,10.67,7.72,21.91,9.99,79428,25,0,0,0,0
04/07/2025,03:16:36,10.67,7.72,21.91,9.99,79537,25,0,0,0,0
04/07/2025,03:22:24,10.67,7.73,21.91,9.99,79537,25,0,0,0,0
04/07/2025,03:28:10,10.67,7.73,21.91,9.99,79645,25,0,0,0,0
04/07/2025,03:33:57,10.67,7.71,21.91,9.99,79645,25,0,0,0,0
04/07/2025,03:39:45,10.67,7.72,21.91,9.99,79645,25,0,0,0,0
04/07/2025,03:45:31,10.66,7.72,21.91,9.99,79320,25,0,0,0,0
04/07/2025,03:51:19,10.67,7.73,21.91,9.99,79645,25,0,0,0,0
04/07/2025,03:57:05,10.67,7.74,21.91,9.99,79537,25,0,0,0,0
04/07/2025,04:02:52,10.67,7.75,21.91,9.99,79645,25,0,0,0,0
04/07/2025,04:08:40,10.67,7.73,21.91,9.99,79645,25,0,0,0,0
04/07/2025,04:14:26,10.66,7.72,21.91,9.99,79645,25,0,0,0,0
04/07/2025,04:20:13,10.66,7.73,21.91,9.99,79537,25,0,0,0,0
04/07/2025,04:26:01,10.66,7.74,21.91,9.99,79537,25,0,0,0,0
04/07/2025,04:31:47,10.67,7.75,21.91,9.99,79537,25,0,0,0,0
04/07/2025,04:37:35,10.67,7.76,21.91,9.99,79537,25,0,0,0,0
04/07/2025,04:43:21,10.67,7.75,21.88,9.99,79537,25,0,0,0,0
04/07/2025,04:49:08,10.67,7.77,21.88,9.99,79645,25,0,0,0,0
04/07/2025,04:54:56,10.67,7.75,21.88,9.99,79428,25,0,0,0,0
04/07/2025,05:00:42,10.67,7.75,21.88,9.99,79645,25,0,0,0,0
04/07/2025,05:06:30,10.67,7.74,21.88,9.99,79645,25,0,0,0,0
04/07/2025,05:12:17,10.66,7.77,21.88,9.99,79645,25,0,0,0,0
04/07/2025,05:18:03,10.67,7.76,21.88,9.99,79537,25,0,0,0,0
04/07/2025,05:23:51,10.66,7.76,21.88,9.99,79537,25,0,0,0,0
04/07/2025,05:29:37,10.66,7.76,21.88,9.99,79645,25,0,0,0,0
04/07/2025,05:35:24,10.67,7.76,21.88,9.99,79645,25,0,0,0,0
04/07/2025,05:41:12,10.67,7.76,21.88,9.99,79645,25,0,0,0,0
04/07/2025,05:46:58,10.67,7.76,21.88,9.99,79537,25,0,0,0,0
04/07/2025,05:52:46,10.67,7.76,21.88,9.99,79645,25,0,0,0,0
04/07/2025,05:58:32,10.66,7.76,21.88,9.99,79537,25,0,0,0,0
04/07/2025,06:04:19,10.66,7.75,21.88,9.99,79537,25,0,0,0,0
04/07/2025,06:10:07,10.66,7.76,21.88,9.99,79645,25,0,0,0,0
04/07/2025,06:15:53,10.66,7.76,21.88,9.99,79645,25,0,0,0,0
04/07/2025,06:21:40,10.66,7.77,21.88,9.99,79428,25,0,0,0,0
04/07/2025,06:27:28,10.67,7.76,21.88,9.99,79645,25,0,0,0,0
04/07/2025,06:33:14,10.67,7.77,21.85,9.99,79428,25,0,0,0,0
04/07/2025,06:39:02,10.67,7.77,21.85,9.99,79537,25,0,0,0,0
04/07/2025,06:44:48,10.67,7.77,21.85,9.99,79645,25,0,0,0,0
04/07/2025,06:50:35,10.66,7.79,21.85,9.99,79537,25,0,0,0,0
04/07/2025,06:56:23,10.66,7.78,21.85,9.99,79537,25,0,0,0,0
04/07/2025,07:02:09,10.68,7.77,21.85,9.99,79537,25,0,0,0,0
04/07/2025,07:07:56,10.68,7.78,21.85,9.99,79537,25,0,0,0,0
04/07/2025,07:13:44,10.67,7.77,21.85,9.99,79320,25,0,0,0,0
04/07/2025,07:19:30,10.66,7.77,21.85,9.99,79537,25,0,0,0,0
04/07/2025,07:25:18,10.66,7.79,21.85,9.99,79537,25,0,0,0,0
04/07/2025,07:31:04,10.67,7.77,21.85,9.99,79645,25,0,0,0,0
04/07/2025,07:36:51,10.66,7.78,21.85,9.99,79645,25,0,0,0,0
04/07/2025,07:42:39,10.66,7.8,21.85,9.99,79645,25,0,0,0,0
04/07/2025,07:48:25,10.66,7.78,21.85,9.99,79645,25,0,0,0,0
04/07/2025,07:54:12,10.66,7.78,21.85,9.99,79537,25,0,0,0,0
04/07/2025,07:59:59,10.66,7.79,21.85,9.99,79537,25,0,0,0,0
04/07/2025,08:05:46,10.66,7.79,21.85,9.99,79645,25,0,0,0,0
04/07/2025,08:11:34,10.66,7.79,21.85,9.99,79645,25,0,0,0,0
04/07/2025,08:17:20,10.65,7.79,21.85,9.99,79645,25,0,0,0,0
04/07/2025,08:23:07,10.66,7.77,21.85,9.99,79537,25,0,0,0,0
04/07/2025,08:28:54,10.66,7.78,21.85,9.99,79645,25,0,0,0,0
04/07/2025,08:34:41,10.67,7.79,21.85,9.99,79645,25,0,0,0,0
04/07/2025,08:40:28,10.67,7.79,21.85,9.99,79537,25,0,0,0,0
04/07/2025,08:46:15,10.67,7.79,21.85,9.99,79320,25,0,0,0,0
04/07/2025,08:52:02,10.67,7.79,21.85,9.99,79537,25,0,0,0,0
04/07/2025,08:57:49,10.66,7.79,21.83,9.99,79645,25,0,0,0,0
04/07/2025,09:03:36,10.67,7.8,21.83,9.99,79537,25,0,0,0,0
04/07/2025,09:09:23,10.67,7.8,21.85,9.99,79428,25,0,0,0,0
04/07/2025,09:15:10,10.67,7.81,21.85,9.99,79537,25,0,0,0,0
04/07/2025,09:20:57,10.68,7.79,21.88,9.99,79428,25,0,0,0,0
04/07/2025,09:26:43,10.68,7.79,21.88,9.99,79103,25,0,0,0,0
04/07/2025,09:32:31,10.69,7.77,21.91,9.99,79537,25,0,0,0,0
04/07/2025,09:38:18,10.68,7.75,21.91,9.99,79645,25,0,0,0,0
04/07/2025,09:44:05,10.67,7.77,21.91,9.99,79645,25,0,0,0,0
04/07/2025,09:49:52,10.67,7.76,21.91,9.99,79320,25,0,0,0,0
04/07/2025,09:55:38,10.66,7.76,21.91,9.99,79645,25,0,0,0,0
04/07/2025,10:01:26,10.65,7.75,21.91,9.99,79645,25,0,0,0,0
04/07/2025,10:07:13,10.63,7.74,21.91,9.99,79537,25,0,0,0,0
04/07/2025,10:13:00,10.63,7.74,21.91,9.99,79428,25,0,0,0,0
04/07/2025,10:18:47,10.63,7.75,21.91,9.99,79537,25,0,0,0,0
04/07/2025,10:24:33,10.63,7.74,21.91,9.99,79428,25,0,0,0,0
04/07/2025,10:30:21,10.62,7.71,21.91,9.99,79428,25,0,0,0,0
04/07/2025,10:36:08,10.62,7.71,21.91,9.99,79428,25,0,0,0,0
04/07/2025,10:41:54,10.62,7.72,21.91,9.99,79645,25,0,0,0,0
04/07/2025,10:47:42,10.62,7.73,22.01,9.99,79537,25,0,0,0,0
04/07/2025,10:53:28,10.63,7.73,22.07,9.99,79645,25,0,0,0,0
04/07/2025,10:59:16,10.64,7.72,22.18,9.99,79645,25,0,0,0,0
04/07/2025,11:05:03,10.65,7.69,22.28,9.99,79537,25,0,0,0,0
04/07/2025,11:10:49,10.67,7.69,22.39,9.99,79211,25,0,0,0,0
04/07/2025,11:16:37,10.67,7.67,22.47,9.99,78886,25,0,0,0,0
04/07/2025,11:22:23,10.69,7.68,22.63,9.99,79103,25,0,0,0,0
04/07/2025,11:28:10,10.7,7.67,22.77,9.99,79320,25,0,0,0,0
04/07/2025,11:33:58,10.7,7.66,22.8,9.99,79645,25,0,0,0,0
04/07/2025,11:39:44,10.69,7.66,22.88,9.99,79211,25,0,0,0,0
04/07/2025,11:45:32,10.7,7.65,22.93,9.99,79211,25,0,0,0,0
04/07/2025,11:51:18,10.71,7.64,22.96,9.99,79428,25,0,0,0,0
04/07/2025,11:57:05,10.69,7.65,22.98,9.99,79537,25,0,0,0,0
04/07/2025,12:02:53,10.7,7.63,23.01,9.99,79537,25,0,0,0,0
04/07/2025,12:08:39,10.69,7.63,23.04,9.99,79645,25,0,0,0,0
04/07/2025,12:14:26,10.71,7.63,23.04,9.99,79537,25,0,0,0,0
04/07/2025,12:20:13,10.7,7.63,23.07,9.99,79211,25,0,0,0,0
04/07/2025,12:26:00,10.69,7.62,23.09,9.99,79645,25,0,0,0,0
04/07/2025,12:31:48,10.7,7.63,23.09,9.99,79645,25,0,0,0,0
04/07/2025,12:37:34,10.69,7.6,23.09,9.99,79211,25,0,0,0,0
04/07/2025,12:43:21,10.68,7.61,23.09,9.99,79537,25,0,0,0,0
04/07/2025,12:49:08,10.68,7.61,23.09,9.99,79645,25,0,0,0,0
04/07/2025,12:54:55,10.68,7.62,23.12,9.99,79537,25,0,0,0,0
04/07/2025,13:00:42,10.68,7.6,23.12,9.99,79103,25,0,0,0,0
04/07/2025,13:06:29,10.67,7.61,23.12,9.99,79537,25,0,0,0,0
04/07/2025,13:12:16,10.68,7.6,23.12,9.99,79537,25,0,0,0,0
04/07/2025,13:18:03,10.69,7.61,23.12,9.99,79537,25,0,0,0,0
04/07/2025,13:23:50,10.68,7.59,23.12,9.99,79537,25,0,0,0,0
04/07/2025,13:29:37,10.69,7.59,23.12,9.99,79103,25,0,0,0,0
04/07/2025,13:35:24,10.68,7.59,23.12,9.99,79320,25,0,0,0,0
04/07/2025,13:41:11,10.69,7.6,23.12,9.99,79645,25,0,0,0,0
04/07/2025,13:46:58,10.69,7.58,23.12,9.99,79103,25,0,0,0,0
04/07/2025,13:52:45,10.68,7.58,23.12,9.99,79428,25,0,0,0,0
04/07/2025,13:58:32,10.7,7.57,23.12,9.99,79103,25,0,0,0,0
04/07/2025,14:04:19,10.68,7.56,23.12,9.99,79537,25,0,0,0,0
04/07/2025,14:10:06,10.69,7.56,23.12,9.99,79537,25,0,0,0,0
04/07/2025,14:15:53,10.69,7.57,23.12,9.99,79537,25,0,0,0,0
04/07/2025,14:21:40,10.69,7.55,23.12,9.99,79537,25,0,0,0,0
04/07/2025,14:27:27,10.68,7.56,23.12,9.99,79537,25,0,0,0,0
04/07/2025,14:33:14,10.68,7.57,23.12,9.99,79645,25,0,0,0,0
04/07/2025,14:39:01,10.68,7.56,23.12,9.99,79537,25,0,0,0,0
04/07/2025,14:44:48,10.68,7.57,23.12,9.99,79645,25,0,0,0,0
04/07/2025,14:50:35,10.68,7.57,23.12,9.99,79537,25,0,0,0,0
04/07/2025,14:56:22,10.68,7.55,23.15,9.99,79645,25,0,0,0,0
04/07/2025,15:02:08,10.69,7.54,23.15,9.99,79537,25,0,0,0,0
04/07/2025,15:07:56,10.69,7.55,23.15,9.99,79211,25,0,0,0,0
04/07/2025,15:13:43,10.69,7.55,23.15,9.99,79645,25,0,0,0,0
04/07/2025,15:19:30,10.68,7.55,23.15,9.99,79645,25,0,0,0,0
04/07/2025,15:25:17,10.68,7.54,23.15,9.99,79211,25,0,0,0,0
04/07/2025,15:31:03,10.68,7.54,23.15,9.99,79428,25,0,0,0,0
04/07/2025,15:36:51,10.68,7.53,23.17,9.99,79645,25,0,0,0,0
04/07/2025,15:42:38,10.68,7.54,23.17,9.99,79537,25,0,0,0,0
04/07/2025,15:48:24,10.68,7.54,23.17,9.99,79428,25,0,0,0,0
04/07/2025,15:54:12,10.68,7.53,23.17,9.99,79320,25,0,0,0,0
04/07/2025,15:59:59,10.69,7.54,23.17,9.99,79537,25,0,0,0,0
04/07/2025,16:05:46,10.68,7.54,23.17,9.99,79537,25,0,0,0,0
04/07/2025,16:11:33,10.69,7.53,23.17,9.99,79211,25,0,0,0,0
04/07/2025,16:17:19,10.69,7.53,23.17,9.99,78994,25,0,0,0,0
04/07/2025,16:23:07,10.69,7.54,23.17,9.99,79537,25,0,0,0,0
04/07/2025,16:28:54,10.69,7.54,23.2,9.99,79320,25,0,0,0,0
04/07/2025,16:34:40,10.7,7.53,23.23,9.99,79537,25,0,0,0,0
04/07/2025,16:40:28,10.69,7.53,23.23,9.99,79645,25,0,0,0,0
04/07/2025,16:46:14,10.68,7.53,23.23,9.99,79211,25,0,0,0,0
04/07/2025,16:52:02,10.69,7.53,23.23,9.99,79645,25,0,0,0,0
04/07/2025,16:57:49,10.68,7.54,23.25,9.99,79537,25,0,0,0,0
04/07/2025,17:03:35,10.68,7.55,23.25,9.99,79537,25,0,0,0,0
04/07/2025,17:09:23,10.68,7.55,23.28,9.99,79103,25,0,0,0,0
04/07/2025,17:15:09,10.69,7.53,23.28,9.99,79645,25,0,0,0,0
04/07/2025,17:20:56,10.68,7.53,23.28,9.99,79103,25,0,0,0,0
04/07/2025,17:26:44,10.68,7.52,23.31,9.99,79537,25,0,0,0,0
04/07/2025,17:32:30,10.68,7.53,23.33,9.99,79103,25,0,0,0,0
04/07/2025,17:38:18,10.68,7.52,23.36,9.99,79428,25,0,0,0,0
04/07/2025,17:44:05,10.67,7.52,23.39,9.99,78994,25,0,0,0,0
04/07/2025,17:49:51,10.68,7.51,23.42,9.99,79537,25,0,0,0,0
04/07/2025,17:55:39,10.68,7.52,23.42,9.99,79537,25,0,0,0,0
04/07/2025,18:01:26,10.68,7.51,23.42,9.99,79537,25,0,0,0,0
04/07/2025,18:07:12,10.68,7.51,23.42,9.99,79428,25,0,0,0,0
04/07/2025,18:13:00,10.68,7.51,23.42,9.99,79645,25,0,0,0,0
04/07/2025,18:18:46,10.69,7.53,23.44,9.99,79537,25,0,0,0,0
04/07/2025,18:24:34,10.69,7.52,23.47,9.99,79645,25,0,0,0,0
04/07/2025,18:30:21,10.68,7.53,23.42,9.99,79645,25,0,0,0,0
04/07/2025,18:36:07,10.68,7.52,23.42,9.99,79103,25,0,0,0,0
04/07/2025,18:41:55,10.68,7.52,23.44,9.99,79537,25,0,0,0,0
04/07/2025,18:47:41,10.69,7.52,23.47,9.99,79103,25,0,0,0,0
04/07/2025,18:53:28,10.69,7.51,23.5,9.99,79645,25,0,0,0,0
04/07/2025,18:59:16,10.69,7.52,23.5,9.99,79211,25,0,0,0,0
04/07/2025,19:05:02,10.69,7.52,23.47,9.99,79428,25,0,0,0,0
04/07/2025,19:10:50,10.69,7.53,23.47,9.99,79537,25,0,0,0,0
04/07/2025,19:16:36,10.69,7.54,23.44,9.99,79428,25,0,0,0,0
04/07/2025,19:22:23,10.69,7.52,23.44,9.99,79428,25,0,0,0,0
04/07/2025,19:28:11,10.68,7.52,23.44,9.99,79537,25,0,0,0,0
04/07/2025,19:33:57,10.69,7.51,23.44,9.99,79537,25,0,0,0,0
04/07/2025,19:39:45,10.69,7.52,23.44,9.99,79103,25,0,0,0,0
04/07/2025,19:45:31,10.69,7.53,23.44,9.99,79645,25,0,0,0,0
04/07/2025,19:51:18,10.69,7.52,23.42,9.99,79537,25,0,0,0,0
04/07/2025,19:57:06,10.69,7.52,23.39,9.99,79645,25,0,0,0,0
04/07/2025,20:02:52,10.69,7.53,23.36,9.99,79103,25,0,0,0,0
04/07/2025,20:08:39,10.68,7.53,23.36,9.99,79537,25,0,0,0,0
04/07/2025,20:14:26,10.69,7.53,23.36,9.99,79537,25,0,0,0,0
04/07/2025,20:20:13,10.69,7.55,23.36,9.99,79537,25,0,0,0,0
04/07/2025,20:26:01,10.69,7.53,23.36,9.99,79428,25,0,0,0,0
04/07/2025,20:31:47,10.69,7.53,23.33,9.99,78994,25,0,0,0,0
04/07/2025,20:37:34,10.7,7.54,23.33,9.99,79537,25,0,0,0,0
04/07/2025,20:43:21,10.7,7.54,23.36,9.99,79645,25,0,0,0,0
04/07/2025,20:49:08,10.7,7.54,23.36,9.99,79537,25,0,0,0,0
04/07/2025,20:54:55,10.68,7.55,23.36,9.99,79537,25,0,0,0,0
04/07/2025,21:00:42,10.68,7.54,23.33,9.99,79211,25,0,0,0,0
04/07/2025,21:06:29,10.68,7.56,23.31,9.99,79537,25,0,0,0,0
04/07/2025,21:12:16,10.68,7.55,23.31,9.99,79103,25,0,0,0,0
04/07/2025,21:18:03,10.68,7.52,23.28,9.99,79645,25,0,0,0,0
04/07/2025,21:23:50,10.7,7.54,23.28,9.99,79103,25,0,0,0,0
04/07/2025,21:29:37,10.68,7.54,23.28,9.99,79537,25,0,0,0,0
04/07/2025,21:35:24,10.69,7.55,23.28,9.99,79537,25,0,0,0,0
04/07/2025,21:41:10,10.7,7.55,23.25,9.99,79645,25,0,0,0,0
04/07/2025,21:46:58,10.7,7.55,23.28,9.99,79645,25,0,0,0,0
04/07/2025,21:52:45,10.69,7.54,23.31,9.99,79103,25,0,0,0,0
04/07/2025,21:58:32,10.68,7.54,23.33,9.99,79645,25,0,0,0,0
04/07/2025,22:04:19,10.66,7.53,23.31,9.99,79537,25,0,0,0,0
04/07/2025,22:10:05,10.65,7.5,23.28,9.99,79645,25,0,0,0,0
04/07/2025,22:15:53,10.65,7.51,23.2,9.99,79320,25,0,0,0,0
04/07/2025,22:21:40,10.66,7.52,23.15,9.99,79211,25,0,0,0,0
04/07/2025,22:27:26,10.64,7.51,23.15,9.99,79645,25,0,0,0,0
04/07/2025,22:33:14,10.63,7.53,23.12,9.99,79537,25,0,0,0,0
04/07/2025,22:39:00,10.64,7.53,23.12,9.99,79537,25,0,0,0,0
04/07/2025,22:44:48,10.64,7.53,23.12,9.99,79537,25,0,0,0,0
04/07/2025,22:50:35,10.65,7.54,23.12,9.99,79537,25,0,0,0,0
04/07/2025,22:56:21,10.64,7.54,23.12,9.99,79645,25,0,0,0,0
04/07/2025,23:02:09,10.65,7.57,23.12,9.99,79537,25,0,0,0,0
04/07/2025,23:07:55,10.65,7.58,23.12,9.99,79645,25,0,0,0,0
04/07/2025,23:13:42,10.65,7.59,23.12,9.99,79537,25,0,0,0,0
04/07/2025,23:19:30,10.66,7.56,23.12,9.99,79537,25,0,0,0,0
04/07/2025,23:25:16,10.66,7.58,23.12,9.99,79645,25,0,0,0,0
04/07/2025,23:31:04,10.66,7.6,23.09,9.99,79211,25,0,0,0,0
04/07/2025,23:36:50,10.66,7.6,23.09,9.99,79320,25,0,0,0,0
04/07/2025,23:42:37,10.67,7.6,23.09,9.99,79537,25,0,0,0,0
04/07/2025,23:48:25,10.67,7.61,23.09,9.99,79645,25,0,0,0,0
04/07/2025,23:54:11,10.66,7.61,23.07,9.99,79645,25,0,0,0,0
04/07/2025,23:59:59,10.66,7.61,23.04,9.99,79645,25,0,0,0,0
05/07/2025,00:00:00,10.66,7.61,23.04,9.99,79645,25,0,0,0,0
05/07/2025,00:05:46,10.66,7.61,23.01,9.99,79645,25,0,0,0,0
05/07/2025,00:11:33,10.66,7.63,22.98,9.99,79645,25,0,0,0,0
05/07/2025,00:17:21,10.66,7.61,22.93,9.99,79537,25,0,0,0,0
05/07/2025,00:23:07,10.66,7.63,22.88,9.99,79645,25,0,0,0,0
05/07/2025,00:28:54,10.66,7.63,22.85,9.99,79428,25,0,0,0,0
05/07/2025,00:34:41,10.66,7.64,22.77,9.99,79645,25,0,0,0,0
05/07/2025,00:40:28,10.66,7.66,22.72,9.99,79537,25,0,0,0,0
05/07/2025,00:46:16,10.66,7.65,22.63,9.99,79645,25,0,0,0,0
05/07/2025,00:52:02,10.65,7.66,22.55,9.99,79428,25,0,0,0,0
05/07/2025,00:57:49,10.65,7.67,22.45,9.99,79537,25,0,0,0,0
05/07/2025,01:03:37,10.65,7.68,22.34,9.99,79645,25,0,0,0,0
05/07/2025,01:09:23,10.65,7.66,22.34,9.99,79320,25,0,0,0,0
05/07/2025,01:15:10,10.65,7.68,22.2,9.99,79537,25,0,0,0,0
05/07/2025,01:20:57,10.65,7.69,22.15,9.99,79537,25,0,0,0,0
05/07/2025,01:26:44,10.66,7.7,22.1,9.99,79537,25,0,0,0,0
05/07/2025,01:32:32,10.67,7.69,22.01,9.99,79645,25,0,0,0,0
05/07/2025,01:38:18,10.66,7.7,21.96,9.99,79537,25,0,0,0,0
05/07/2025,01:44:05,10.66,7.71,21.96,9.99,79754,25,0,0,0,0
05/07/2025,01:49:52,10.66,7.71,21.91,9.99,79645,25,0,0,0,0
05/07/2025,01:55:39,10.65,7.71,21.91,9.99,79645,25,0,0,0,0
05/07/2025,02:01:26,10.65,7.71,21.91,9.99,79645,25,0,0,0,0
05/07/2025,02:07:13,10.64,7.71,21.91,9.99,79537,25,0,0,0,0
05/07/2025,02:13:00,10.63,7.71,21.91,9.99,79645,25,0,0,0,0
05/07/2025,02:18:47,10.63,7.73,21.91,9.99,79537,25,0,0,0,0
05/07/2025,02:24:34,10.66,7.73,21.91,9.99,79537,25,0,0,0,0
05/07/2025,02:30:21,10.65,7.71,21.91,9.99,79537,25,0,0,0,0
05/07/2025,02:36:08,10.63,7.71,21.91,9.99,79645,25,0,0,0,0
05/07/2025,02:41:55,10.62,7.72,21.91,9.99,79645,25,0,0,0,0
05/07/2025,02:47:41,10.61,7.72,21.91,9.99,79537,25,0,0,0,0
05/07/2025,02:53:29,10.61,7.72,21.91,9.99,79645,25,0,0,0,0
05/07/2025,02:59:16,10.62,7.72,21.91,9.99,79537,25,0,0,0,0
05/07/2025,03:05:03,10.62,7.72,21.91,9.99,79537,25,0,0,0,0
05/07/2025,03:10:50,10.63,7.71,21.91,9.99,79537,25,0,0,0,0
05/07/2025,03:16:36,10.65,7.7,21.91,9.99,79645,25,0,0,0,0
05/07/2025,03:22:24,10.65,7.7,21.91,9.99,79537,25,0,0,0,0
05/07/2025,03:28:11,10.65,7.71,21.91,9.99,79645,25,0,0,0,0
05/07/2025,03:33:57,10.66,7.7,21.91,9.99,79645,25,0,0,0,0
05/07/2025,03:39:45,10.65,7.7,21.91,9.99,79754,25,0,0,0,0
05/07/2025,03:45:31,10.66,7.72,21.91,9.99,79537,25,0,0,0,0
05/07/2025,03:51:19,10.66,7.7,21.91,9.99,79645,25,0,0,0,0
05/07/2025,03:57:06,10.66,7.71,21.91,9.99,79645,25,0,0,0,0
05/07/2025,04:02:52,10.67,7.72,21.91,9.99,79537,25,0,0,0,0
05/07/2025,04:08:40,10.67,7.72,21.91,9.99,79537,25,0,0,0,0
05/07/2025,04:14:26,10.67,7.72,21.91,9.99,79645,25,0,0,0,0
05/07/2025,04:20:13,10.66,7.73,21.91,9.99,79645,25,0,0,0,0
05/07/2025,04:26:01,10.67,7.72,21.91,9.99,79645,25,0,0,0,0
05/07/2025,04:31:47,10.67,7.73,21.91,9.99,79428,25,0,0,0,0
05/07/2025,04:37:35,10.68,7.74,21.91,9.99,79320,25,0,0,0,0
05/07/2025,04:43:21,10.67,7.74,21.91,9.99,79537,25,0,0,0,0
05/07/2025,04:49:08,10.66,7.74,21.91,9.99,79645,25,0,0,0,0
05/07/2025,04:54:56,10.67,7.73,21.91,9.99,79537,25,0,0,0,0
05/07/2025,05:00:42,10.66,7.73,21.91,9.99,79428,25,0,0,0,0
05/07/2025,05:06:30,10.66,7.75,21.91,9.99,79645,25,0,0,0,0
05/07/2025,05:12:17,10.66,7.75,21.91,9.99,79537,25,0,0,0,0
05/07/2025,05:18:03,10.67,7.75,21.91,9.99,79537,25,0,0,0,0
05/07/2025,05:23:51,10.66,7.76,21.91,9.99,79645,25,0,0,0,0
05/07/2025,05:29:37,10.67,7.77,21.91,9.99,79645,25,0,0,0,0
05/07/2025,05:35:24,10.66,7.75,21.91,9.99,79645,25,0,0,0,0
05/07/2025,05:41:12,10.67,7.75,21.91,9.99,79645,25,0,0,0,0
05/07/2025,05:46:58,10.67,7.75,21.91,9.99,79645,25,0,0,0,0
05/07/2025,05:52:46,10.67,7.76,21.91,9.99,79645,25,0,0,0,0
05/07/2025,05:58:32,10.67,7.75,21.91,9.99,79537,25,0,0,0,0
05/07/2025,06:04:19,10.67,7.76,21.91,9.99,79645,25,0,0,0,0
05/07/2025,06:10:07,10.67,7.78,21.91,9.99,79537,25,0,0,0,0
05/07/2025,06:15:53,10.67,7.76,21.91,9.99,79537,25,0,0,0,0
05/07/2025,06:21:40,10.67,7.78,21.91,9.99,79320,25,0,0,0,0
05/07/2025,06:27:27,10.67,7.77,21.91,9.99,79537,25,0,0,0,0
05/07/2025,06:33:14,10.66,7.76,21.91,9.99,79645,25,0,0,0,0
05/07/2025,06:39:02,10.66,7.76,21.91,9.99,79537,25,0,0,0,0
05/07/2025,06:44:48,10.67,7.78,21.88,9.99,79537,25,0,0,0,0
05/07/2025,06:50:35,10.66,7.78,21.88,9.99,79645,25,0,0,0,0
05/07/2025,06:56:23,10.66,7.77,21.88,9.99,79428,25,0,0,0,0
05/07/2025,07:02:09,10.66,7.77,21.88,9.99,79537,25,0,0,0,0
05/07/2025,07:07:56,10.66,7.78,21.88,9.99,79537,25,0,0,0,0
05/07/2025,07:13:43,10.66,7.78,21.88,9.99,79645,25,0,0,0,0
05/07/2025,07:19:30,10.65,7.79,21.88,9.99,79537,25,0,0,0,0
05/07/2025,07:25:18,10.65,7.77,21.88,9.99,79537,25,0,0,0,0
05/07/2025,07:31:04,10.65,7.78,21.88,9.99,79537,25,0,0,0,0
05/07/2025,07:36:51,10.65,7.78,21.88,9.99,79537,25,0,0,0,0
05/07/2025,07:42:38,10.65,7.79,21.88,9.99,79645,25,0,0,0,0
05/07/2025,07:48:25,10.65,7.79,21.88,9.99,79645,25,0,0,0,0
05/07/2025,07:54:12,10.65,7.78,21.88,9.99,79537,25,0,0,0,0
05/07/2025,07:59:59,10.65,7.79,21.88,9.99,79320,25,0,0,0,0
05/07/2025,08:05:46,10.65,7.8,21.88,9.99,79537,25,0,0,0,0
05/07/2025,08:11:33,10.64,7.79,21.88,9.99,79537,25,0,0,0,0
05/07/2025,08:17:20,10.64,7.79,21.88,9.99,79537,25,0,0,0,0
05/07/2025,08:23:07,10.64,7.79,21.88,9.99,79645,25,0,0,0,0
05/07/2025,08:28:54,10.64,7.79,21.88,9.99,79645,25,0,0,0,0
05/07/2025,08:34:41,10.65,7.78,21.88,9.99,79428,25,0,0,0,0
05/07/2025,08:40:28,10.65,7.8,21.88,9.99,79645,25,0,0,0,0
05/07/2025,08:46:15,10.65,7.78,21.88,9.99,79537,25,0,0,0,0
05/07/2025,08:52:02,10.65,7.78,21.88,9.99,79645,25,0,0,0,0
05/07/2025,08:57:49,10.65,7.8,21.88,9.99,79537,25,0,0,0,0
05/07/2025,09:03:36,10.66,7.79,21.85,9.99,79320,25,0,0,0,0
05/07/2025,09:09:23,10.67,7.82,21.85,9.99,79320,25,0,0,0,0
05/07/2025,09:15:10,10.67,7.83,21.88,9.99,79537,25,0,0,0,0
05/07/2025,09:20:57,10.67,7.82,21.88,9.99,79537,25,0,0,0,0
05/07/2025,09:26:43,10.66,7.81,21.88,9.99,79645,25,0,0,0,0
05/07/2025,09:32:31,10.66,7.84,21.91,9.99,79537,25,0,0,0,0
05/07/2025,09:38:17,10.65,7.81,21.91,9.99,79320,25,0,0,0,0
05/07/2025,09:44:05,10.65,7.8,21.91,9.99,79211,25,0,0,0,0
05/07/2025,09:49:52,10.65,7.78,21.91,9.99,79645,25,0,0,0,0
05/07/2025,09:55:38,10.65,7.77,21.91,9.99,79645,25,0,0,0,0
05/07/2025,10:01:26,10.64,7.76,21.91,9.99,79211,25,0,0,0,0
05/07/2025,10:07:12,10.63,7.76,21.93,9.99,79645,25,0,0,0,0
05/07/2025,10:13:00,10.63,7.74,22.01,9.99,79537,25,0,0,0,0
05/07/2025,10:18:47,10.62,7.75,22.15,9.99,79537,25,0,0,0,0
05/07/2025,10:24:33,10.62,7.72,22.23,9.99,79645,25,0,0,0,0
05/07/2025,10:30:21,10.63,7.72,22.31,9.99,79645,25,0,0,0,0
05/07/2025,10:36:07,10.63,7.72,22.47,9.99,79645,25,0,0,0,0
05/07/2025,10:41:54,10.63,7.7,22.61,9.99,79537,25,0,0,0,0
05/07/2025,10:47:42,10.64,7.7,22.69,9.99,79103,25,0,0,0,0
05/07/2025,10:53:28,10.65,7.69,22.77,9.99,79211,25,0,0,0,0
05/07/2025,10:59:16,10.66,7.68,22.82,9.99,79537,25,0,0,0,0
05/07/2025,11:05:02,10.67,7.68,22.88,9.99,79428,25,0,0,0,0
05/07/2025,11:10:49,10.67,7.67,22.93,9.99,79645,25,0,0,0,0
05/07/2025,11:16:37,10.68,7.67,22.98,9.99,79211,25,0,0,0,0
05/07/2025,11:22:23,10.68,7.68,23.01,9.99,79537,25,0,0,0,0
05/07/2025,11:28:10,10.67,7.65,23.04,9.99,79537,25,0,0,0,0
05/07/2025,11:33:57,10.67,7.67,23.04,9.99,79645,25,0,0,0,0
05/07/2025,11:39:44,10.68,7.65,23.07,9.99,79645,25,0,0,0,0
05/07/2025,11:45:32,10.68,7.65,23.09,9.99,79537,25,0,0,0,0
05/07/2025,11:51:18,10.67,7.63,23.09,9.99,79537,25,0,0,0,0
05/07/2025,11:57:05,10.67,7.62,23.09,9.99,79537,25,0,0,0,0
05/07/2025,12:02:53,10.67,7.62,23.09,9.99,79645,25,0,0,0,0
05/07/2025,12:08:39,10.66,7.62,23.09,9.99,79211,25,0,0,0,0
05/07/2025,12:14:26,10.66,7.63,23.09,9.99,79645,25,0,0,0,0
05/07/2025,12:20:13,10.66,7.61,23.12,9.99,79537,25,0,0,0,0
05/07/2025,12:26:00,10.66,7.62,23.12,9.99,79537,25,0,0,0,0
05/07/2025,12:31:48,10.66,7.63,23.12,9.99,79320,25,0,0,0,0
05/07/2025,12:37:34,10.67,7.61,23.12,9.99,79645,25,0,0,0,0
05/07/2025,12:43:21,10.66,7.62,23.12,9.99,79645,25,0,0,0,0
05/07/2025,12:49:08,10.67,7.61,23.12,9.99,79537,25,0,0,0,0
05/07/2025,12:54:55,10.67,7.61,23.12,9.99,79320,25,0,0,0,0
05/07/2025,13:00:42,10.67,7.61,23.12,9.99,79645,25,0,0,0,0
05/07/2025,13:06:29,10.67,7.61,23.12,9.99,79537,25,0,0,0,0
05/07/2025,13:12:16,10.67,7.61,23.12,9.99,79211,25,0,0,0,0
05/07/2025,13:18:03,10.67,7.58,23.12,9.99,79320,25,0,0,0,0
05/07/2025,13:23:50,10.67,7.6,23.12,9.99,79537,25,0,0,0,0
05/07/2025,13:29:37,10.67,7.59,23.12,9.99,79645,25,0,0,0,0
05/07/2025,13:35:24,10.67,7.59,23.12,9.99,79103,25,0,0,0,0
05/07/2025,13:41:11,10.68,7.6,23.12,9.99,79645,25,0,0,0,0
05/07/2025,13:46:57,10.68,7.58,23.12,9.99,79211,25,0,0,0,0
05/07/2025,13:52:45,10.67,7.59,23.12,9.99,79211,25,0,0,0,0
05/07/2025,13:58:32,10.67,7.59,23.12,9.99,79537,25,0,0,0,0
05/07/2025,14:04:19,10.66,7.59,23.12,9.99,79103,25,0,0,0,0
05/07/2025,14:10:06,10.67,7.61,23.12,9.99,79537,25,0,0,0,0
05/07/2025,14:15:52,10.66,7.59,23.12,9.99,79537,25,0,0,0,0
05/07/2025,14:21:40,10.66,7.58,23.12,9.99,79537,25,0,0,0,0
05/07/2025,14:27:27,10.67,7.58,23.12,9.99,79320,25,0,0,0,0
05/07/2025,14:33:14,10.66,7.59,23.12,9.99,79211,25,0,0,0,0
05/07/2025,14:39:01,10.67,7.59,23.12,9.99,79645,25,0,0,0,0
05/07/2025,14:44:47,10.67,7.6,23.12,9.99,79645,25,0,0,0,0
05/07/2025,14:50:35,10.66,7.58,23.12,9.99,79211,25,0,0,0,0
05/07/2025,14:56:22,10.67,7.56,23.12,9.99,79645,25,0,0,0,0
05/07/2025,15:02:08,10.67,7.59,23.12,9.99,79103,25,0,0,0,0
05/07/2025,15:07:56,10.68,7.59,23.12,9.99,79211,25,0,0,0,0
05/07/2025,15:13:42,10.68,7.57,23.12,9.99,79645,25,0,0,0,0
05/07/2025,15:19:30,10.68,7.58,23.12,9.99,79537,25,0,0,0,0
05/07/2025,15:25:17,10.68,7.58,23.12,9.99,79211,25,0,0,0,0
05/07/2025,15:31:03,10.68,7.59,23.12,9.99,79537,25,0,0,0,0
05/07/2025,15:36:51,10.68,7.58,23.12,9.99,79320,25,0,0,0,0
05/07/2025,15:42:38,10.68,7.6,23.12,9.99,79537,25,0,0,0,0
05/07/2025,15:48:24,10.67,7.59,23.12,9.99,79211,25,0,0,0,0
05/07/2025,15:54:12,10.67,7.59,23.12,9.99,79537,25,0,0,0,0
05/07/2025,15:59:58,10.67,7.59,23.12,9.99,79645,25,0,0,0,0
05/07/2025,16:05:46,10.67,7.59,23.12,9.99,79211,25,0,0,0,0
05/07/2025,16:11:33,10.67,7.61,23.12,9.99,79537,25,0,0,0,0
05/07/2025,16:17:19,10.66,7.59,23.12,9.99,79320,25,0,0,0,0
05/07/2025,16:23:07,10.67,7.59,23.12,9.99,79645,25,0,0,0,0
05/07/2025,16:28:53,10.68,7.58,23.12,9.99,79537,25,0,0,0,0
05/07/2025,16:34:40,10.68,7.6,23.12,9.99,79645,25,0,0,0,0
05/07/2025,16:40:28,10.68,7.6,23.12,9.99,79537,25,0,0,0,0
05/07/2025,16:46:14,10.68,7.61,23.12,9.99,78886,25,0,0,0,0
05/07/2025,16:52:02,10.68,7.6,23.12,9.99,79645,25,0,0,0,0
05/07/2025,16:57:48,10.68,7.6,23.12,9.99,79537,25,0,0,0,0
05/07/2025,17:03:35,10.68,7.58,23.12,9.99,79537,25,0,0,0,0
05/07/2025,17:09:23,10.68,7.6,23.12,9.99,79537,25,0,0,0,0
05/07/2025,17:15:09,10.68,7.58,23.12,9.99,79537,25,0,0,0,0
05/07/2025,17:20:56,10.68,7.6,23.12,9.99,79211,25,0,0,0,0
05/07/2025,17:26:43,10.69,7.58,23.12,9.99,79645,25,0,0,0,0
05/07/2025,17:32:30,10.68,7.59,23.12,9.99,79211,25,0,0,0,0
05/07/2025,17:38:18,10.69,7.6,23.12,9.99,79211,25,0,0,0,0
05/07/2025,17:44:04,10.69,7.6,23.12,9.99,79645,25,0,0,0,0
05/07/2025,17:49:51,10.69,7.59,23.12,9.99,79320,25,0,0,0,0
05/07/2025,17:55:39,10.69,7.6,23.12,9.99,79537,25,0,0,0,0
05/07/2025,18:01:25,10.69,7.6,23.12,9.99,79320,25,0,0,0,0
05/07/2025,18:07:12,10.68,7.59,23.12,9.99,79645,25,0,0,0,0
05/07/2025,18:12:59,10.68,7.6,23.12,9.99,79428,25,0,0,0,0
05/07/2025,18:18:46,10.69,7.6,23.12,9.99,79645,25,0,0,0,0
05/07/2025,18:24:34,10.69,7.6,23.12,9.99,79537,25,0,0,0,0
05/07/2025,18:30:20,10.69,7.61,23.12,9.99,79537,25,0,0,0,0
05/07/2025,18:36:07,10.69,7.61,23.12,9.99,79645,25,0,0,0,0
05/07/2025,18:41:55,10.69,7.6,23.12,9.99,79537,25,0,0,0,0
05/07/2025,18:47:41,10.69,7.59,23.12,9.99,79320,25,0,0,0,0
05/07/2025,18:53:28,10.68,7.6,23.12,9.99,79537,25,0,0,0,0
05/07/2025,18:59:15,10.68,7.61,23.12,9.99,79537,25,0,0,0,0
05/07/2025,19:05:02,10.69,7.62,23.12,9.99,79211,25,0,0,0,0
05/07/2025,19:10:50,10.68,7.6,23.12,9.99,79645,25,0,0,0,0
05/07/2025,19:16:36,10.69,7.61,23.12,9.99,79320,25,0,0,0,0
05/07/2025,19:22:23,10.68,7.6,23.12,9.99,79645,25,0,0,0,0
05/07/2025,19:28:10,10.68,7.6,23.12,9.99,79211,25,0,0,0,0
05/07/2025,19:33:57,10.68,7.6,23.12,9.99,79537,25,0,0,0,0
05/07/2025,19:39:45,10.69,7.6,23.12,9.99,79103,25,0,0,0,0
05/07/2025,19:45:31,10.69,7.6,23.12,9.99,78994,25,0,0,0,0
05/07/2025,19:51:18,10.69,7.6,23.12,9.99,79537,25,0,0,0,0
05/07/2025,19:57:05,10.69,7.61,23.12,9.99,79645,25,0,0,0,0
05/07/2025,20:02:52,10.69,7.59,23.12,9.99,79211,25,0,0,0,0
05/07/2025,20:08:39,10.68,7.61,23.12,9.99,79645,25,0,0,0,0
05/07/2025,20:14:26,10.68,7.59,23.12,9.99,79103,25,0,0,0,0
05/07/2025,20:20:13,10.69,7.6,23.12,9.99,79428,25,0,0,0,0
05/07/2025,20:26:01,10.69,7.59,23.12,9.99,79537,25,0,0,0,0
05/07/2025,20:31:47,10.7,7.61,23.12,9.99,79320,25,0,0,0,0
05/07/2025,20:37:34,10.71,7.6,23.12,9.99,79320,25,0,0,0,0
05/07/2025,20:43:21,10.7,7.58,23.12,9.99,79320,25,0,0,0,0
05/07/2025,20:49:08,10.69,7.6,23.12,9.99,79320,25,0,0,0,0
05/07/2025,20:54:55,10.69,7.6,23.12,9.99,79320,25,0,0,0,0
05/07/2025,21:00:42,10.69,7.61,23.12,9.99,79537,25,0,0,0,0
05/07/2025,21:06:29,10.69,7.6,23.12,9.99,79211,25,0,0,0,0
05/07/2025,21:12:17,10.69,7.6,23.12,9.99,79320,25,0,0,0,0
05/07/2025,21:18:03,10.69,7.62,23.12,9.99,79645,25,0,0,0,0
05/07/2025,21:23:50,10.7,7.6,23.12,9.99,79537,25,0,0,0,0
05/07/2025,21:29:37,10.69,7.6,23.12,9.99,79211,25,0,0,0,0
05/07/2025,21:35:24,10.69,7.63,23.12,9.99,79645,25,0,0,0,0
05/07/2025,21:41:11,10.68,7.61,23.12,9.99,79537,25,0,0,0,0
05/07/2025,21:46:58,10.7,7.62,23.12,9.99,79211,25,0,0,0,0
05/07/2025,21:52:45,10.71,7.59,23.12,9.99,79645,25,0,0,0,0
05/07/2025,21:58:33,10.69,7.61,23.12,9.99,79320,25,0,0,0,0
05/07/2025,22:04:19,10.66,7.58,23.12,9.99,79537,25,0,0,0,0
05/07/2025,22:10:06,10.67,7.55,23.12,9.99,79645,25,0,0,0,0
05/07/2025,22:15:53,10.65,7.56,23.12,9.99,79645,25,0,0,0,0
05/07/2025,22:21:40,10.64,7.56,23.12,9.99,79428,25,0,0,0,0
05/07/2025,22:27:27,10.63,7.56,23.12,9.99,79645,25,0,0,0,0
05/07/2025,22:33:14,10.62,7.58,23.12,9.99,79645,25,0,0,0,0
05/07/2025,22:39:01,10.62,7.57,23.12,9.99,79428,25,0,0,0,0
05/07/2025,22:44:48,10.61,7.57,23.12,9.99,79645,25,0,0,0,0
05/07/2025,22:50:35,10.61,7.57,23.12,9.99,79645,25,0,0,0,0
05/07/2025,22:56:22,10.61,7.58,23.12,9.99,79537,25,0,0,0,0
05/07/2025,23:02:09,10.61,7.59,23.12,9.99,79645,25,0,0,0,0
05/07/2025,23:07:56,10.61,7.57,23.09,9.99,79537,25,0,0,0,0
05/07/2025,23:13:42,10.61,7.59,23.09,9.99,79537,25,0,0,0,0
05/07/2025,23:19:30,10.61,7.58,23.09,9.99,79645,25,0,0,0,0
05/07/2025,23:25:17,10.6,7.59,23.09,9.99,79645,25,0,0,0,0
05/07/2025,23:31:04,10.6,7.58,23.09,9.99,79537,25,0,0,0,0
05/07/2025,23:36:51,10.6,7.59,23.09,9.99,79645,25,0,0,0,0
05/07/2025,23:42:37,10.59,7.59,23.09,9.99,79537,25,0,0,0,0
05/07/2025,23:48:25,10.6,7.59,23.09,9.99,79537,25,0,0,0,0
05/07/2025,23:54:12,10.63,7.58,23.09,9.99,79645,25,0,0,0,0
05/07/2025,23:59:59,10.64,7.58,23.09,9.99,79537,25,0,0,0,0
06/07/2025,00:00:00,10.64,7.58,23.09,9.99,79645,25,0,0,0,0
06/07/2025,00:05:47,10.63,7.59,23.09,9.99,79537,25,0,0,0,0
06/07/2025,00:11:34,10.64,7.58,23.09,9.99,79645,25,0,0,0,0
06/07/2025,00:17:21,10.65,7.58,23.09,9.99,79645,25,0,0,0,0
06/07/2025,00:23:08,10.65,7.59,23.09,9.99,79645,25,0,0,0,0
06/07/2025,00:28:54,10.66,7.58,23.07,9.99,79428,25,0,0,0,0
06/07/2025,00:34:42,10.64,7.59,23.07,9.99,79645,25,0,0,0,0
06/07/2025,00:40:29,10.64,7.58,23.07,9.99,79645,25,0,0,0,0
06/07/2025,00:46:15,10.62,7.58,23.07,9.99,79428,25,0,0,0,0
06/07/2025,00:52:03,10.62,7.6,23.07,9.99,79645,25,0,0,0,0
06/07/2025,00:57:49,10.61,7.57,23.07,9.99,79537,25,0,0,0,0
06/07/2025,01:03:37,10.61,7.61,23.04,9.99,79537,25,0,0,0,0
06/07/2025,01:09:24,10.6,7.6,23.04,9.99,79428,25,0,0,0,0
06/07/2025,01:15:10,10.6,7.59,23.04,9.99,79645,25,0,0,0,0
06/07/2025,01:20:58,10.6,7.59,23.01,9.99,79537,25,0,0,0,0
06/07/2025,01:26:44,10.62,7.6,22.98,9.99,79645,25,0,0,0,0
06/07/2025,01:32:31,10.62,7.6,22.96,9.99,79537,25,0,0,0,0
06/07/2025,01:38:19,10.64,7.61,22.93,9.99,79645,25,0,0,0,0
06/07/2025,01:44:05,10.64,7.61,22.88,9.99,79537,25,0,0,0,0
06/07/2025,01:49:53,10.65,7.62,22.82,9.99,79645,25,0,0,0,0
06/07/2025,01:55:39,10.64,7.62,22.72,9.99,79645,25,0,0,0,0
06/07/2025,02:01:26,10.64,7.64,22.63,9.99,79645,25,0,0,0,0
06/07/2025,02:07:14,10.64,7.64,22.58,9.99,79645,25,0,0,0,0
06/07/2025,02:13:00,10.63,7.65,22.53,9.99,79645,25,0,0,0,0
06/07/2025,02:18:47,10.63,7.65,22.42,9.99,79537,25,0,0,0,0
06/07/2025,02:24:35,10.63,7.67,22.31,9.99,79645,25,0,0,0,0
06/07/2025,02:30:21,10.63,7.64,22.2,9.99,79537,25,0,0,0,0
06/07/2025,02:36:09,10.63,7.66,22.18,9.99,79211,25,0,0,0,0
06/07/2025,02:41:55,10.65,7.66,22.07,9.99,79645,25,0,0,0,0
06/07/2025,02:47:42,10.63,7.65,22.04,9.99,79645,25,0,0,0,0
06/07/2025,02:53:30,10.62,7.67,21.99,9.99,79645,25,0,0,0,0
06/07/2025,02:59:16,10.62,7.68,21.96,9.99,79645,25,0,0,0,0
06/07/2025,03:05:03,10.63,7.7,21.96,9.99,79428,25,0,0,0,0
06/07/2025,03:10:50,10.62,7.68,21.91,9.99,79428,25,0,0,0,0
06/07/2025,03:16:37,10.62,7.7,21.91,9.99,79645,25,0,0,0,0
06/07/2025,03:22:25,10.62,7.69,21.91,9.99,79645,25,0,0,0,0
06/07/2025,03:28:11,10.62,7.71,21.91,9.99,79537,25,0,0,0,0
06/07/2025,03:33:58,10.62,7.71,21.91,9.99,79537,25,0,0,0,0
06/07/2025,03:39:45,10.61,7.7,21.91,9.99,79645,25,0,0,0,0
06/07/2025,03:45:32,10.6,7.69,21.91,9.99,79645,25,0,0,0,0
06/07/2025,03:51:19,10.6,7.7,21.91,9.99,79537,25,0,0,0,0
06/07/2025,03:57:06,10.61,7.71,21.91,9.99,79537,25,0,0,0,0
06/07/2025,04:02:53,10.61,7.71,21.91,9.99,79537,25,0,0,0,0
06/07/2025,04:08:40,10.61,7.72,21.91,9.99,79428,25,0,0,0,0
06/07/2025,04:14:27,10.61,7.72,21.91,9.99,79537,25,0,0,0,0
06/07/2025,04:20:14,10.61,7.72,21.91,9.99,79645,25,0,0,0,0
06/07/2025,04:26:01,10.6,7.74,21.91,9.99,79537,25,0,0,0,0
06/07/2025,04:31:48,10.6,7.74,21.91,9.99,79645,25,0,0,0,0
06/07/2025,04:37:35,10.6,7.72,21.91,9.99,79537,25,0,0,0,0
06/07/2025,04:43:22,10.6,7.73,21.91,9.99,79645,25,0,0,0,0
06/07/2025,04:49:09,10.6,7.73,21.91,9.99,79645,25,0,0,0,0
06/07/2025,04:54:56,10.6,7.72,21.91,9.99,79645,25,0,0,0,0
06/07/2025,05:00:43,10.6,7.74,21.91,9.99,79537,25,0,0,0,0
06/07/2025,05:06:30,10.6,7.73,21.91,9.99,79645,25,0,0,0,0
06/07/2025,05:12:17,10.6,7.74,21.91,9.99,79537,25,0,0,0,0
06/07/2025,05:18:04,10.6,7.73,21.91,9.99,79645,25,0,0,0,0
06/07/2025,05:23:50,10.59,7.74,21.91,9.99,79537,25,0,0,0,0
06/07/2025,05:29:38,10.59,7.75,21.91,9.99,79537,25,0,0,0,0
06/07/2025,05:35:25,10.59,7.75,21.91,9.99,79537,25,0,0,0,0
06/07/2025,05:41:12,10.6,7.75,21.91,9.99,79645,25,0,0,0,0
06/07/2025,05:46:59,10.6,7.76,21.91,9.99,79645,25,0,0,0,0
06/07/2025,05:52:45,10.59,7.75,21.88,9.99,79645,25,0,0,0,0
06/07/2025,05:58:33,10.59,7.76,21.88,9.99,79645,25,0,0,0,0
06/07/2025,06:04:20,10.59,7.74,21.88,9.99,79428,25,0,0,0,0
06/07/2025,06:10:06,10.59,7.75,21.88,9.99,79645,25,0,0,0,0
06/07/2025,06:15:54,10.59,7.74,21.88,9.99,79645,25,0,0,0,0
06/07/2025,06:21:40,10.59,7.76,21.88,9.99,79645,25,0,0,0,0
06/07/2025,06:27:28,10.58,7.76,21.88,9.99,79537,25,0,0,0,0
06/07/2025,06:33:15,10.59,7.74,21.88,9.99,79645,25,0,0,0,0
06/07/2025,06:39:01,10.58,7.76,21.88,9.99,79645,25,0,0,0,0
06/07/2025,06:44:49,10.58,7.76,21.88,9.99,79537,25,0,0,0,0
06/07/2025,06:50:36,10.59,7.76,21.88,9.99,79645,25,0,0,0,0
06/07/2025,06:56:22,10.59,7.76,21.88,9.99,79537,25,0,0,0,0
06/07/2025,07:02:10,10.59,7.75,21.88,9.99,79645,25,0,0,0,0
06/07/2025,07:07:56,10.59,7.77,21.88,9.99,79645,25,0,0,0,0
06/07/2025,07:13:44,10.58,7.76,21.88,9.99,79537,25,0,0,0,0
06/07/2025,07:19:31,10.58,7.77,21.88,9.99,79211,25,0,0,0,0
06/07/2025,07:25:17,10.58,7.77,21.85,9.99,79537,25,0,0,0,0
06/07/2025,07:31:05,10.58,7.76,21.85,9.99,79537,25,0,0,0,0
06/07/2025,07:36:51,10.58,7.76,21.85,9.99,79645,25,0,0,0,0
06/07/2025,07:42:38,10.58,7.78,21.85,9.99,79645,25,0,0,0,0
06/07/2025,07:48:26,10.58,7.76,21.85,9.99,79645,25,0,0,0,0
06/07/2025,07:54:12,10.59,7.76,21.85,9.99,79645,25,0,0,0,0
06/07/2025,08:00:00,10.6,7.78,21.85,9.99,79537,25,0,0,0,0
06/07/2025,08:05:46,10.58,7.78,21.85,9.99,79645,25,0,0,0,0
06/07/2025,08:11:33,10.58,7.77,21.85,9.99,79537,25,0,0,0,0
06/07/2025,08:17:21,10.58,7.77,21.85,9.99,79537,25,0,0,0,0
06/07/2025,08:23:07,10.59,7.77,21.85,9.99,79537,25,0,0,0,0
06/07/2025,08:28:54,10.56,7.79,21.85,9.99,79537,25,0,0,0,0
06/07/2025,08:34:41,10.57,7.79,21.83,9.99,79645,25,0,0,0,0
06/07/2025,08:40:28,10.57,7.76,21.83,9.99,79537,25,0,0,0,0
06/07/2025,08:46:15,10.57,7.77,21.83,9.99,79211,25,0,0,0,0
06/07/2025,08:52:02,10.57,7.77,21.83,9.99,79645,25,0,0,0,0
06/07/2025,08:57:49,10.58,7.77,21.83,9.99,79537,25,0,0,0,0
06/07/2025,09:03:37,10.58,7.76,21.83,9.99,79537,25,0,0,0,0
06/07/2025,09:09:23,10.58,7.79,21.85,9.99,79645,25,0,0,0,0
06/07/2025,09:15:10,10.56,7.8,21.88,9.99,79645,25,0,0,0,0
06/07/2025,09:20:57,10.59,7.8,21.88,9.99,79537,25,0,0,0,0
06/07/2025,09:26:44,10.59,7.79,21.88,9.99,79645,25,0,0,0,0
06/07/2025,09:32:30,10.59,7.78,21.88,9.99,79320,25,0,0,0,0
06/07/2025,09:38:18,10.6,7.77,21.91,9.99,79428,25,0,0,0,0
06/07/2025,09:44:05,10.6,7.78,21.91,9.99,79537,25,0,0,0,0
06/07/2025,09:49:52,10.61,7.77,21.91,9.99,79537,25,0,0,0,0
06/07/2025,09:55:39,10.61,7.77,21.91,9.99,79428,25,0,0,0,0
06/07/2025,10:01:25,10.62,7.76,21.91,9.99,79320,25,0,0,0,0
06/07/2025,10:07:13,10.62,7.77,21.91,9.99,79537,25,0,0,0,0
06/07/2025,10:13:00,10.61,7.73,21.91,9.99,79211,25,0,0,0,0
06/07/2025,10:18:46,10.61,7.77,21.91,9.99,79645,25,0,0,0,0
06/07/2025,10:24:34,10.62,7.75,21.91,9.99,79537,25,0,0,0,0
06/07/2025,10:30:20,10.62,7.75,21.91,9.99,79645,25,0,0,0,0
06/07/2025,10:36:08,10.62,7.75,21.91,9.99,79211,25,0,0,0,0
06/07/2025,10:41:55,10.62,7.75,21.91,9.99,79645,25,0,0,0,0
06/07/2025,10:47:41,10.62,7.72,21.91,9.99,79428,25,0,0,0,0
06/07/2025,10:53:29,10.62,7.74,21.91,9.99,79537,25,0,0,0,0
06/07/2025,10:59:16,10.62,7.72,21.91,9.99,79645,25,0,0,0,0
06/07/2025,11:05:02,10.62,7.72,21.93,9.99,79428,25,0,0,0,0
06/07/2025,11:10:50,10.62,7.72,21.96,9.99,79645,25,0,0,0,0
06/07/2025,11:16:36,10.61,7.71,21.96,9.99,79537,25,0,0,0,0
06/07/2025,11:22:24,10.61,7.71,22.04,9.99,79103,25,0,0,0,0
06/07/2025,11:28:11,10.61,7.71,22.1,9.99,79537,25,0,0,0,0
06/07/2025,11:33:57,10.61,7.7,22.12,9.99,79645,25,0,0,0,0
06/07/2025,11:39:45,10.62,7.68,22.15,9.99,79645,25,0,0,0,0
06/07/2025,11:45:32,10.61,7.68,22.2,9.99,79537,25,0,0,0,0
06/07/2025,11:51:18,10.61,7.69,22.23,9.99,79537,25,0,0,0,0
06/07/2025,11:57:06,10.61,7.69,22.28,9.99,79645,25,0,0,0,0
06/07/2025,12:02:52,10.61,7.68,22.34,9.99,79537,25,0,0,0,0
06/07/2025,12:08:40,10.61,7.68,22.36,9.99,79645,25,0,0,0,0
06/07/2025,12:14:27,10.61,7.68,22.39,9.99,79645,25,0,0,0,0
06/07/2025,12:20:13,10.61,7.68,22.42,9.99,79645,25,0,0,0,0
06/07/2025,12:26:01,10.61,7.66,22.47,9.99,79211,25,0,0,0,0
06/07/2025,12:31:47,10.61,7.67,22.47,9.99,79537,25,0,0,0,0
06/07/2025,12:37:34,10.62,7.66,22.5,9.99,79537,25,0,0,0,0
06/07/2025,12:43:22,10.61,7.67,22.58,9.99,79211,25,0,0,0,0
06/07/2025,12:49:08,10.61,7.66,22.58,9.99,79320,25,0,0,0,0
06/07/2025,12:54:56,10.62,7.66,22.61,9.99,79645,25,0,0,0,0
06/07/2025,13:00:42,10.61,7.66,22.61,9.99,79211,25,0,0,0,0
06/07/2025,13:06:29,10.61,7.66,22.61,9.99,79645,25,0,0,0,0
06/07/2025,13:12:17,10.62,7.66,22.61,9.99,79537,25,0,0,0,0
06/07/2025,13:18:03,10.61,7.65,22.63,9.99,79537,25,0,0,0,0
06/07/2025,13:23:50,10.62,7.67,22.63,9.99,79211,25,0,0,0,0
06/07/2025,13:29:37,10.62,7.66,22.66,9.99,79537,25,0,0,0,0
06/07/2025,13:35:24,10.62,7.65,22.66,9.99,79537,25,0,0,0,0
06/07/2025,13:41:12,10.62,7.65,22.69,9.99,79537,25,0,0,0,0
06/07/2025,13:46:58,10.62,7.64,22.69,9.99,79428,25,0,0,0,0
06/07/2025,13:52:45,10.62,7.64,22.72,9.99,79537,25,0,0,0,0
06/07/2025,13:58:33,10.62,7.65,22.69,9.99,79320,25,0,0,0,0
06/07/2025,14:04:19,10.62,7.65,22.69,9.99,79320,25,0,0,0,0
06/07/2025,14:10:06,10.62,7.64,22.72,9.99,79428,25,0,0,0,0
06/07/2025,14:15:54,10.61,7.63,22.72,9.99,79537,25,0,0,0,0
06/07/2025,14:21:40,10.61,7.65,22.74,9.99,79645,25,0,0,0,0
06/07/2025,14:27:28,10.62,7.63,22.74,9.99,79211,25,0,0,0,0
06/07/2025,14:33:14,10.62,7.66,22.77,9.99,79211,25,0,0,0,0
06/07/2025,14:39:01,10.63,7.65,22.77,9.99,79645,25,0,0,0,0
06/07/2025,14:44:49,10.62,7.63,22.77,9.99,79537,25,0,0,0,0
06/07/2025,14:50:35,10.62,7.64,22.77,9.99,79537,25,0,0,0,0
06/07/2025,14:56:22,10.62,7.62,22.77,9.99,79211,25,0,0,0,0
06/07/2025,15:02:09,10.63,7.65,22.77,9.99,79537,25,0,0,0,0
06/07/2025,15:07:56,10.63,7.63,22.74,9.99,79537,25,0,0,0,0
06/07/2025,15:13:44,10.62,7.64,22.74,9.99,79537,25,0,0,0,0
06/07/2025,15:19:30,10.62,7.65,22.77,9.99,79537,25,0,0,0,0
06/07/2025,15:25:17,10.62,7.65,22.82,9.99,79103,25,0,0,0,0
06/07/2025,15:31:04,10.63,7.63,22.85,9.99,79645,25,0,0,0,0
06/07/2025,15:36:51,10.62,7.63,22.88,9.99,79537,25,0,0,0,0
06/07/2025,15:42:38,10.62,7.64,22.9,9.99,79645,25,0,0,0,0
06/07/2025,15:48:25,10.62,7.64,22.9,9.99,79320,25,0,0,0,0
06/07/2025,15:54:12,10.62,7.63,22.9,9.99,79645,25,0,0,0,0
06/07/2025,16:00:00,10.63,7.64,22.93,9.99,79537,25,0,0,0,0
06/07/2025,16:05:46,10.62,7.61,22.96,9.99,79537,25,0,0,0,0
06/07/2025,16:11:33,10.63,7.62,22.98,9.99,79537,25,0,0,0,0
06/07/2025,16:17:20,10.63,7.63,23.04,9.99,79645,25,0,0,0,0
06/07/2025,16:23:07,10.62,7.62,23.04,9.99,79428,25,0,0,0,0
06/07/2025,16:28:54,10.63,7.62,23.07,9.99,79103,25,0,0,0,0
06/07/2025,16:34:41,10.63,7.62,23.09,9.99,79103,25,0,0,0,0
06/07/2025,16:40:28,10.62,7.6,23.09,9.99,79103,25,0,0,0,0
06/07/2025,16:46:14,10.63,7.6,23.09,9.99,78994,25,0,0,0,0
06/07/2025,16:52:02,10.63,7.61,23.09,9.99,79103,25,0,0,0,0
06/07/2025,16:57:49,10.63,7.59,23.09,9.99,79537,25,0,0,0,0
06/07/2025,17:03:36,10.63,7.59,23.09,9.99,79103,25,0,0,0,0
06/07/2025,17:09:23,10.63,7.6,23.12,9.99,79645,25,0,0,0,0
06/07/2025,17:15:09,10.62,7.6,23.12,9.99,79645,25,0,0,0,0
06/07/2025,17:20:57,10.63,7.58,23.12,9.99,79211,25,0,0,0,0
06/07/2025,17:26:44,10.63,7.58,23.12,9.99,79428,25,0,0,0,0
06/07/2025,17:32:30,10.63,7.58,23.12,9.99,79537,25,0,0,0,0
06/07/2025,17:38:18,10.63,7.59,23.12,9.99,79537,25,0,0,0,0
06/07/2025,17:44:05,10.63,7.57,23.12,9.99,79645,25,0,0,0,0
06/07/2025,17:49:52,10.63,7.57,23.12,9.99,79211,25,0,0,0,0
06/07/2025,17:55:39,10.63,7.56,23.12,9.99,79211,25,0,0,0,0
06/07/2025,18:01:25,10.63,7.56,23.12,9.99,79645,25,0,0,0,0
06/07/2025,18:07:13,10.63,7.57,23.12,9.99,79645,25,0,0,0,0
06/07/2025,18:13:00,10.63,7.57,23.12,9.99,79537,25,0,0,0,0
06/07/2025,18:18:46,10.63,7.57,23.12,9.99,79320,25,0,0,0,0
06/07/2025,18:24:34,10.64,7.57,23.12,9.99,79645,25,0,0,0,0
06/07/2025,18:30:20,10.63,7.56,23.12,9.99,79537,25,0,0,0,0
06/07/2025,18:36:08,10.63,7.56,23.12,9.99,79537,25,0,0,0,0
06/07/2025,18:41:55,10.63,7.56,23.12,9.99,79537,25,0,0,0,0
06/07/2025,18:47:41,10.64,7.57,23.12,9.99,79645,25,0,0,0,0
06/07/2025,18:53:29,10.64,7.56,23.12,9.99,79537,25,0,0,0,0
06/07/2025,18:59:16,10.64,7.56,23.12,9.99,79537,25,0,0,0,0
06/07/2025,19:05:02,10.65,7.54,23.12,9.99,79537,25,0,0,0,0
06/07/2025,19:10:50,10.64,7.57,23.12,9.99,79645,25,0,0,0,0
06/07/2025,19:16:36,10.64,7.56,23.12,9.99,79645,25,0,0,0,0
06/07/2025,19:22:24,10.64,7.55,23.12,9.99,79645,25,0,0,0,0
06/07/2025,19:28:11,10.64,7.55,23.12,9.99,79645,25,0,0,0,0
06/07/2025,19:33:57,10.65,7.55,23.12,9.99,79537,25,0,0,0,0
06/07/2025,19:39:45,10.65,7.56,23.12,9.99,79211,25,0,0,0,0
06/07/2025,19:45:31,10.65,7.56,23.12,9.99,79320,25,0,0,0,0
06/07/2025,19:51:18,10.65,7.53,23.12,9.99,79537,25,0,0,0,0
06/07/2025,19:57:06,10.67,7.55,23.12,9.99,79645,25,0,0,0,0
06/07/2025,20:02:52,10.65,7.56,23.12,9.99,78994,25,0,0,0,0
06/07/2025,20:08:40,10.66,7.57,23.12,9.99,79537,25,0,0,0,0
06/07/2025,20:14:26,10.65,7.56,23.12,9.99,79537,25,0,0,0,0
06/07/2025,20:20:13,10.64,7.55,23.12,9.99,79537,25,0,0,0,0
06/07/2025,20:26:01,10.62,7.54,23.12,9.99,79537,25,0,0,0,0
06/07/2025,20:31:47,10.62,7.55,23.12,9.99,79211,25,0,0,0,0
06/07/2025,20:37:34,10.6,7.54,23.12,9.99,79645,25,0,0,0,0
06/07/2025,20:43:22,10.6,7.54,23.15,9.99,79645,25,0,0,0,0
06/07/2025,20:49:08,10.59,7.52,23.15,9.99,79537,25,0,0,0,0
06/07/2025,20:54:56,10.59,7.51,23.17,9.99,79103,25,0,0,0,0
06/07/2025,21:00:42,10.59,7.51,23.2,9.99,79537,25,0,0,0,0
06/07/2025,21:06:29,10.58,7.54,23.25,9.99,79211,25,0,0,0,0
06/07/2025,21:12:17,10.6,7.51,23.28,9.99,79103,25,0,0,0,0
06/07/2025,21:18:03,10.58,7.5,23.36,9.99,79645,25,0,0,0,0
06/07/2025,21:23:50,10.6,7.49,23.44,9.99,79645,25,0,0,0,0
06/07/2025,21:29:37,10.6,7.5,23.44,9.99,79211,25,0,0,0,0
06/07/2025,21:35:24,10.62,7.47,23.5,9.99,79645,25,0,0,0,0
06/07/2025,21:41:12,10.63,7.5,23.52,9.99,79537,25,0,0,0,0
06/07/2025,21:46:58,10.63,7.51,23.58,9.99,79645,25,0,0,0,0
06/07/2025,21:52:45,10.64,7.51,23.6,9.99,79537,25,0,0,0,0
06/07/2025,21:58:32,10.65,7.51,23.63,9.99,79645,25,0,0,0,0
06/07/2025,22:04:19,10.66,7.5,23.6,9.99,79428,25,0,0,0,0
06/07/2025,22:10:06,10.66,7.46,23.44,9.99,79645,25,0,0,0,0
06/07/2025,22:15:53,10.66,7.47,23.33,9.99,79645,25,0,0,0,0
06/07/2025,22:21:40,10.65,7.48,23.25,9.99,79645,25,0,0,0,0
06/07/2025,22:27:27,10.65,7.5,23.2,9.99,79537,25,0,0,0,0
06/07/2025,22:33:14,10.64,7.5,23.12,9.99,79645,25,0,0,0,0
06/07/2025,22:39:01,10.65,7.49,23.12,9.99,79645,25,0,0,0,0
06/07/2025,22:44:48,10.65,7.5,23.12,9.99,79537,25,0,0,0,0
06/07/2025,22:50:35,10.64,7.52,23.12,9.99,79537,25,0,0,0,0
06/07/2025,22:56:21,10.64,7.53,23.12,9.99,79537,25,0,0,0,0
06/07/2025,23:02:09,10.64,7.54,23.12,9.99,79645,25,0,0,0,0
06/07/2025,23:07:56,10.64,7.55,23.12,9.99,79645,25,0,0,0,0
06/07/2025,23:13:43,10.63,7.55,23.12,9.99,79320,25,0,0,0,0
06/07/2025,23:19:30,10.63,7.56,23.12,9.99,79645,25,0,0,0,0
06/07/2025,23:25:16,10.63,7.57,23.09,9.99,79645,25,0,0,0,0
06/07/2025,23:31:04,10.63,7.58,23.09,9.99,79211,25,0,0,0,0
06/07/2025,23:36:51,10.63,7.58,23.09,9.99,79645,25,0,0,0,0
06/07/2025,23:42:37,10.63,7.58,23.04,9.99,79320,25,0,0,0,0
06/07/2025,23:48:25,10.63,7.58,23.04,9.99,79537,25,0,0,0,0
06/07/2025,23:54:12,10.63,7.59,22.98,9.99,79537,25,0,0,0,0
06/07/2025,23:59:59,10.62,7.59,22.96,9.99,79537,25,0,0,0,0
07/07/2025,00:00:00,10.62,7.59,22.96,9.99,79537,25,0,0,0,0
07/07/2025,00:05:47,10.63,7.59,22.88,9.99,79645,25,0,0,0,0
07/07/2025,00:11:33,10.62,7.59,22.85,9.99,79537,25,0,0,0,0
07/07/2025,00:17:21,10.62,7.61,22.77,9.99,79537,25,0,0,0,0
07/07/2025,00:23:08,10.62,7.62,22.69,9.99,79645,25,0,0,0,0
07/07/2025,00:28:54,10.63,7.63,22.63,9.99,79537,25,0,0,0,0
07/07/2025,00:34:42,10.62,7.62,22.53,9.99,79428,25,0,0,0,0
07/07/2025,00:40:28,10.62,7.63,22.42,9.99,79645,25,0,0,0,0
07/07/2025,00:46:15,10.62,7.64,22.34,9.99,79645,25,0,0,0,0
07/07/2025,00:52:03,10.62,7.63,22.34,9.99,79645,25,0,0,0,0
07/07/2025,00:57:49,10.62,7.64,22.23,9.99,79645,25,0,0,0,0
07/07/2025,01:03:36,10.62,7.64,22.2,9.99,79537,25,0,0,0,0
07/07/2025,01:09:23,10.63,7.65,22.15,9.99,79645,25,0,0,0,0
07/07/2025,01:15:10,10.63,7.66,22.07,9.99,79537,25,0,0,0,0
07/07/2025,01:20:57,10.64,7.67,22.04,9.99,79537,25,0,0,0,0
07/07/2025,01:26:44,10.63,7.65,22.01,9.99,79645,25,0,0,0,0
07/07/2025,01:32:31,10.63,7.67,21.99,9.99,79537,25,0,0,0,0
07/07/2025,01:38:18,10.64,7.66,21.96,9.99,79645,25,0,0,0,0
07/07/2025,01:44:05,10.63,7.7,21.93,9.99,79537,25,0,0,0,0
07/07/2025,01:49:52,10.62,7.68,21.91,9.99,79537,25,0,0,0,0
07/07/2025,01:55:39,10.61,7.68,21.91,9.99,79645,25,0,0,0,0
07/07/2025,02:01:26,10.61,7.67,21.91,9.99,79428,25,0,0,0,0
07/07/2025,02:07:13,10.6,7.69,21.91,9.99,79537,25,0,0,0,0
07/07/2025,02:13:00,10.59,7.69,21.91,9.99,79537,25,0,0,0,0
07/07/2025,02:18:47,10.59,7.68,21.91,9.99,79428,25,0,0,0,0
07/07/2025,02:24:33,10.58,7.68,21.91,9.99,79645,25,0,0,0,0
07/07/2025,02:30:21,10.58,7.69,21.91,9.99,79537,25,0,0,0,0
07/07/2025,02:36:08,10.58,7.68,21.91,9.99,79537,25,0,0,0,0
07/07/2025,02:41:54,10.59,7.69,21.91,9.99,79537,25,0,0,0,0
07/07/2025,02:47:42,10.59,7.68,21.91,9.99,79645,25,0,0,0,0
07/07/2025,02:53:28,10.59,7.67,21.91,9.99,79537,25,0,0,0,0
07/07/2025,02:59:15,10.6,7.67,21.91,9.99,79537,25,0,0,0,0
07/07/2025,03:05:03,10.6,7.67,21.91,9.99,79537,25,0,0,0,0
07/07/2025,03:10:49,10.61,7.69,21.91,9.99,79645,25,0,0,0,0
07/07/2025,03:16:37,10.61,7.68,21.91,9.99,79645,25,0,0,0,0
07/07/2025,03:22:23,10.62,7.7,21.91,9.99,79428,25,0,0,0,0
07/07/2025,03:28:10,10.62,7.69,21.91,9.99,79645,25,0,0,0,0
07/07/2025,03:33:58,10.62,7.7,21.91,9.99,79428,25,0,0,0,0
07/07/2025,03:39:44,10.62,7.7,21.91,9.99,79537,25,0,0,0,0
07/07/2025,03:45:31,10.62,7.69,21.91,9.99,79645,25,0,0,0,0
07/07/2025,03:51:18,10.62,7.71,21.91,9.99,79537,25,0,0,0,0
07/07/2025,03:57:05,10.63,7.69,21.91,9.99,79537,25,0,0,0,0
07/07/2025,04:02:52,10.62,7.7,21.91,9.99,79645,25,0,0,0,0
07/07/2025,04:08:39,10.62,7.69,21.91,9.99,79537,25,0,0,0,0
07/07/2025,04:14:26,10.61,7.69,21.91,9.99,79537,25,0,0,0,0
07/07/2025,04:20:12,10.59,7.71,21.91,9.99,79645,25,0,0,0,0
07/07/2025,04:26:00,10.57,7.7,21.91,9.99,79645,25,0,0,0,0
07/07/2025,04:31:46,10.55,7.69,21.91,9.99,79537,25,0,0,0,0
07/07/2025,04:37:33,10.55,7.7,21.91,9.99,79645,25,0,0,0,0
07/07/2025,04:43:21,10.53,7.69,21.91,9.99,79537,25,0,0,0,0
07/07/2025,04:49:07,10.53,7.68,21.91,9.99,79645,25,0,0,0,0
07/07/2025,04:54:55,10.53,7.7,21.91,9.99,79428,25,0,0,0,0
07/07/2025,05:00:41,10.52,7.68,21.91,9.99,79645,25,0,0,0,0
07/07/2025,05:06:28,10.52,7.67,21.91,9.99,79645,25,0,0,0,0
07/07/2025,05:12:16,10.52,7.69,21.91,9.99,79320,25,0,0,0,0
07/07/2025,05:18:02,10.52,7.66,21.91,9.99,79537,25,0,0,0,0
07/07/2025,05:23:49,10.51,7.69,21.93,9.99,79537,25,0,0,0,0
07/07/2025,05:29:36,10.52,7.66,21.96,9.99,79537,25,0,0,0,0
07/07/2025,05:35:23,10.51,7.66,22.01,9.99,79537,25,0,0,0,0
07/07/2025,05:41:10,10.51,7.65,22.04,9.99,79537,25,0,0,0,0
07/07/2025,05:46:57,10.51,7.65,22.1,9.99,79645,25,0,0,0,0
07/07/2025,05:52:44,10.52,7.64,22.15,9.99,79645,25,0,0,0,0
07/07/2025,05:58:30,10.52,7.64,22.23,9.99,79320,25,0,0,0,0
07/07/2025,06:04:18,10.52,7.62,22.28,9.99,79645,25,0,0,0,0
07/07/2025,06:10:05,10.52,7.63,22.39,9.99,79537,25,0,0,0,0
07/07/2025,06:15:51,10.52,7.62,22.47,9.99,79645,25,0,0,0,0
07/07/2025,06:21:39,10.52,7.63,22.53,9.99,79645,25,0,0,0,0
07/07/2025,06:27:26,10.52,7.61,22.61,9.99,79645,25,0,0,0,0
07/07/2025,06:33:13,10.52,7.61,22.69,9.99,79645,25,0,0,0,0
07/07/2025,06:39:00,10.52,7.6,22.74,9.99,79537,25,0,0,0,0
07/07/2025,06:44:46,10.52,7.59,22.82,9.99,79537,25,0,0,0,0
07/07/2025,06:50:34,10.52,7.6,22.88,9.99,79645,25,0,0,0,0
07/07/2025,06:56:21,10.53,7.6,22.93,9.99,79645,25,0,0,0,0
07/07/2025,07:02:07,10.53,7.58,22.96,9.99,79537,25,0,0,0,0
07/07/2025,07:07:55,10.53,7.59,22.98,9.99,79645,25,0,0,0,0
07/07/2025,07:13:41,10.52,7.58,23.04,9.99,79537,25,0,0,0,0
07/07/2025,07:19:28,10.53,7.58,23.04,9.99,79645,25,0,0,0,0
07/07/2025,07:25:16,10.52,7.55,23.07,9.99,79537,25,0,0,0,0
07/07/2025,07:31:02,10.52,7.56,23.07,9.99,79645,25,0,0,0,0
07/07/2025,07:36:49,10.54,7.56,23.07,9.99,79320,25,0,0,0,0
07/07/2025,07:42:37,10.53,7.56,23.09,9.99,79645,25,0,0,0,0
07/07/2025,07:48:23,10.53,7.56,23.09,9.99,79645,25,0,0,0,0
07/07/2025,07:54:10,10.53,7.56,23.09,9.99,79537,25,0,0,0,0
07/07/2025,07:59:57,10.53,7.54,23.09,9.99,79537,25,0,0,0,0
07/07/2025,08:05:44,10.53,7.55,23.12,9.99,79645,25,0,0,0,0
07/07/2025,08:11:32,10.53,7.54,23.12,9.99,79645,25,0,0,0,0
07/07/2025,08:17:18,10.53,7.52,23.12,9.99,79428,25,0,0,0,0
07/07/2025,08:23:05,10.53,7.52,23.12,9.99,79645,25,0,0,0,0
07/07/2025,08:28:52,10.54,7.52,23.12,9.99,79645,25,0,0,0,0
07/07/2025,08:34:39,10.53,7.53,23.12,9.99,79645,25,0,0,0,0
07/07/2025,08:40:26,10.57,7.52,23.12,9.99,79537,25,0,0,0,0
07/07/2025,08:46:13,10.6,7.52,23.12,9.99,79537,25,0,0,0,0
07/07/2025,08:52:00,10.62,7.52,23.12,9.99,79645,25,0,0,0,0
07/07/2025,08:57:46,10.64,7.52,23.12,9.99,79645,25,0,0,0,0
07/07/2025,09:03:34,10.65,7.52,23.12,9.99,79645,25,0,0,0,0
07/07/2025,09:09:21,10.66,7.55,23.12,9.99,79645,25,0,0,0,0
07/07/2025,09:15:07,10.66,7.55,23.12,9.99,79211,25,0,0,0,0
07/07/2025,09:20:55,10.67,7.56,23.12,9.99,79645,25,0,0,0,0
07/07/2025,09:26:41,10.67,7.57,23.12,9.99,79645,25,0,0,0,0
07/07/2025,09:32:28,10.67,7.56,23.12,9.99,79320,25,0,0,0,0
07/07/2025,09:38:16,10.68,7.56,23.12,9.99,79103,25,0,0,0,0
07/07/2025,09:44:02,10.68,7.55,23.12,9.99,79645,25,0,0,0,0
07/07/2025,09:49:50,10.7,7.55,23.12,9.99,79645,25,0,0,0,0
07/07/2025,09:55:36,10.69,7.55,23.12,9.99,79645,25,0,0,0,0
07/07/2025,10:01:23,10.69,7.56,23.12,9.99,79645,25,0,0,0,0
07/07/2025,10:07:11,10.68,7.55,23.12,9.99,79537,25,0,0,0,0
07/07/2025,10:12:57,10.68,7.55,23.15,9.99,79320,25,0,0,0,0
07/07/2025,10:18:44,10.68,7.55,23.12,9.99,79211,25,0,0,0,0
07/07/2025,10:24:32,10.68,7.56,23.12,9.99,79211,25,0,0,0,0
07/07/2025,10:30:18,10.68,7.55,23.12,9.99,79211,25,0,0,0,0
07/07/2025,10:36:05,10.67,7.54,23.12,9.99,79320,25,0,0,0,0
07/07/2025,10:41:52,10.68,7.52,23.12,9.99,79537,25,0,0,0,0
07/07/2025,10:47:39,10.67,7.54,23.12,9.99,79645,25,0,0,0,0
07/07/2025,10:53:26,10.67,7.54,23.12,9.99,79537,25,0,0,0,0
07/07/2025,10:59:13,10.67,7.55,23.12,9.99,79645,25,0,0,0,0
07/07/2025,11:05:00,10.67,7.54,23.12,9.99,79428,25,0,0,0,0
07/07/2025,11:10:46,10.67,7.55,23.12,9.99,79645,25,0,0,0,0
07/07/2025,11:16:34,10.67,7.55,23.12,9.99,79645,25,0,0,0,0
07/07/2025,11:22:21,10.65,7.54,23.15,9.99,79645,25,0,0,0,0
07/07/2025,11:28:08,10.65,7.54,23.15,9.99,79320,25,0,0,0,0
07/07/2025,11:33:55,10.65,7.54,23.15,9.99,79645,25,0,0,0,0
07/07/2025,11:39:41,10.65,7.54,23.15,9.99,79211,25,0,0,0,0
07/07/2025,11:45:29,10.65,7.54,23.15,9.99,79537,25,0,0,0,0
07/07/2025,11:51:16,10.65,7.54,23.15,9.99,79537,25,0,0,0,0
07/07/2025,11:57:02,10.65,7.55,23.17,9.99,79537,25,0,0,0,0
07/07/2025,12:02:50,10.64,7.53,23.2,9.99,79428,25,0,0,0,0
07/07/2025,12:08:37,10.64,7.54,23.2,9.99,79537,25,0,0,0,0
07/07/2025,12:14:23,10.65,7.52,23.2,9.99,79645,25,0,0,0,0
07/07/2025,12:20:11,10.65,7.54,23.23,9.99,79537,25,0,0,0,0
07/07/2025,12:25:57,10.65,7.52,23.23,9.99,78994,25,0,0,0,0
07/07/2025,12:31:44,10.65,7.52,23.25,9.99,79645,25,0,0,0,0
07/07/2025,12:37:32,10.64,7.53,23.28,9.99,79645,25,0,0,0,0
07/07/2025,12:43:18,10.64,7.55,23.25,9.99,79428,35,0,0,0,0
07/07/2025,12:49:06,10.65,7.55,23.28,9.99,79103,35,0,0,0,0
07/07/2025,12:54:53,10.65,7.56,23.42,9.99,79211,35,0,0,0,0
07/07/2025,13:00:39,10.65,7.55,23.47,9.99,79645,35,0,0,0,0
07/07/2025,13:06:27,10.66,7.55,23.52,9.99,79211,35,0,0,0,0
07/07/2025,13:12:13,10.65,7.53,23.6,9.99,79537,35,0,0,0,0
07/07/2025,13:18:00,10.66,7.53,23.6,9.99,79211,35,0,0,0,0
07/07/2025,13:23:48,10.66,7.54,23.71,9.99,79428,35,0,0,0,0
07/07/2025,13:29:34,10.66,7.52,23.74,9.99,79645,35,0,0,0,0
07/07/2025,13:35:21,10.67,7.52,23.79,9.99,79537,35,0,0,0,0
07/07/2025,13:41:09,10.66,7.54,23.79,9.99,79645,35,0,0,0,0
07/07/2025,13:46:55,10.67,7.53,23.85,9.99,79537,35,0,0,0,0
07/07/2025,13:52:42,10.67,7.51,23.85,9.99,79645,35,0,0,0,0
07/07/2025,13:58:29,10.68,7.52,23.85,9.99,79537,35,0,0,0,0
07/07/2025,14:04:16,10.68,7.51,23.85,9.99,79537,35,0,0,0,0
07/07/2025,14:10:03,10.68,7.52,23.9,9.99,79211,35,0,0,0,0
07/07/2025,14:15:50,10.69,7.5,23.9,9.99,79320,35,0,0,0,0
07/07/2025,14:21:37,10.68,7.51,23.9,9.99,79645,35,0,0,0,0
07/07/2025,14:27:25,10.68,7.51,23.95,9.99,79645,35,0,0,0,0
07/07/2025,14:33:11,10.68,7.5,23.98,9.99,79428,35,0,0,0,0
07/07/2025,14:38:58,10.68,7.5,23.98,9.99,79320,35,0,0,0,0
07/07/2025,14:44:45,10.68,7.49,23.98,9.99,79320,35,0,0,0,0
07/07/2025,14:50:32,10.68,7.52,23.98,9.99,79537,35,0,0,0,0
07/07/2025,14:56:19,10.69,7.51,24.01,9.99,79537,35,0,0,0,0
07/07/2025,15:02:06,10.69,7.51,24.01,9.99,79645,35,0,0,0,0
07/07/2025,15:07:53,10.69,7.5,24.01,9.99,79320,35,0,0,0,0
07/07/2025,15:13:39,10.68,7.5,24.01,9.99,79537,35,0,0,0,0
07/07/2025,15:19:27,10.68,7.51,24.01,9.99,79645,35,0,0,0,0
07/07/2025,15:25:14,10.69,7.52,24.01,9.99,79211,35,0,0,0,0
07/07/2025,15:31:00,10.69,7.5,24.04,9.99,79428,35,0,0,0,0
07/07/2025,15:36:48,10.69,7.5,24.04,9.99,79320,35,0,0,0,0
07/07/2025,15:42:34,10.69,7.49,24.04,9.99,79537,35,0,0,0,0
07/07/2025,15:48:21,10.69,7.51,24.04,9.99,79211,35,0,0,0,0
07/07/2025,15:54:09,10.68,7.5,24.04,9.99,79320,35,0,0,0,0
07/07/2025,15:59:55,10.68,7.5,24.04,9.99,79537,35,0,0,0,0
07/07/2025,16:05:43,10.68,7.49,24.04,9.99,79645,35,0,0,0,0
07/07/2025,16:11:30,10.68,7.5,24.04,9.99,79645,35,0,0,0,0
07/07/2025,16:17:16,10.68,7.5,24.04,9.99,79645,35,0,0,0,0
07/07/2025,16:23:04,10.68,7.51,24.04,9.99,79211,35,0,0,0,0
07/07/2025,16:28:50,10.68,7.49,24.04,9.99,79645,35,0,0,0,0
07/07/2025,16:34:37,10.66,7.51,24.04,9.99,79211,35,0,0,0,0
07/07/2025,16:40:25,10.67,7.5,24.12,9.99,79645,35,0,0,0,0
07/07/2025,16:46:12,10.68,7.48,24.12,9.99,79645,35,0,0,0,0
07/07/2025,16:51:58,10.67,7.49,24.12,9.99,79320,35,0,0,0,0
07/07/2025,16:57:46,10.68,7.5,24.17,9.99,79537,35,0,0,0,0
07/07/2025,17:03:32,10.68,7.49,24.17,9.99,79537,35,0,0,0,0
07/07/2025,17:09:19,10.68,7.49,24.17,9.99,79211,35,0,0,0,0
07/07/2025,17:15:07,10.68,7.49,24.14,9.99,79211,35,0,0,0,0
07/07/2025,17:20:53,10.69,7.49,24.14,9.99,79537,35,0,0,0,0
07/07/2025,17:26:40,10.68,7.49,24.14,9.99,79320,35,0,0,0,0
07/07/2025,17:32:28,10.69,7.5,24.14,9.99,79211,35,0,0,0,0
07/07/2025,17:38:14,10.68,7.5,24.14,9.99,79320,35,0,0,0,0
07/07/2025,17:44:02,10.69,7.5,24.14,9.99,79537,35,0,0,0,0
07/07/2025,17:49:49,10.69,7.49,24.17,9.99,79645,35,0,0,0,0
07/07/2025,17:55:35,10.7,7.5,24.17,9.99,79211,35,0,0,0,0
07/07/2025,18:01:23,10.69,7.49,24.17,9.99,79320,35,0,0,0,0
07/07/2025,18:07:10,10.7,7.49,24.17,9.99,79537,35,0,0,0,0
07/07/2025,18:12:57,10.69,7.49,24.14,9.99,79645,35,0,0,0,0
07/07/2025,18:18:44,10.7,7.49,24.17,9.99,79537,35,0,0,0,0
07/07/2025,18:24:31,10.7,7.49,24.17,9.99,79537,35,0,0,0,0
07/07/2025,18:30:18,10.7,7.5,24.17,9.99,79645,35,0,0,0,0
07/07/2025,18:36:05,10.71,7.48,24.17,9.99,79645,35,0,0,0,0
07/07/2025,18:41:52,10.7,7.49,24.14,9.99,78994,35,0,0,0,0
07/07/2025,18:47:39,10.7,7.49,24.14,9.99,79537,35,0,0,0,0
07/07/2025,18:53:26,10.7,7.5,24.14,9.99,79645,35,0,0,0,0
07/07/2025,18:59:13,10.7,7.51,24.17,9.99,79537,35,0,0,0,0
07/07/2025,19:05:00,10.7,7.49,24.17,9.99,79428,35,0,0,0,0
07/07/2025,19:10:47,10.71,7.49,24.17,9.99,79537,35,0,0,0,0
07/07/2025,19:16:34,10.71,7.48,24.17,9.99,79537,35,0,0,0,0
07/07/2025,19:22:22,10.71,7.5,24.14,9.99,79211,35,0,0,0,0
07/07/2025,19:28:08,10.71,7.49,24.14,9.99,79537,35,0,0,0,0
07/07/2025,19:33:55,10.71,7.5,24.14,9.99,79211,35,0,0,0,0
07/07/2025,19:39:43,10.71,7.51,24.14,9.99,79211,35,0,0,0,0
07/07/2025,19:45:29,10.72,7.51,24.17,9.99,79645,35,0,0,0,0
07/07/2025,19:51:16,10.72,7.51,24.14,9.99,79103,35,0,0,0,0
07/07/2025,19:57:04,10.72,7.5,24.14,9.99,79645,35,0,0,0,0
07/07/2025,20:02:50,10.72,7.49,24.14,9.99,79537,35,0,0,0,0
07/07/2025,20:08:37,10.72,7.5,24.14,9.99,79537,35,0,0,0,0
07/07/2025,20:14:25,10.73,7.5,24.12,9.99,79645,35,0,0,0,0
07/07/2025,20:20:11,10.73,7.49,24.06,9.99,79645,35,0,0,0,0
07/07/2025,20:25:58,10.73,7.51,23.95,9.99,79320,35,0,0,0,0
07/07/2025,20:31:46,10.73,7.51,23.95,9.99,79320,35,0,0,0,0
07/07/2025,20:37:32,10.73,7.52,23.9,9.99,79211,35,0,0,0,0
07/07/2025,20:43:19,10.74,7.52,23.85,9.99,79645,35,0,0,0,0
07/07/2025,20:49:07,10.72,7.51,23.79,9.99,79320,35,0,0,0,0
07/07/2025,20:54:53,10.73,7.53,23.77,9.99,79320,35,0,0,0,0
07/07/2025,21:00:41,10.75,7.52,23.68,9.99,79428,35,0,0,0,0
07/07/2025,21:06:28,10.75,7.54,23.63,9.99,79645,35,0,0,0,0
07/07/2025,21:12:14,10.74,7.55,23.5,9.99,79645,35,0,0,0,0
07/07/2025,21:18:02,10.73,7.53,23.52,9.99,79537,35,0,0,0,0
07/07/2025,21:23:49,10.74,7.54,23.5,9.99,79537,35,0,0,0,0
07/07/2025,21:29:35,10.72,7.55,23.52,9.99,79645,35,0,0,0,0
07/07/2025,21:35:23,10.69,7.56,23.6,9.99,79320,35,0,0,0,0
07/07/2025,21:41:10,10.7,7.54,23.68,9.99,78994,35,0,0,0,0
07/07/2025,21:46:56,10.68,7.54,23.77,9.99,79645,35,0,0,0,0
07/07/2025,21:52:44,10.67,7.53,23.87,9.99,79320,35,0,0,0,0
07/07/2025,21:58:31,10.66,7.52,23.95,9.99,79537,35,0,0,0,0
07/07/2025,22:04:17,10.65,7.5,24.01,9.99,79645,35,0,0,0,0
07/07/2025,22:10:05,10.66,7.46,24.01,9.99,79537,35,0,0,0,0
07/07/2025,22:15:52,10.65,7.46,23.9,9.99,79645,35,0,0,0,0
07/07/2025,22:21:38,10.64,7.46,23.82,9.99,79537,35,0,0,0,0
07/07/2025,22:27:26,10.64,7.46,23.79,9.99,79537,35,0,0,0,0
07/07/2025,22:33:13,10.64,7.49,23.68,9.99,79537,35,0,0,0,0
07/07/2025,22:39:00,10.64,7.48,23.6,9.99,79645,35,0,0,0,0
07/07/2025,22:44:47,10.64,7.5,23.58,9.99,79645,35,0,0,0,0
07/07/2025,22:50:34,10.64,7.51,23.47,9.99,79645,35,0,0,0,0
07/07/2025,22:56:21,10.64,7.51,23.42,9.99,79645,35,0,0,0,0
07/07/2025,23:02:08,10.64,7.51,23.36,9.99,79645,35,0,0,0,0
07/07/2025,23:07:55,10.63,7.51,23.31,9.99,79537,35,0,0,0,0
07/07/2025,23:13:42,10.63,7.5,23.31,9.99,79537,35,0,0,0,0
07/07/2025,23:19:29,10.63,7.5,23.23,9.99,79645,35,0,0,0,0
07/07/2025,23:25:16,10.63,7.51,23.23,9.99,79645,35,0,0,0,0
07/07/2025,23:31:03,10.62,7.51,23.2,9.99,79645,35,0,0,0,0
07/07/2025,23:36:50,10.62,7.53,23.2,9.99,79428,35,0,0,0,0
07/07/2025,23:42:37,10.63,7.53,23.17,9.99,79537,35,0,0,0,0
07/07/2025,23:48:24,10.62,7.52,23.15,9.99,79645,35,0,0,0,0
07/07/2025,23:54:11,10.62,7.53,23.15,9.99,79645,35,0,0,0,0
07/07/2025,23:59:59,10.62,7.54,23.15,9.99,79537,35,0,0,0,0
08/07/2025,00:00:00,10.62,7.54,23.15,9.99,79537,35,0,0,0,0
08/07/2025,00:05:46,10.62,7.53,23.15,9.99,79645,35,0,0,0,0
08/07/2025,00:11:33,10.62,7.52,23.15,9.99,79537,35,0,0,0,0
08/07/2025,00:17:20,10.62,7.52,23.12,9.99,79645,35,0,0,0,0
08/07/2025,00:23:07,10.62,7.54,23.12,9.99,79645,35,0,0,0,0
08/07/2025,00:28:54,10.62,7.55,23.12,9.99,79645,35,0,0,0,0
08/07/2025,00:34:41,10.62,7.55,23.12,9.99,79320,35,0,0,0,0
08/07/2025,00:40:28,10.62,7.53,23.12,9.99,79754,35,0,0,0,0
08/07/2025,00:46:15,10.62,7.54,23.12,9.99,79645,35,0,0,0,0
08/07/2025,00:52:02,10.62,7.54,23.12,9.99,79645,35,0,0,0,0
08/07/2025,00:57:49,10.63,7.55,23.12,9.99,79645,35,0,0,0,0
08/07/2025,01:03:36,10.62,7.54,23.12,9.99,79537,35,0,0,0,0
08/07/2025,01:09:23,10.63,7.54,23.12,9.99,79645,35,0,0,0,0
08/07/2025,01:15:10,10.64,7.53,23.12,9.99,79645,35,0,0,0,0
08/07/2025,01:20:57,10.65,7.55,23.12,9.99,79537,35,0,0,0,0
08/07/2025,01:26:44,10.65,7.55,23.12,9.99,79645,35,0,0,0,0
08/07/2025,01:32:31,10.66,7.54,23.12,9.99,79645,35,0,0,0,0
08/07/2025,01:38:18,10.67,7.56,23.12,9.99,79645,35,0,0,0,0
08/07/2025,01:44:05,10.69,7.56,23.12,9.99,79645,35,0,0,0,0
08/07/2025,01:49:52,10.69,7.57,23.12,9.99,79645,35,0,0,0,0
08/07/2025,01:55:39,10.69,7.59,23.12,9.99,79645,35,0,0,0,0
08/07/2025,02:01:26,10.69,7.57,23.12,9.99,79645,35,0,0,0,0
08/07/2025,02:07:13,10.69,7.59,23.12,9.99,79645,35,0,0,0,0
08/07/2025,02:13:00,10.69,7.57,23.12,9.99,79537,35,0,0,0,0
08/07/2025,02:18:46,10.68,7.58,23.12,9.99,79537,35,0,0,0,0
08/07/2025,02:24:34,10.68,7.59,23.12,9.99,79645,35,0,0,0,0
08/07/2025,02:30:21,10.67,7.59,23.12,9.99,79537,35,0,0,0,0
08/07/2025,02:36:07,10.67,7.59,23.09,9.99,79645,35,0,0,0,0
08/07/2025,02:41:55,10.66,7.6,23.09,9.99,79645,35,0,0,0,0
08/07/2025,02:47:42,10.65,7.61,23.09,9.99,79645,35,0,0,0,0
08/07/2025,02:53:28,10.65,7.59,23.09,9.99,79645,35,0,0,0,0
08/07/2025,02:59:16,10.64,7.63,23.09,9.99,79537,35,0,0,0,0
08/07/2025,03:05:03,10.64,7.61,23.09,9.99,79428,35,0,0,0,0
08/07/2025,03:10:49,10.64,7.62,23.07,9.99,79537,35,0,0,0,0
08/07/2025,03:16:37,10.64,7.6,23.07,9.99,79537,35,0,0,0,0
08/07/2025,03:22:24,10.64,7.61,23.07,9.99,79645,35,0,0,0,0
08/07/2025,03:28:10,10.64,7.61,23.07,9.99,79537,35,0,0,0,0
08/07/2025,03:33:58,10.63,7.62,23.07,9.99,79537,35,0,0,0,0
08/07/2025,03:39:45,10.63,7.62,23.07,9.99,79645,35,0,0,0,0
08/07/2025,03:45:31,10.63,7.61,23.04,9.99,79645,35,0,0,0,0
08/07/2025,03:51:19,10.63,7.61,23.04,9.99,79645,35,0,0,0,0
08/07/2025,03:57:05,10.63,7.62,23.04,9.99,79645,35,0,0,0,0
08/07/2025,04:02:52,10.64,7.61,23.04,9.99,79537,35,0,0,0,0
08/07/2025,04:08:39,10.64,7.61,23.04,9.99,79537,35,0,0,0,0
08/07/2025,04:14:26,10.63,7.62,23.04,9.99,79645,35,0,0,0,0
08/07/2025,04:20:13,10.63,7.6,23.04,9.99,79645,35,0,0,0,0
08/07/2025,04:26:00,10.63,7.61,23.04,9.99,79645,35,0,0,0,0
08/07/2025,04:31:47,10.63,7.61,23.04,9.99,79645,35,0,0,0,0
08/07/2025,04:37:34,10.64,7.62,23.04,9.99,79428,35,0,0,0,0
08/07/2025,04:43:21,10.64,7.61,23.04,9.99,79645,35,0,0,0,0
08/07/2025,04:49:08,10.64,7.61,23.04,9.99,79645,35,0,0,0,0
08/07/2025,04:54:55,10.64,7.62,23.04,9.99,79537,35,0,0,0,0
08/07/2025,05:00:42,10.64,7.61,23.01,9.99,79645,35,0,0,0,0
08/07/2025,05:06:29,10.64,7.61,23.01,9.99,79537,35,0,0,0,0
08/07/2025,05:12:16,10.65,7.62,23.01,9.99,79645,35,0,0,0,0
08/07/2025,05:18:03,10.66,7.64,23.01,9.99,79645,35,0,0,0,0
08/07/2025,05:23:50,10.68,7.61,22.98,9.99,79537,35,0,0,0,0
08/07/2025,05:29:37,10.69,7.63,22.93,9.99,79645,35,0,0,0,0
08/07/2025,05:35:23,10.7,7.64,22.88,9.99,79537,35,0,0,0,0
08/07/2025,05:41:11,10.7,7.65,22.82,9.99,79537,35,0,0,0,0
08/07/2025,05:46:58,10.7,7.65,22.77,9.99,79645,35,0,0,0,0
08/07/2025,05:52:44,10.71,7.66,22.69,9.99,79428,35,0,0,0,0
08/07/2025,05:58:32,10.7,7.67,22.61,9.99,79428,35,0,0,0,0
08/07/2025,06:04:19,10.69,7.67,22.53,9.99,79645,35,0,0,0,0
08/07/2025,06:10:05,10.71,7.67,22.47,9.99,79428,35,0,0,0,0
08/07/2025,06:15:53,10.7,7.69,22.45,9.99,79645,35,0,0,0,0
08/07/2025,06:21:40,10.69,7.68,22.36,9.99,79428,35,0,0,0,0
08/07/2025,06:27:26,10.69,7.69,22.31,9.99,79428,35,0,0,0,0
08/07/2025,06:33:14,10.69,7.67,22.28,9.99,79645,35,0,0,0,0
08/07/2025,06:39:01,10.68,7.69,22.23,9.99,79645,35,0,0,0,0
08/07/2025,06:44:47,10.68,7.69,22.18,9.99,79537,35,0,0,0,0
08/07/2025,06:50:35,10.68,7.7,22.15,9.99,79537,35,0,0,0,0
08/07/2025,06:56:22,10.67,7.7,22.07,9.99,79645,35,0,0,0,0
08/07/2025,07:02:08,10.67,7.71,22.07,9.99,79537,35,0,0,0,0
08/07/2025,07:07:56,10.67,7.72,22.04,9.99,79645,35,0,0,0,0
08/07/2025,07:13:42,10.67,7.71,22.04,9.99,79537,35,0,0,0,0
08/07/2025,07:19:29,10.67,7.71,22.01,9.99,79645,35,0,0,0,0
08/07/2025,07:25:17,10.69,7.7,21.99,9.99,79645,35,0,0,0,0
08/07/2025,07:31:03,10.67,7.72,21.99,9.99,79320,35,0,0,0,0
08/07/2025,07:36:50,10.67,7.72,21.96,9.99,79537,35,0,0,0,0
08/07/2025,07:42:38,10.67,7.71,21.93,9.99,79537,35,0,0,0,0
08/07/2025,07:48:24,10.67,7.74,21.93,9.99,79537,35,0,0,0,0
08/07/2025,07:54:11,10.67,7.73,21.93,9.99,79537,35,0,0,0,0
08/07/2025,07:59:58,10.67,7.74,21.91,9.99,79537,35,0,0,0,0
08/07/2025,08:05:45,10.67,7.75,21.91,9.99,79537,35,0,0,0,0
08/07/2025,08:11:32,10.67,7.73,21.91,9.99,79645,35,0,0,0,0
08/07/2025,08:17:18,10.68,7.75,21.91,9.99,79320,35,0,0,0,0
08/07/2025,08:23:06,10.67,7.74,21.91,9.99,79645,35,0,0,0,0
08/07/2025,08:28:53,10.67,7.74,21.91,9.99,79537,35,0,0,0,0
08/07/2025,08:34:39,10.67,7.77,21.91,9.99,79537,35,0,0,0,0
08/07/2025,08:40:27,10.67,7.76,21.91,9.99,79645,35,0,0,0,0
08/07/2025,08:46:14,10.67,7.75,21.91,9.99,79645,35,0,0,0,0
08/07/2025,08:52:00,10.67,7.76,21.91,9.99,79428,35,0,0,0,0
08/07/2025,08:57:48,10.66,7.75,21.91,9.99,79537,35,0,0,0,0
08/07/2025,09:03:35,10.66,7.77,21.91,9.99,79537,35,0,0,0,0
08/07/2025,09:09:21,10.66,7.79,21.91,9.99,79320,35,0,0,0,0
08/07/2025,09:15:09,10.67,7.8,21.91,9.99,79645,35,0,0,0,0
08/07/2025,09:20:56,10.67,7.8,21.93,9.99,79428,35,0,0,0,0
08/07/2025,09:26:42,10.67,7.79,21.96,9.99,79103,35,0,0,0,0
08/07/2025,09:32:30,10.68,7.78,22.04,9.99,79537,35,0,0,0,0
08/07/2025,09:38:16,10.69,7.79,22.18,9.99,79211,35,0,0,0,0
08/07/2025,09:44:03,10.69,7.77,22.28,9.99,79103,35,0,0,0,0
08/07/2025,09:49:51,10.69,7.76,22.45,9.99,79428,35,0,0,0,0
08/07/2025,09:55:37,10.7,7.73,22.55,9.99,79211,35,0,0,0,0
08/07/2025,10:01:24,10.69,7.75,22.72,9.99,79211,35,0,0,0,0
08/07/2025,10:07:12,10.7,7.73,22.85,9.99,79645,35,0,0,0,0
08/07/2025,10:12:58,10.7,7.72,22.96,9.99,79103,35,0,0,0,0
08/07/2025,10:18:45,10.71,7.71,23.01,9.99,79320,35,0,0,0,0
08/07/2025,10:24:33,10.72,7.68,23.07,9.99,79645,35,0,0,0,0
08/07/2025,10:30:19,10.71,7.7,23.07,9.99,79645,35,0,0,0,0
08/07/2025,10:36:06,10.71,7.68,23.09,9.99,79537,35,0,0,0,0
08/07/2025,10:41:54,10.71,7.67,23.09,9.99,79211,35,0,0,0,0
08/07/2025,10:47:40,10.7,7.67,23.09,9.99,79103,35,0,0,0,0
08/07/2025,10:53:27,10.7,7.65,23.12,9.99,79645,35,0,0,0,0
08/07/2025,10:59:15,10.7,7.65,23.12,9.99,79211,35,0,0,0,0
08/07/2025,11:05:01,10.69,7.65,23.12,9.99,79645,35,0,0,0,0
08/07/2025,11:10:48,10.7,7.64,23.12,9.99,79645,35,0,0,0,0
08/07/2025,11:16:35,10.69,7.62,23.12,9.99,79645,35,0,0,0,0
08/07/2025,11:22:22,10.68,7.61,23.12,9.99,79537,35,0,0,0,0
08/07/2025,11:28:09,10.67,7.62,23.15,9.99,79645,35,0,0,0,0
08/07/2025,11:33:56,10.67,7.59,23.2,9.99,79645,35,0,0,0,0
08/07/2025,11:39:43,10.67,7.59,23.25,9.99,79645,35,0,0,0,0
08/07/2025,11:45:30,10.67,7.58,23.31,9.99,79537,35,0,0,0,0
08/07/2025,11:51:17,10.67,7.59,23.39,9.99,79645,35,0,0,0,0
08/07/2025,11:57:04,10.67,7.58,23.5,9.99,79103,35,0,0,0,0
08/07/2025,12:02:51,10.67,7.57,23.6,9.99,79211,35,0,0,0,0
08/07/2025,12:08:37,10.67,7.55,23.66,9.99,79645,35,0,0,0,0
08/07/2025,12:14:25,10.67,7.56,23.79,9.99,79211,35,0,0,0,0
08/07/2025,12:20:12,10.67,7.54,23.87,9.99,79645,35,0,0,0,0
08/07/2025,12:25:58,10.68,7.54,23.93,9.99,79103,35,0,0,0,0
08/07/2025,12:31:46,10.68,7.55,23.98,9.99,79211,35,0,0,0,0
08/07/2025,12:37:33,10.68,7.54,24.04,9.99,79537,35,0,0,0,0
08/07/2025,12:43:19,10.68,7.53,24.12,9.99,79645,35,0,0,0,0
08/07/2025,12:49:07,10.68,7.53,24.14,9.99,79211,35,0,0,0,0
08/07/2025,12:54:54,10.68,7.52,24.2,9.99,79211,35,0,0,0,0
08/07/2025,13:00:40,10.68,7.51,24.22,9.99,79645,35,0,0,0,0
08/07/2025,13:06:28,10.68,7.5,24.25,9.99,79103,35,0,0,0,0
08/07/2025,13:12:15,10.68,7.5,24.28,9.99,79537,35,0,0,0,0
08/07/2025,13:18:01,10.67,7.49,24.28,9.99,79211,35,0,0,0,0
08/07/2025,13:23:49,10.68,7.48,24.3,9.99,79428,35,0,0,0,0
08/07/2025,13:29:36,10.67,7.48,24.3,9.99,79211,35,0,0,0,0
08/07/2025,13:35:22,10.66,7.47,24.3,9.99,79645,35,0,0,0,0
08/07/2025,13:41:10,10.66,7.47,24.3,9.99,79645,35,0,0,0,0
08/07/2025,13:46:57,10.67,7.48,24.3,9.99,79537,35,0,0,0,0
08/07/2025,13:52:43,10.65,7.46,24.33,9.99,79103,35,0,0,0,0
08/07/2025,13:58:31,10.67,7.45,24.33,9.99,79428,35,0,0,0,0
08/07/2025,14:04:18,10.66,7.45,24.33,9.99,79537,35,0,0,0,0
08/07/2025,14:10:04,10.66,7.44,24.33,9.99,79537,35,0,0,0,0
08/07/2025,14:15:52,10.66,7.43,24.33,9.99,79645,35,0,0,0,0
08/07/2025,14:21:39,10.67,7.44,24.33,9.99,79537,35,0,0,0,0
08/07/2025,14:27:25,10.67,7.43,24.33,9.99,79645,35,0,0,0,0
08/07/2025,14:33:13,10.66,7.42,24.33,9.99,79645,35,0,0,0,0
08/07/2025,14:38:59,10.66,7.42,24.33,9.99,79645,35,0,0,0,0
08/07/2025,14:44:46,10.66,7.42,24.33,9.99,79537,35,0,0,0,0
08/07/2025,14:50:34,10.65,7.41,24.33,9.99,79428,35,0,0,0,0
08/07/2025,14:56:21,10.62,7.42,24.33,9.99,79211,35,0,0,0,0
08/07/2025,15:02:07,10.61,7.4,24.36,9.99,79537,35,0,0,0,0
08/07/2025,15:07:55,10.59,7.4,24.39,9.99,79645,35,0,0,0,0
08/07/2025,15:13:41,10.56,7.39,24.47,9.99,79537,35,0,0,0,0
08/07/2025,15:19:28,10.55,7.36,24.55,9.99,79103,35,0,0,0,0
08/07/2025,15:25:16,10.56,7.37,24.71,9.99,79645,35,0,0,0,0
08/07/2025,15:31:02,10.57,7.37,24.9,9.99,79537,35,0,0,0,0
08/07/2025,15:36:49,10.58,7.35,24.98,9.99,79645,35,0,0,0,0
08/07/2025,15:42:37,10.59,7.34,25.06,9.99,79537,35,0,0,0,0
08/07/2025,15:48:23,10.61,7.34,25.19,9.99,79645,35,0,0,0,0
08/07/2025,15:54:10,10.61,7.35,25.3,9.99,79645,35,0,0,0,0
08/07/2025,15:59:57,10.64,7.33,25.36,9.99,79645,35,0,0,0,0
08/07/2025,16:05:44,10.63,7.32,25.38,9.99,79320,35,0,0,0,0
08/07/2025,16:11:31,10.61,7.32,25.41,9.99,79645,35,0,0,0,0
08/07/2025,16:17:18,10.61,7.32,25.44,9.99,79103,35,0,0,0,0
08/07/2025,16:23:05,10.61,7.33,25.46,9.99,79428,35,0,0,0,0
08/07/2025,16:28:52,10.61,7.31,25.52,9.99,79645,35,0,0,0,0
08/07/2025,16:34:39,10.64,7.31,25.52,9.99,79645,35,0,0,0,0
08/07/2025,16:40:26,10.66,7.29,25.52,9.99,79645,35,0,0,0,0
08/07/2025,16:46:13,10.67,7.28,25.52,9.99,79645,35,0,0,0,0
08/07/2025,16:52:00,10.67,7.28,25.52,9.99,79645,35,0,0,0,0
08/07/2025,16:57:47,10.67,7.28,25.52,9.99,79537,35,0,0,0,0
08/07/2025,17:03:34,10.7,7.29,25.54,9.99,79645,35,0,0,0,0
08/07/2025,17:09:21,10.7,7.28,25.54,9.99,79645,35,0,0,0,0
08/07/2025,17:15:08,10.69,7.3,25.54,9.99,79211,35,0,0,0,0
08/07/2025,17:20:55,10.7,7.29,25.54,9.99,79645,35,0,0,0,0
08/07/2025,17:26:42,10.7,7.28,25.54,9.99,79428,35,0,0,0,0
08/07/2025,17:32:29,10.71,7.28,25.54,9.99,79537,35,0,0,0,0
08/07/2025,17:38:16,10.71,7.29,25.54,9.99,79103,35,0,0,0,0
08/07/2025,17:44:03,10.72,7.29,25.54,9.99,79537,35,0,0,0,0
08/07/2025,17:49:51,10.72,7.27,25.54,9.99,79103,35,0,0,0,0
08/07/2025,17:55:37,10.71,7.3,25.54,9.99,79645,35,0,0,0,0
08/07/2025,18:01:24,10.74,7.29,25.54,9.99,79211,35,0,0,0,0
08/07/2025,18:07:12,10.73,7.28,25.54,9.99,79645,35,0,0,0,0
08/07/2025,18:12:58,10.72,7.29,25.52,9.99,79103,35,0,0,0,0
08/07/2025,18:18:45,10.72,7.29,25.52,9.99,78886,35,0,0,0,0
08/07/2025,18:24:33,10.72,7.29,25.52,9.99,79211,35,0,0,0,0
08/07/2025,18:30:19,10.72,7.29,25.52,9.99,79645,35,0,0,0,0
08/07/2025,18:36:06,10.73,7.3,25.52,9.99,79211,35,0,0,0,0
08/07/2025,18:41:54,10.75,7.31,25.52,9.99,79645,35,0,0,0,0
08/07/2025,18:47:40,10.74,7.32,25.52,9.99,79645,35,0,0,0,0
08/07/2025,18:53:27,10.74,7.32,25.52,9.99,79645,35,0,0,0,0
08/07/2025,18:59:15,10.76,7.3,25.49,9.99,79645,35,0,0,0,0
08/07/2025,19:05:01,10.74,7.32,25.49,9.99,79537,35,0,0,0,0
08/07/2025,19:10:48,10.75,7.33,25.46,9.99,79211,35,0,0,0,0
08/07/2025,19:16:36,10.74,7.33,25.46,9.99,79211,35,0,0,0,0
08/07/2025,19:22:22,10.75,7.33,25.44,9.99,79645,35,0,0,0,0
08/07/2025,19:28:09,10.76,7.33,25.41,9.99,79645,35,0,0,0,0
08/07/2025,19:33:57,10.76,7.33,25.38,9.99,79211,35,0,0,0,0
08/07/2025,19:39:43,10.73,7.33,25.36,9.99,79537,35,0,0,0,0
08/07/2025,19:45:30,10.76,7.34,25.36,9.99,79211,35,0,0,0,0
08/07/2025,19:51:18,10.77,7.33,25.33,9.99,79645,35,0,0,0,0
08/07/2025,19:57:04,10.74,7.34,25.3,9.99,79211,35,0,0,0,0
08/07/2025,20:02:51,10.73,7.35,25.25,9.99,79428,35,0,0,0,0
08/07/2025,20:08:38,10.73,7.35,25.22,9.99,79211,35,0,0,0,0
08/07/2025,20:14:25,10.75,7.34,25.14,9.99,79428,35,0,0,0,0
08/07/2025,20:20:12,10.74,7.35,25.09,9.99,79537,35,0,0,0,0
08/07/2025,20:25:59,10.76,7.35,25.09,9.99,79645,35,0,0,0,0
08/07/2025,20:31:46,10.75,7.37,25.09,9.99,79103,35,0,0,0,0
08/07/2025,20:37:33,10.74,7.36,25.09,9.99,79645,35,0,0,0,0
08/07/2025,20:43:20,10.74,7.35,25.09,9.99,79320,35,0,0,0,0
08/07/2025,20:49:07,10.74,7.36,25.09,9.99,79211,35,0,0,0,0
08/07/2025,20:54:54,10.72,7.36,25.06,9.99,79537,35,0,0,0,0
08/07/2025,21:00:41,10.75,7.34,25.03,9.99,79537,35,0,0,0,0
08/07/2025,21:06:28,10.75,7.36,25.01,9.99,79645,35,0,0,0,0
08/07/2025,21:12:15,10.76,7.36,24.98,9.99,79103,35,0,0,0,0
08/07/2025,21:18:02,10.76,7.36,24.9,9.99,79537,35,0,0,0,0
08/07/2025,21:23:49,10.77,7.36,24.82,9.99,79645,35,0,0,0,0
08/07/2025,21:29:36,10.76,7.38,24.82,9.99,79645,35,0,0,0,0
08/07/2025,21:35:23,10.76,7.36,24.79,9.99,79645,35,0,0,0,0
08/07/2025,21:41:10,10.74,7.39,24.76,9.99,79103,35,0,0,0,0
08/07/2025,21:46:57,10.72,7.37,24.76,9.99,79645,35,0,0,0,0
08/07/2025,21:52:44,10.71,7.37,24.79,9.99,79645,35,0,0,0,0
08/07/2025,21:58:31,10.69,7.36,24.82,9.99,79645,35,0,0,0,0
08/07/2025,22:04:18,10.67,7.36,24.84,9.99,79645,35,0,0,0,0
08/07/2025,22:10:05,10.65,7.32,24.71,9.99,79537,35,0,0,0,0
08/07/2025,22:15:52,10.65,7.32,24.6,9.99,79428,35,0,0,0,0
08/07/2025,22:21:39,10.64,7.35,24.47,9.99,79537,35,0,0,0,0
08/07/2025,22:27:26,10.63,7.35,24.41,9.99,79645,35,0,0,0,0
08/07/2025,22:33:14,10.63,7.36,24.39,9.99,79428,35,0,0,0,0
08/07/2025,22:39:00,10.62,7.35,24.33,9.99,79645,35,0,0,0,0
08/07/2025,22:44:47,10.61,7.36,24.33,9.99,79645,35,0,0,0,0
08/07/2025,22:50:35,10.61,7.36,24.33,9.99,79645,35,0,0,0,0
08/07/2025,22:56:21,10.61,7.38,24.33,9.99,79645,35,0,0,0,0
08/07/2025,23:02:08,10.6,7.38,24.33,9.99,79645,35,0,0,0,0
08/07/2025,23:07:56,10.6,7.38,24.33,9.99,79537,35,0,0,0,0
08/07/2025,23:13:42,10.6,7.4,24.33,9.99,79537,35,0,0,0,0
08/07/2025,23:19:29,10.61,7.41,24.33,9.99,79645,35,0,0,0,0
08/07/2025,23:25:17,10.6,7.39,24.33,9.99,79537,35,0,0,0,0
08/07/2025,23:31:03,10.6,7.39,24.33,9.99,79428,35,0,0,0,0
08/07/2025,23:36:50,10.6,7.41,24.33,9.99,79645,35,0,0,0,0
08/07/2025,23:42:38,10.6,7.4,24.33,9.99,79428,35,0,0,0,0
08/07/2025,23:48:24,10.6,7.42,24.33,9.99,79645,35,0,0,0,0
08/07/2025,23:54:11,10.6,7.4,24.33,9.99,79537,35,0,0,0,0
08/07/2025,23:59:59,10.6,7.42,24.33,9.99,79537,35,0,0,0,0
09/07/2025,00:00:00,10.6,7.42,24.33,9.99,79537,35,0,0,0,0
09/07/2025,00:05:46,10.6,7.4,24.33,9.99,79645,35,0,0,0,0
09/07/2025,00:11:33,10.6,7.41,24.33,9.99,79537,35,0,0,0,0
09/07/2025,00:17:20,10.61,7.41,24.33,9.99,79320,35,0,0,0,0
09/07/2025,00:23:07,10.61,7.42,24.33,9.99,79320,35,0,0,0,0
09/07/2025,00:28:54,10.6,7.41,24.33,9.99,79645,35,0,0,0,0
09/07/2025,00:34:41,10.6,7.4,24.33,9.99,79428,35,0,0,0,0
09/07/2025,00:40:28,10.61,7.42,24.3,9.99,79645,35,0,0,0,0
09/07/2025,00:46:15,10.6,7.41,24.3,9.99,79537,35,0,0,0,0
09/07/2025,00:52:02,10.61,7.43,24.3,9.99,79537,35,0,0,0,0
09/07/2025,00:57:49,10.6,7.43,24.3,9.99,79645,35,0,0,0,0
09/07/2025,01:03:36,10.61,7.43,24.3,9.99,79537,35,0,0,0,0
09/07/2025,01:09:23,10.61,7.42,24.3,9.99,79645,35,0,0,0,0
09/07/2025,01:15:10,10.62,7.42,24.3,9.99,79645,35,0,0,0,0
09/07/2025,01:20:57,10.64,7.42,24.3,9.99,79428,35,0,0,0,0
09/07/2025,01:26:44,10.65,7.43,24.3,9.99,79645,35,0,0,0,0
09/07/2025,01:32:31,10.66,7.44,24.3,9.99,79645,35,0,0,0,0
09/07/2025,01:38:18,10.67,7.44,24.3,9.99,79537,35,0,0,0,0
09/07/2025,01:44:05,10.68,7.45,24.28,9.99,79537,35,0,0,0,0
09/07/2025,01:49:52,10.67,7.45,24.25,9.99,79645,35,0,0,0,0
09/07/2025,01:55:39,10.69,7.45,24.2,9.99,79537,35,0,0,0,0
09/07/2025,02:01:26,10.7,7.47,24.14,9.99,79645,35,0,0,0,0
09/07/2025,02:07:13,10.69,7.47,24.09,9.99,79537,35,0,0,0,0
09/07/2025,02:13:00,10.73,7.49,23.95,9.99,79645,35,0,0,0,0
09/07/2025,02:18:47,10.71,7.49,23.79,9.99,79428,35,0,0,0,0
09/07/2025,02:24:34,10.73,7.48,23.66,9.99,79754,35,0,0,0,0
09/07/2025,02:30:21,10.73,7.49,23.55,9.99,79537,35,0,0,0,0
09/07/2025,02:36:08,10.73,7.5,23.42,9.99,79645,35,0,0,0,0
09/07/2025,02:41:54,10.73,7.53,23.31,9.99,79537,35,0,0,0,0
09/07/2025,02:47:42,10.74,7.53,23.2,9.99,79537,35,0,0,0,0
09/07/2025,02:53:29,10.74,7.54,23.17,9.99,79645,35,0,0,0,0
09/07/2025,02:59:15,10.73,7.54,23.12,9.99,79537,35,0,0,0,0
09/07/2025,03:05:03,10.74,7.56,23.12,9.99,79645,35,0,0,0,0
09/07/2025,03:10:50,10.74,7.55,23.12,9.99,79645,35,0,0,0,0
09/07/2025,03:16:36,10.74,7.55,23.12,9.99,79645,35,0,0,0,0
09/07/2025,03:22:24,10.74,7.58,23.12,9.99,79645,35,0,0,0,0
09/07/2025,03:28:11,10.74,7.58,23.12,9.99,79645,35,0,0,0,0
09/07/2025,03:33:57,10.74,7.59,23.12,9.99,79645,35,0,0,0,0
09/07/2025,03:39:45,10.75,7.61,23.12,9.99,79537,35,0,0,0,0
09/07/2025,03:45:32,10.75,7.59,23.09,9.99,79320,35,0,0,0,0
09/07/2025,03:51:18,10.74,7.61,23.09,9.99,79645,35,0,0,0,0
09/07/2025,03:57:06,10.74,7.62,23.07,9.99,79320,35,0,0,0,0
09/07/2025,04:02:53,10.74,7.63,23.04,9.99,79645,35,0,0,0,0
09/07/2025,04:08:39,10.74,7.65,23.01,9.99,79645,35,0,0,0,0
09/07/2025,04:14:27,10.74,7.63,22.96,9.99,79537,35,0,0,0,0
09/07/2025,04:20:14,10.74,7.66,22.9,9.99,79537,35,0,0,0,0
09/07/2025,04:26:00,10.73,7.64,22.82,9.99,79645,35,0,0,0,0
09/07/2025,04:31:48,10.73,7.68,22.74,9.99,79537,35,0,0,0,0
09/07/2025,04:37:35,10.73,7.66,22.69,9.99,79645,35,0,0,0,0
09/07/2025,04:43:21,10.73,7.67,22.58,9.99,79428,35,0,0,0,0
09/07/2025,04:49:09,10.73,7.67,22.5,9.99,79645,35,0,0,0,0
09/07/2025,04:54:56,10.72,7.66,22.39,9.99,79645,35,0,0,0,0
09/07/2025,05:00:42,10.71,7.7,22.31,9.99,79645,35,0,0,0,0
09/07/2025,05:06:30,10.71,7.7,22.26,9.99,79537,35,0,0,0,0
09/07/2025,05:12:17,10.71,7.71,22.23,9.99,79645,35,0,0,0,0
09/07/2025,05:18:03,10.7,7.7,22.15,9.99,79645,35,0,0,0,0
09/07/2025,05:23:50,10.71,7.71,22.07,9.99,79645,35,0,0,0,0
09/07/2025,05:29:38,10.71,7.72,22.07,9.99,79645,35,0,0,0,0
09/07/2025,05:35:24,10.7,7.73,22.04,9.99,79428,35,0,0,0,0
09/07/2025,05:41:11,10.7,7.72,22.04,9.99,79645,35,0,0,0,0
09/07/2025,05:46:59,10.69,7.71,22.01,9.99,79645,35,0,0,0,0
09/07/2025,05:52:45,10.71,7.71,21.99,9.99,79645,35,0,0,0,0
09/07/2025,05:58:32,10.7,7.72,21.99,9.99,79537,35,0,0,0,0
09/07/2025,06:04:20,10.7,7.72,21.96,9.99,79645,35,0,0,0,0
09/07/2025,06:10:06,10.71,7.72,21.96,9.99,79645,35,0,0,0,0
09/07/2025,06:15:53,10.71,7.73,21.93,9.99,79645,35,0,0,0,0
09/07/2025,06:21:41,10.71,7.73,21.93,9.99,79645,35,0,0,0,0
09/07/2025,06:27:27,10.71,7.73,21.91,9.99,79537,35,0,0,0,0
09/07/2025,06:33:14,10.72,7.74,21.91,9.99,79537,35,0,0,0,0
09/07/2025,06:39:02,10.71,7.74,21.91,9.99,79645,35,0,0,0,0
09/07/2025,06:44:49,10.71,7.74,21.91,9.99,79645,35,0,0,0,0
09/07/2025,06:50:35,10.72,7.75,21.91,9.99,79537,35,0,0,0,0
09/07/2025,06:56:23,10.72,7.75,21.91,9.99,79211,35,0,0,0,0
09/07/2025,07:02:10,10.72,7.75,21.91,9.99,79645,35,0,0,0,0
09/07/2025,07:07:56,10.72,7.75,21.91,9.99,79645,35,0,0,0,0
09/07/2025,07:13:44,10.72,7.75,21.91,9.99,79537,35,0,0,0,0
09/07/2025,07:19:31,10.72,7.76,21.91,9.99,79428,35,0,0,0,0
09/07/2025,07:25:17,10.72,7.75,21.91,9.99,79645,35,0,0,0,0
09/07/2025,07:31:05,10.72,7.77,21.91,9.99,79645,35,0,0,0,0
09/07/2025,07:36:52,10.72,7.76,21.91,9.99,79537,35,0,0,0,0
09/07/2025,07:42:38,10.72,7.77,21.91,9.99,79645,35,0,0,0,0
09/07/2025,07:48:26,10.72,7.78,21.91,9.99,79537,35,0,0,0,0
09/07/2025,07:54:13,10.73,7.78,21.91,9.99,79428,35,0,0,0,0
09/07/2025,07:59:59,10.73,7.79,21.91,9.99,79645,35,0,0,0,0
09/07/2025,08:05:46,10.73,7.79,21.91,9.99,79645,35,0,0,0,0
09/07/2025,08:11:34,10.73,7.77,21.91,9.99,79645,35,0,0,0,0
09/07/2025,08:17:20,10.73,7.78,21.88,9.99,79645,35,0,0,0,0
09/07/2025,08:23:07,10.72,7.79,21.88,9.99,79645,35,0,0,0,0
09/07/2025,08:28:55,10.72,7.79,21.88,9.99,79645,35,0,0,0,0
09/07/2025,08:34:41,10.72,7.81,21.88,9.99,79320,35,0,0,0,0
09/07/2025,08:40:28,10.72,7.81,21.88,9.99,79537,35,0,0,0,0
09/07/2025,08:46:16,10.72,7.8,21.88,9.99,79645,35,0,0,0,0
09/07/2025,08:52:03,10.72,7.81,21.88,9.99,79645,35,0,0,0,0
09/07/2025,08:57:49,10.71,7.79,21.88,9.99,79645,35,0,0,0,0
09/07/2025,09:03:37,10.71,7.81,21.88,9.99,79103,35,0,0,0,0
09/07/2025,09:09:23,10.7,7.82,21.88,9.99,78777,35,0,0,0,0
09/07/2025,09:15:10,10.71,7.82,21.91,9.99,79645,35,0,0,0,0
09/07/2025,09:20:58,10.7,7.82,21.91,9.99,79645,35,0,0,0,0
09/07/2025,09:26:45,10.7,7.81,21.91,9.99,79537,35,0,0,0,0
09/07/2025,09:32:31,10.7,7.8,21.91,9.99,79103,35,0,0,0,0
09/07/2025,09:38:19,10.7,7.78,21.96,9.99,79537,35,0,0,0,0
09/07/2025,09:44:06,10.71,7.77,22.07,9.99,79645,35,0,0,0,0
09/07/2025,09:49:52,10.71,7.74,22.28,9.99,79103,35,0,0,0,0
09/07/2025,09:55:40,10.71,7.74,22.47,9.99,79428,35,0,0,0,0
09/07/2025,10:01:27,10.71,7.73,22.69,9.99,79428,35,0,0,0,0
09/07/2025,10:07:13,10.71,7.71,22.82,9.99,79645,35,0,0,0,0
09/07/2025,10:13:01,10.71,7.7,22.93,9.99,79103,35,0,0,0,0
09/07/2025,10:18:48,10.71,7.69,23.04,9.99,79645,35,0,0,0,0
09/07/2025,10:24:34,10.7,7.67,23.07,9.99,79645,35,0,0,0,0
09/07/2025,10:30:22,10.71,7.67,23.09,9.99,79320,35,0,0,0,0
09/07/2025,10:36:09,10.71,7.65,23.09,9.99,79537,35,0,0,0,0
09/07/2025,10:41:55,10.71,7.65,23.12,9.99,79103,35,0,0,0,0
09/07/2025,10:47:42,10.72,7.64,23.12,9.99,79320,35,0,0,0,0
09/07/2025,10:53:29,10.73,7.63,23.12,9.99,79537,35,0,0,0,0
09/07/2025,10:59:16,10.69,7.63,23.12,9.99,-22222,35,0,0,0,0
09/07/2025,11:05:03,10.65,7.6,23.12,9.99,79645,35,0,0,0,0
09/07/2025,11:10:51,10.61,7.58,23.12,9.99,79645,35,0,0,0,0
09/07/2025,11:16:37,10.59,7.58,23.2,9.99,79211,35,0,0,0,0
09/07/2025,11:22:24,10.59,7.59,23.25,9.99,79211,35,0,0,0,0
09/07/2025,11:28:12,10.6,7.57,23.39,9.99,79645,35,0,0,0,0
09/07/2025,11:33:58,10.6,7.56,23.52,9.99,78994,35,0,0,0,0
09/07/2025,11:39:45,10.64,7.55,23.63,9.99,79537,35,0,0,0,0
09/07/2025,11:45:32,10.64,7.54,23.79,9.99,79103,35,0,0,0,0
09/07/2025,11:51:19,10.63,7.53,23.95,9.99,79645,35,0,0,0,0
09/07/2025,11:57:06,10.61,7.53,24.09,9.99,79645,35,0,0,0,0
09/07/2025,12:02:53,10.61,7.5,24.14,9.99,79537,35,0,0,0,0
09/07/2025,12:08:40,10.62,7.5,24.22,9.99,79537,35,0,0,0,0
09/07/2025,12:14:27,10.63,7.49,24.25,9.99,79320,35,0,0,0,0
09/07/2025,12:20:14,10.63,7.49,24.28,9.99,79645,35,0,0,0,0
09/07/2025,12:26:01,10.65,7.48,24.3,9.99,79645,35,0,0,0,0
09/07/2025,12:31:47,10.65,7.49,24.3,9.99,79645,35,0,0,0,0
09/07/2025,12:37:35,10.64,7.46,24.3,9.99,79537,35,0,0,0,0
09/07/2025,12:43:22,10.65,7.47,24.33,9.99,79537,35,0,0,0,0
09/07/2025,12:49:08,10.65,7.45,24.33,9.99,79537,35,0,0,0,0
09/07/2025,12:54:56,10.66,7.43,24.33,9.99,79645,35,0,0,0,0
09/07/2025,13:00:43,10.67,7.44,24.33,9.99,79645,35,0,0,0,0
09/07/2025,13:06:29,10.68,7.43,24.33,9.99,78886,35,0,0,0,0
09/07/2025,13:12:17,10.67,7.43,24.33,9.99,79645,35,0,0,0,0
09/07/2025,13:18:03,10.67,7.42,24.33,9.99,79211,35,0,0,0,0
09/07/2025,13:23:50,10.67,7.42,24.33,9.99,79645,35,0,0,0,0
09/07/2025,13:29:37,10.66,7.4,24.33,9.99,79537,35,0,0,0,0
09/07/2025,13:35:24,10.66,7.39,24.41,9.99,79537,35,0,0,0,0
09/07/2025,13:41:11,10.66,7.38,24.41,9.99,79537,35,0,0,0,0
09/07/2025,13:46:57,10.67,7.39,24.49,9.99,79428,35,0,0,0,0
09/07/2025,13:52:45,10.67,7.39,24.57,9.99,79537,35,0,0,0,0
09/07/2025,13:58:32,10.67,7.38,24.63,9.99,79537,35,0,0,0,0
09/07/2025,14:04:18,10.66,7.37,24.71,9.99,79211,35,0,0,0,0
09/07/2025,14:10:06,10.67,7.36,24.82,9.99,79537,35,0,0,0,0
09/07/2025,14:15:53,10.67,7.35,24.98,9.99,79428,35,0,0,0,0
09/07/2025,14:21:39,10.66,7.35,25.03,9.99,79645,35,0,0,0,0
09/07/2025,14:27:27,10.68,7.35,25.09,9.99,79103,35,0,0,0,0
09/07/2025,14:33:13,10.66,7.34,25.17,9.99,78886,35,0,0,0,0
09/07/2025,14:39:00,10.67,7.33,25.22,9.99,79103,35,0,0,0,0
09/07/2025,14:44:48,10.65,7.34,25.27,9.99,79211,35,0,0,0,0
09/07/2025,14:50:34,10.67,7.34,25.33,9.99,79211,35,0,0,0,0
09/07/2025,14:56:21,10.69,7.31,25.36,9.99,79103,35,0,0,0,0
09/07/2025,15:02:08,10.69,7.35,25.36,9.99,79645,35,0,0,0,0
09/07/2025,15:07:55,10.68,7.33,25.44,9.99,79645,35,0,0,0,0
09/07/2025,15:13:42,10.68,7.32,25.44,9.99,79645,35,0,0,0,0
09/07/2025,15:19:29,10.67,7.32,25.46,9.99,79537,35,0,0,0,0
09/07/2025,15:25:16,10.67,7.31,25.46,9.99,79537,35,0,0,0,0
09/07/2025,15:31:02,10.67,7.31,25.46,9.99,79428,35,0,0,0,0
09/07/2025,15:36:50,10.67,7.3,25.49,9.99,79645,35,0,0,0,0
09/07/2025,15:42:37,10.67,7.32,25.49,9.99,79320,35,0,0,0,0
09/07/2025,15:48:23,10.68,7.29,25.52,9.99,79537,35,0,0,0,0
09/07/2025,15:54:11,10.67,7.29,25.52,9.99,79645,35,0,0,0,0
09/07/2025,15:59:58,10.66,7.28,25.52,9.99,79320,35,0,0,0,0
09/07/2025,16:05:44,10.66,7.28,25.52,9.99,79645,35,0,0,0,0
09/07/2025,16:11:31,10.66,7.29,25.52,9.99,79645,35,0,0,0,0
09/07/2025,16:17:18,10.67,7.3,25.52,9.99,78994,35,0,0,0,0
09/07/2025,16:23:05,10.67,7.27,25.52,9.99,79645,35,0,0,0,0
09/07/2025,16:28:52,10.66,7.3,25.52,9.99,79645,35,0,0,0,0
09/07/2025,16:34:39,10.67,7.28,25.52,9.99,79211,35,0,0,0,0
09/07/2025,16:40:26,10.67,7.29,25.52,9.99,79645,35,0,0,0,0
09/07/2025,16:46:13,10.66,7.29,25.52,9.99,79537,35,0,0,0,0
09/07/2025,16:52:00,10.67,7.29,25.52,9.99,79537,35,0,0,0,0
09/07/2025,16:57:47,10.67,7.27,25.52,9.99,79645,35,0,0,0,0
09/07/2025,17:03:34,10.67,7.27,25.54,9.99,79754,35,0,0,0,0
09/07/2025,17:09:21,10.68,7.27,25.54,9.99,79103,35,0,0,0,0
09/07/2025,17:15:08,10.68,7.27,25.54,9.99,79211,35,0,0,0,0
09/07/2025,17:20:55,10.68,7.27,25.54,9.99,79645,35,0,0,0,0
09/07/2025,17:26:42,10.68,7.26,25.54,9.99,79537,35,0,0,0,0
09/07/2025,17:32:29,10.68,7.27,25.54,9.99,79211,35,0,0,0,0
09/07/2025,17:38:16,10.69,7.25,25.54,9.99,79645,35,0,0,0,0
09/07/2025,17:44:03,10.68,7.26,25.54,9.99,79537,35,0,0,0,0
09/07/2025,17:49:50,10.68,7.24,25.54,9.99,79645,35,0,0,0,0
09/07/2025,17:55:37,10.68,7.26,25.54,9.99,79645,35,0,0,0,0
09/07/2025,18:01:25,10.69,7.25,25.54,9.99,79645,35,0,0,0,0
09/07/2025,18:07:11,10.68,7.26,25.54,9.99,79103,35,0,0,0,0
09/07/2025,18:12:58,10.69,7.25,25.54,9.99,79537,35,0,0,0,0
09/07/2025,18:18:46,10.69,7.23,25.54,9.99,79645,35,0,0,0,0
09/07/2025,18:24:32,10.69,7.24,25.54,9.99,79211,35,0,0,0,0
09/07/2025,18:30:19,10.7,7.25,25.54,9.99,79537,35,0,0,0,0
09/07/2025,18:36:07,10.7,7.23,25.54,9.99,79645,35,0,0,0,0
09/07/2025,18:41:53,10.7,7.24,25.54,9.99,79645,35,0,0,0,0
09/07/2025,18:47:40,10.7,7.24,25.54,9.99,79645,35,0,0,0,0
09/07/2025,18:53:27,10.7,7.24,25.54,9.99,79645,35,0,0,0,0
09/07/2025,18:59:14,10.69,7.24,25.54,9.99,79645,35,0,0,0,0
09/07/2025,19:05:01,10.7,7.24,25.54,9.99,79428,35,0,0,0,0
09/07/2025,19:10:48,10.7,7.26,25.54,9.99,79103,35,0,0,0,0
09/07/2025,19:16:35,10.7,7.26,25.54,9.99,79645,35,0,0,0,0
09/07/2025,19:22:22,10.7,7.24,25.54,9.99,79537,35,0,0,0,0
09/07/2025,19:28:09,10.71,7.25,25.54,9.99,79320,35,0,0,0,0
09/07/2025,19:33:56,10.71,7.24,25.54,9.99,79103,35,0,0,0,0
09/07/2025,19:39:43,10.71,7.24,25.54,9.99,79645,35,0,0,0,0
09/07/2025,19:45:30,10.72,7.25,25.54,9.99,79103,35,0,0,0,0
09/07/2025,19:51:17,10.71,7.26,25.54,9.99,79103,35,0,0,0,0
09/07/2025,19:57:04,10.71,7.25,25.54,9.99,79645,35,0,0,0,0
09/07/2025,20:02:51,10.71,7.25,25.54,9.99,79211,35,0,0,0,0
09/07/2025,20:08:38,10.71,7.24,25.54,9.99,78994,35,0,0,0,0
09/07/2025,20:14:25,10.72,7.25,25.54,9.99,79103,35,0,0,0,0
09/07/2025,20:20:12,10.72,7.24,25.54,9.99,79537,35,0,0,0,0
09/07/2025,20:25:59,10.72,7.26,25.54,9.99,79645,35,0,0,0,0
09/07/2025,20:31:46,10.71,7.23,25.54,9.99,79537,35,0,0,0,0
09/07/2025,20:37:33,10.7,7.26,25.54,9.99,79645,35,0,0,0,0
09/07/2025,20:43:21,10.7,7.25,25.54,9.99,79645,35,0,0,0,0
09/07/2025,20:49:07,10.71,7.26,25.54,9.99,79537,35,0,0,0,0
09/07/2025,20:54:54,10.7,7.25,25.54,9.99,78777,35,0,0,0,0
09/07/2025,21:00:42,10.7,7.26,25.54,9.99,79754,35,0,0,0,0
09/07/2025,21:06:28,10.73,7.25,25.54,9.99,78994,35,0,0,0,0
09/07/2025,21:12:15,10.73,7.25,25.54,9.99,79103,35,0,0,0,0
09/07/2025,21:18:03,10.73,7.26,25.54,9.99,79211,35,0,0,0,0
09/07/2025,21:23:49,10.73,7.26,25.54,9.99,79645,35,0,0,0,0
09/07/2025,21:29:36,10.72,7.26,25.54,9.99,79645,35,0,0,0,0
09/07/2025,21:35:23,10.71,7.26,25.54,9.99,79537,35,0,0,0,0
09/07/2025,21:41:10,10.71,7.26,25.54,9.99,79537,35,0,0,0,0
09/07/2025,21:46:57,10.69,7.27,25.54,9.99,79537,35,0,0,0,0
09/07/2025,21:52:44,10.68,7.25,25.54,9.99,79103,35,0,0,0,0
09/07/2025,21:58:31,10.67,7.26,25.54,9.99,79645,35,0,0,0,0
09/07/2025,22:04:18,10.66,7.24,25.54,9.99,79645,35,0,0,0,0
09/07/2025,22:10:05,10.64,7.25,25.54,9.99,79537,35,0,0,0,0
09/07/2025,22:15:52,10.63,7.23,25.52,9.99,79537,35,0,0,0,0
09/07/2025,22:21:39,10.62,7.25,25.49,9.99,79537,35,0,0,0,0
09/07/2025,22:27:26,10.61,7.25,25.49,9.99,79537,35,0,0,0,0
09/07/2025,22:33:13,10.6,7.28,25.44,9.99,79645,35,0,0,0,0
09/07/2025,22:39:00,10.59,7.27,25.36,9.99,79645,35,0,0,0,0
09/07/2025,22:44:47,10.59,7.27,25.3,9.99,79645,35,0,0,0,0
09/07/2025,22:50:34,10.59,7.27,25.22,9.99,79537,35,0,0,0,0
09/07/2025,22:56:21,10.58,7.28,25.14,9.99,79645,35,0,0,0,0
09/07/2025,23:02:08,10.58,7.28,25.09,9.99,79537,35,0,0,0,0
09/07/2025,23:07:55,10.58,7.3,24.98,9.99,79645,35,0,0,0,0
09/07/2025,23:13:42,10.58,7.29,24.9,9.99,79537,35,0,0,0,0
09/07/2025,23:19:29,10.58,7.31,24.84,9.99,79537,35,0,0,0,0
09/07/2025,23:25:17,10.58,7.3,24.79,9.99,79645,35,0,0,0,0
09/07/2025,23:31:03,10.58,7.31,24.71,9.99,79645,35,0,0,0,0
09/07/2025,23:36:50,10.58,7.3,24.65,9.99,79645,35,0,0,0,0
09/07/2025,23:42:38,10.57,7.32,24.6,9.99,79537,35,0,0,0,0
09/07/2025,23:48:24,10.58,7.33,24.55,9.99,79645,35,0,0,0,0
09/07/2025,23:54:11,10.58,7.32,24.49,9.99,79320,35,0,0,0,0
09/07/2025,23:59:59,10.58,7.34,24.47,9.99,79537,35,0,0,0,0
10/07/2025,00:00:00,10.57,7.34,24.47,9.99,79645,35,0,0,0,0
10/07/2025,00:05:46,10.58,7.34,24.44,9.99,79645,35,0,0,0,0
10/07/2025,00:11:33,10.58,7.35,24.41,9.99,79645,35,0,0,0,0
10/07/2025,00:17:19,10.58,7.33,24.41,9.99,79645,35,0,0,0,0
10/07/2025,00:23:07,10.58,7.35,24.39,9.99,79537,35,0,0,0,0
10/07/2025,00:28:54,10.58,7.36,24.36,9.99,79645,35,0,0,0,0
10/07/2025,00:34:40,10.57,7.35,24.36,9.99,79428,35,0,0,0,0
10/07/2025,00:40:27,10.57,7.34,24.36,9.99,79645,35,0,0,0,0
10/07/2025,00:46:15,10.58,7.36,24.33,9.99,79645,35,0,0,0,0
10/07/2025,00:52:01,10.58,7.35,24.33,9.99,79645,35,0,0,0,0
10/07/2025,00:57:48,10.58,7.35,24.33,9.99,79537,35,0,0,0,0
10/07/2025,01:03:36,10.57,7.35,24.33,9.99,79645,35,0,0,0,0
10/07/2025,01:09:22,10.58,7.37,24.33,9.99,79645,35,0,0,0,0
10/07/2025,01:15:09,10.58,7.35,24.33,9.99,79645,35,0,0,0,0
10/07/2025,01:20:56,10.59,7.37,24.33,9.99,79645,35,0,0,0,0
10/07/2025,01:26:43,10.6,7.37,24.33,9.99,79645,35,0,0,0,0
10/07/2025,01:32:30,10.61,7.35,24.33,9.99,79537,35,0,0,0,0
10/07/2025,01:38:17,10.62,7.37,24.33,9.99,79537,35,0,0,0,0
10/07/2025,01:44:03,10.63,7.38,24.33,9.99,79537,35,0,0,0,0
10/07/2025,01:49:51,10.63,7.38,24.33,9.99,79537,35,0,0,0,0
10/07/2025,01:55:38,10.64,7.38,24.33,9.99,79428,35,0,0,0,0
10/07/2025,02:01:24,10.65,7.39,24.33,9.99,79645,35,0,0,0,0
10/07/2025,02:07:12,10.66,7.4,24.33,9.99,79645,35,0,0,0,0
10/07/2025,02:12:59,10.67,7.4,24.3,9.99,79537,35,0,0,0,0
10/07/2025,02:18:45,10.66,7.41,24.3,9.99,79428,35,0,0,0,0
10/07/2025,02:24:32,10.67,7.42,24.3,9.99,79537,35,0,0,0,0
10/07/2025,02:30:20,10.67,7.43,24.28,9.99,79645,35,0,0,0,0
10/07/2025,02:36:06,10.68,7.44,24.28,9.99,79645,35,0,0,0,0
10/07/2025,02:41:53,10.7,7.45,24.2,9.99,79645,35,0,0,0,0
10/07/2025,02:47:41,10.69,7.47,24.12,9.99,79645,35,0,0,0,0
10/07/2025,02:53:27,10.69,7.47,24.04,9.99,79645,35,0,0,0,0
10/07/2025,02:59:14,10.7,7.47,23.9,9.99,79645,35,0,0,0,0
10/07/2025,03:05:01,10.69,7.48,23.71,9.99,79537,35,0,0,0,0
10/07/2025,03:10:48,10.69,7.48,23.6,9.99,79537,35,0,0,0,0
10/07/2025,03:16:35,10.69,7.49,23.44,9.99,79428,35,0,0,0,0
10/07/2025,03:22:22,10.69,7.5,23.36,9.99,79537,35,0,0,0,0
10/07/2025,03:28:09,10.69,7.52,23.25,9.99,79537,35,0,0,0,0
10/07/2025,03:33:56,10.69,7.51,23.23,9.99,79645,35,0,0,0,0
10/07/2025,03:39:43,10.69,7.52,23.17,9.99,79645,35,0,0,0,0
10/07/2025,03:45:30,10.69,7.51,23.15,9.99,79645,35,0,0,0,0
10/07/2025,03:51:17,10.69,7.54,23.12,9.99,79537,35,0,0,0,0
10/07/2025,03:57:04,10.68,7.54,23.12,9.99,79537,35,0,0,0,0
10/07/2025,04:02:51,10.68,7.52,23.12,9.99,79645,35,0,0,0,0
10/07/2025,04:08:37,10.68,7.56,23.12,9.99,79537,35,0,0,0,0
10/07/2025,04:14:25,10.68,7.57,23.12,9.99,79537,35,0,0,0,0
10/07/2025,04:20:12,10.69,7.58,23.12,9.99,79537,35,0,0,0,0
10/07/2025,04:25:58,10.69,7.57,23.12,9.99,79645,35,0,0,0,0
10/07/2025,04:31:46,10.68,7.57,23.12,9.99,79645,35,0,0,0,0
10/07/2025,04:37:33,10.69,7.59,23.12,9.99,79645,35,0,0,0,0
10/07/2025,04:43:19,10.69,7.58,23.09,9.99,79537,35,0,0,0,0
10/07/2025,04:49:06,10.69,7.6,23.09,9.99,79537,35,0,0,0,0
10/07/2025,04:54:54,10.68,7.6,23.09,9.99,79645,35,0,0,0,0
10/07/2025,05:00:40,10.69,7.59,23.09,9.99,79645,35,0,0,0,0
10/07/2025,05:06:27,10.69,7.61,23.09,9.99,79645,35,0,0,0,0
10/07/2025,05:12:14,10.69,7.61,23.07,9.99,79645,35,0,0,0,0
10/07/2025,05:18:01,10.69,7.63,23.07,9.99,79645,35,0,0,0,0
10/07/2025,05:23:48,10.68,7.62,23.01,9.99,79645,35,0,0,0,0
10/07/2025,05:29:35,10.68,7.64,23.01,9.99,79537,35,0,0,0,0
10/07/2025,05:35:22,10.68,7.63,22.98,9.99,79428,35,0,0,0,0
10/07/2025,05:41:09,10.68,7.62,22.93,9.99,79645,35,0,0,0,0
10/07/2025,05:46:56,10.68,7.63,22.9,9.99,79537,35,0,0,0,0
10/07/2025,05:52:42,10.68,7.64,22.85,9.99,79645,35,0,0,0,0
10/07/2025,05:58:30,10.67,7.64,22.82,9.99,79537,35,0,0,0,0
10/07/2025,06:04:17,10.67,7.65,22.82,9.99,79537,35,0,0,0,0
10/07/2025,06:10:03,10.68,7.64,22.8,9.99,79537,35,0,0,0,0
10/07/2025,06:15:51,10.68,7.65,22.74,9.99,79645,35,0,0,0,0
10/07/2025,06:21:38,10.68,7.66,22.72,9.99,79645,35,0,0,0,0
10/07/2025,06:27:24,10.69,7.66,22.63,9.99,79537,35,0,0,0,0
10/07/2025,06:33:11,10.69,7.66,22.61,9.99,79645,35,0,0,0,0
10/07/2025,06:38:59,10.68,7.67,22.55,9.99,79645,35,0,0,0,0
10/07/2025,06:44:45,10.68,7.64,22.53,9.99,79428,35,0,0,0,0
10/07/2025,06:50:32,10.68,7.66,22.45,9.99,79537,35,0,0,0,0
10/07/2025,06:56:19,10.68,7.67,22.36,9.99,79645,35,0,0,0,0
10/07/2025,07:02:06,10.69,7.66,22.34,9.99,79320,35,0,0,0,0
10/07/2025,07:07:53,10.68,7.68,22.34,9.99,79645,35,0,0,0,0
10/07/2025,07:13:40,10.68,7.66,22.26,9.99,79537,35,0,0,0,0
10/07/2025,07:19:27,10.68,7.68,22.23,9.99,79645,35,0,0,0,0
10/07/2025,07:25:14,10.67,7.68,22.18,9.99,79537,35,0,0,0,0
10/07/2025,07:31:01,10.68,7.68,22.18,9.99,79537,35,0,0,0,0
10/07/2025,07:36:47,10.67,7.69,22.12,9.99,79537,35,0,0,0,0
10/07/2025,07:42:35,10.68,7.68,22.12,9.99,79537,35,0,0,0,0
10/07/2025,07:48:22,10.67,7.69,22.07,9.99,79645,35,0,0,0,0
10/07/2025,07:54:08,10.67,7.7,22.07,9.99,79645,35,0,0,0,0
10/07/2025,07:59:56,10.68,7.7,22.07,9.99,79537,35,0,0,0,0
10/07/2025,08:05:43,10.68,7.7,22.04,9.99,79645,35,0,0,0,0
10/07/2025,08:11:29,10.68,7.71,22.01,9.99,79537,35,0,0,0,0
10/07/2025,08:17:16,10.68,7.71,22.01,9.99,79537,35,0,0,0,0
10/07/2025,08:23:04,10.68,7.7,21.99,9.99,79645,35,0,0,0,0
10/07/2025,08:28:50,10.68,7.7,21.96,9.99,79537,35,0,0,0,0
10/07/2025,08:34:37,10.68,7.71,21.96,9.99,79537,35,0,0,0,0
10/07/2025,08:40:24,10.68,7.72,21.93,9.99,79537,35,0,0,0,0
10/07/2025,08:46:11,10.68,7.71,21.93,9.99,79645,35,0,0,0,0
10/07/2025,08:51:58,10.67,7.72,21.93,9.99,79428,35,0,0,0,0
10/07/2025,08:57:45,10.67,7.72,21.91,9.99,79537,35,0,0,0,0
10/07/2025,09:03:33,10.67,7.73,21.93,9.99,79645,35,0,0,0,0
10/07/2025,09:09:19,10.67,7.73,21.99,9.99,79103,35,0,0,0,0
10/07/2025,09:15:06,10.67,7.72,22.1,9.99,79211,35,0,0,0,0
10/07/2025,09:20:52,10.67,7.73,22.28,9.99,79537,35,0,0,0,0
10/07/2025,09:26:40,10.67,7.72,22.47,9.99,79537,35,0,0,0,0
10/07/2025,09:32:27,10.67,7.7,22.63,9.99,79645,35,0,0,0,0
10/07/2025,09:38:14,10.68,7.69,22.82,9.99,79428,35,0,0,0,0
10/07/2025,09:44:00,10.67,7.68,22.9,9.99,78994,35,0,0,0,0
10/07/2025,09:49:48,10.68,7.68,23.01,9.99,79211,35,0,0,0,0
10/07/2025,09:55:35,10.68,7.65,23.04,9.99,79537,35,0,0,0,0
10/07/2025,10:01:21,10.69,7.65,23.09,9.99,79537,35,0,0,0,0
10/07/2025,10:07:09,10.68,7.63,23.09,9.99,79645,35,0,0,0,0
10/07/2025,10:12:56,10.68,7.61,23.12,9.99,79320,35,0,0,0,0
10/07/2025,10:18:42,10.68,7.61,23.12,9.99,79645,35,0,0,0,0
10/07/2025,10:24:29,10.68,7.61,23.12,9.99,79537,35,0,0,0,0
10/07/2025,10:30:17,10.68,7.59,23.12,9.99,79537,35,0,0,0,0
10/07/2025,10:36:03,10.68,7.58,23.12,9.99,79537,35,0,0,0,0
10/07/2025,10:41:50,10.69,7.58,23.12,9.99,79645,35,0,0,0,0
10/07/2025,10:47:38,10.69,7.57,23.15,9.99,79320,35,0,0,0,0
10/07/2025,10:53:24,10.68,7.57,23.15,9.99,79645,35,0,0,0,0
10/07/2025,10:59:11,10.68,7.57,23.23,9.99,79428,35,0,0,0,0
10/07/2025,11:04:58,10.68,7.54,23.31,9.99,79211,35,0,0,0,0
10/07/2025,11:10:45,10.67,7.53,23.39,9.99,79103,35,0,0,0,0
10/07/2025,11:16:32,10.67,7.52,23.52,9.99,79320,35,0,0,0,0
10/07/2025,11:22:19,10.66,7.53,23.6,9.99,79537,35,0,0,0,0
10/07/2025,11:28:05,10.65,7.54,23.85,9.99,79103,35,0,0,0,0
10/07/2025,11:33:53,10.65,7.5,23.98,9.99,79645,35,0,0,0,0
10/07/2025,11:39:40,10.65,7.51,24.09,9.99,79645,35,0,0,0,0
10/07/2025,11:45:27,10.65,7.5,24.17,9.99,79645,35,0,0,0,0
10/07/2025,11:51:14,10.65,7.49,24.25,9.99,79103,35,0,0,0,0
10/07/2025,11:57:01,10.66,7.48,24.25,9.99,79537,35,0,0,0,0
10/07/2025,12:02:48,10.65,7.46,24.3,9.99,78886,35,0,0,0,0
10/07/2025,12:08:34,10.65,7.45,24.3,9.99,79428,35,0,0,0,0
10/07/2025,12:14:22,10.65,7.45,24.3,9.99,79645,35,0,0,0,0
10/07/2025,12:20:09,10.65,7.44,24.3,9.99,79645,35,0,0,0,0
10/07/2025,12:25:55,10.65,7.43,24.33,9.99,79645,35,0,0,0,0
10/07/2025,12:31:43,10.65,7.41,24.33,9.99,79537,35,0,0,0,0
10/07/2025,12:37:30,10.65,7.43,24.33,9.99,79320,35,0,0,0,0
10/07/2025,12:43:16,10.65,7.41,24.33,9.99,79428,35,0,0,0,0
10/07/2025,12:49:03,10.65,7.41,24.33,9.99,79537,35,0,0,0,0
10/07/2025,12:54:51,10.66,7.39,24.33,9.99,79320,35,0,0,0,0
10/07/2025,13:00:37,10.65,7.4,24.33,9.99,79103,35,0,0,0,0
10/07/2025,13:06:24,10.65,7.38,24.33,9.99,79428,35,0,0,0,0
10/07/2025,13:12:11,10.65,7.38,24.36,9.99,79211,35,0,0,0,0
10/07/2025,13:17:58,10.65,7.37,24.41,9.99,79537,35,0,0,0,0
10/07/2025,13:23:45,10.65,7.37,24.47,9.99,79537,35,0,0,0,0
10/07/2025,13:29:32,10.66,7.35,24.52,9.99,79428,35,0,0,0,0
10/07/2025,13:35:19,10.65,7.35,24.63,9.99,78777,35,0,0,0,0
10/07/2025,13:41:06,10.65,7.34,24.74,9.99,79211,35,0,0,0,0
10/07/2025,13:46:53,10.69,7.34,24.76,9.99,79645,35,0,0,0,0
10/07/2025,13:52:40,10.65,7.34,24.84,9.99,79320,35,0,0,0,0
10/07/2025,13:58:27,10.65,7.33,24.92,9.99,79645,35,0,0,0,0
10/07/2025,14:04:14,10.65,7.33,24.95,9.99,79645,35,0,0,0,0
10/07/2025,14:10:01,10.65,7.33,25.09,9.99,79645,35,0,0,0,0
10/07/2025,14:15:48,10.65,7.32,25.17,9.99,79537,35,0,0,0,0
10/07/2025,14:21:35,10.65,7.32,25.22,9.99,79645,35,0,0,0,0
10/07/2025,14:27:22,10.66,7.32,25.3,9.99,79537,35,0,0,0,0
10/07/2025,14:33:08,10.65,7.31,25.33,9.99,79211,35,0,0,0,0
10/07/2025,14:38:56,10.65,7.3,25.38,9.99,79428,35,0,0,0,0
10/07/2025,14:44:43,10.65,7.29,25.44,9.99,79103,35,0,0,0,0
10/07/2025,14:50:30,10.65,7.3,25.44,9.99,78994,35,0,0,0,0
10/07/2025,14:56:16,10.66,7.3,25.46,9.99,79103,35,0,0,0,0
10/07/2025,15:02:04,10.65,7.27,25.49,9.99,79537,35,0,0,0,0
10/07/2025,15:07:51,10.65,7.28,25.49,9.99,79103,35,0,0,0,0
10/07/2025,15:13:37,10.65,7.29,25.49,9.99,78994,35,0,0,0,0
10/07/2025,15:19:25,10.65,7.29,25.52,9.99,78994,35,0,0,0,0
10/07/2025,15:25:12,10.65,7.28,25.52,9.99,79645,35,0,0,0,0
10/07/2025,15:30:58,10.65,7.29,25.52,9.99,79537,35,0,0,0,0
10/07/2025,15:36:45,10.65,7.28,25.52,9.99,79537,35,0,0,0,0
10/07/2025,15:42:33,10.66,7.28,25.52,9.99,79645,35,0,0,0,0
10/07/2025,15:48:19,10.65,7.27,25.52,9.99,79211,35,0,0,0,0
10/07/2025,15:54:06,10.66,7.27,25.52,9.99,79537,35,0,0,0,0
10/07/2025,15:59:54,10.66,7.25,25.52,9.99,79537,35,0,0,0,0
10/07/2025,16:05:41,10.66,7.28,25.52,9.99,79645,35,0,0,0,0
10/07/2025,16:11:27,10.66,7.26,25.54,9.99,79211,35,0,0,0,0
10/07/2025,16:17:14,10.67,7.27,25.54,9.99,79645,35,0,0,0,0
10/07/2025,16:23:02,10.66,7.26,25.54,9.99,79211,35,0,0,0,0
10/07/2025,16:28:48,10.66,7.26,25.54,9.99,79645,35,0,0,0,0
10/07/2025,16:34:35,10.66,7.25,25.54,9.99,79645,35,0,0,0,0
10/07/2025,16:40:22,10.66,7.24,25.54,9.99,78886,35,0,0,0,0
10/07/2025,16:46:10,10.66,7.24,25.54,9.99,79537,35,0,0,0,0
10/07/2025,16:51:56,10.65,7.24,25.54,9.99,79537,35,0,0,0,0
10/07/2025,16:57:43,10.65,7.23,25.54,9.99,79103,35,0,0,0,0
10/07/2025,17:03:31,10.66,7.23,25.54,9.99,79537,35,0,0,0,0
10/07/2025,17:09:18,10.66,7.24,25.54,9.99,79211,35,0,0,0,0
10/07/2025,17:15:05,10.66,7.23,25.54,9.99,79537,35,0,0,0,0
10/07/2025,17:20:51,10.66,7.24,25.54,9.99,78994,35,0,0,0,0
10/07/2025,17:26:39,10.67,7.24,25.54,9.99,79645,35,0,0,0,0
10/07/2025,17:32:26,10.67,7.23,25.54,9.99,79645,35,0,0,0,0
10/07/2025,17:38:13,10.67,7.23,25.54,9.99,79103,35,0,0,0,0
10/07/2025,17:44:00,10.67,7.23,25.54,9.99,79537,35,0,0,0,0
10/07/2025,17:49:47,10.67,7.24,25.54,9.99,79103,35,0,0,0,0
10/07/2025,17:55:34,10.67,7.24,25.54,9.99,79645,35,0,0,0,0
10/07/2025,18:01:21,10.68,7.24,25.54,9.99,79537,35,0,0,0,0
10/07/2025,18:07:09,10.68,7.24,25.54,9.99,79537,35,0,0,0,0
10/07/2025,18:12:56,10.67,7.22,25.54,9.99,79428,35,0,0,0,0
10/07/2025,18:18:42,10.67,7.21,25.54,9.99,79211,35,0,0,0,0
10/07/2025,18:24:29,10.67,7.21,25.54,9.99,79645,35,0,0,0,0
10/07/2025,18:30:17,10.68,7.23,25.54,9.99,79537,35,0,0,0,0
10/07/2025,18:36:04,10.68,7.22,25.54,9.99,79103,35,0,0,0,0
10/07/2025,18:41:50,10.68,7.23,25.54,9.99,79645,35,0,0,0,0
10/07/2025,18:47:38,10.68,7.22,25.54,9.99,79645,35,0,0,0,0
10/07/2025,18:53:25,10.68,7.22,25.54,9.99,79537,35,0,0,0,0
10/07/2025,18:59:12,10.67,7.22,25.54,9.99,79645,35,0,0,0,0
10/07/2025,19:04:58,10.68,7.23,25.54,9.99,79428,35,0,0,0,0
10/07/2025,19:10:46,10.69,7.23,25.54,9.99,79645,35,0,0,0,0
10/07/2025,19:16:33,10.69,7.23,25.54,9.99,79320,35,0,0,0,0
10/07/2025,19:22:20,10.69,7.22,25.54,9.99,79537,35,0,0,0,0
10/07/2025,19:28:07,10.68,7.23,25.54,9.99,79537,35,0,0,0,0
10/07/2025,19:33:54,10.69,7.24,25.54,9.99,79645,35,0,0,0,0
10/07/2025,19:39:41,10.69,7.23,25.54,9.99,79645,35,0,0,0,0
10/07/2025,19:45:28,10.69,7.24,25.54,9.99,79537,35,0,0,0,0
10/07/2025,19:51:16,10.68,7.23,25.54,9.99,79320,35,0,0,0,0
10/07/2025,19:57:03,10.69,7.23,25.54,9.99,79645,35,0,0,0,0
10/07/2025,20:02:49,10.7,7.24,25.54,9.99,79645,35,0,0,0,0
10/07/2025,20:08:36,10.69,7.24,25.54,9.99,79537,35,0,0,0,0
10/07/2025,20:14:24,10.69,7.24,25.54,9.99,79211,35,0,0,0,0
10/07/2025,20:20:11,10.7,7.22,25.54,9.99,79537,35,0,0,0,0
10/07/2025,20:25:57,10.71,7.25,25.54,9.99,79103,35,0,0,0,0
10/07/2025,20:31:45,10.7,7.25,25.54,9.99,79428,35,0,0,0,0
10/07/2025,20:37:32,10.7,7.23,25.54,9.99,79645,35,0,0,0,0
10/07/2025,20:43:19,10.7,7.25,25.54,9.99,79103,35,0,0,0,0
10/07/2025,20:49:05,10.71,7.25,25.54,9.99,79645,35,0,0,0,0
10/07/2025,20:54:53,10.7,7.25,25.54,9.99,79428,35,0,0,0,0
10/07/2025,21:00:40,10.69,7.25,25.54,9.99,79645,35,0,0,0,0
10/07/2025,21:06:27,10.72,7.25,25.54,9.99,79211,35,0,0,0,0
10/07/2025,21:12:14,10.71,7.25,25.54,9.99,79537,35,0,0,0,0
10/07/2025,21:18:01,10.73,7.24,25.54,9.99,79428,35,0,0,0,0
10/07/2025,21:23:48,10.73,7.26,25.54,9.99,79537,35,0,0,0,0
10/07/2025,21:29:35,10.74,7.26,25.52,9.99,79537,35,0,0,0,0
10/07/2025,21:35:23,10.73,7.27,25.52,9.99,79103,35,0,0,0,0
10/07/2025,21:41:10,10.72,7.27,25.52,9.99,79211,35,0,0,0,0
10/07/2025,21:46:56,10.71,7.27,25.52,9.99,79103,35,0,0,0,0
10/07/2025,21:52:43,10.69,7.27,25.52,9.99,79537,35,0,0,0,0
10/07/2025,21:58:31,10.68,7.27,25.52,9.99,79645,35,0,0,0,0
10/07/2025,22:04:18,10.67,7.26,25.52,9.99,79645,35,0,0,0,0
10/07/2025,22:10:04,10.65,7.26,25.49,9.99,79537,35,0,0,0,0
10/07/2025,22:15:52,10.64,7.26,25.44,9.99,79428,35,0,0,0,0
10/07/2025,22:21:39,10.63,7.28,25.36,9.99,79645,35,0,0,0,0
10/07/2025,22:27:26,10.62,7.28,25.25,9.99,79537,35,0,0,0,0
10/07/2025,22:33:13,10.61,7.29,25.09,9.99,79537,35,0,0,0,0
10/07/2025,22:39:00,10.6,7.3,25.01,9.99,79645,35,0,0,0,0
10/07/2025,22:44:47,10.6,7.3,24.84,9.99,79428,35,0,0,0,0
10/07/2025,22:50:34,10.59,7.32,24.71,9.99,79645,35,0,0,0,0
10/07/2025,22:56:21,10.59,7.32,24.6,9.99,79537,35,0,0,0,0
10/07/2025,23:02:09,10.58,7.32,24.49,9.99,79537,35,0,0,0,0
10/07/2025,23:07:55,10.58,7.32,24.47,9.99,79537,35,0,0,0,0
10/07/2025,23:13:42,10.58,7.34,24.41,9.99,79645,35,0,0,0,0
10/07/2025,23:19:30,10.58,7.34,24.39,9.99,79645,35,0,0,0,0
10/07/2025,23:25:17,10.58,7.36,24.33,9.99,79645,35,0,0,0,0
10/07/2025,23:31:03,10.57,7.36,24.33,9.99,79645,35,0,0,0,0
10/07/2025,23:36:50,10.58,7.34,24.33,9.99,79645,35,0,0,0,0
10/07/2025,23:42:38,10.58,7.36,24.33,9.99,79645,35,0,0,0,0
10/07/2025,23:48:25,10.58,7.37,24.33,9.99,79645,35,0,0,0,0
10/07/2025,23:54:11,10.58,7.37,24.33,9.99,79645,35,0,0,0,0
10/07/2025,23:59:59,10.57,7.38,24.33,9.99,79537,35,0,0,0,0
11/07/2025,00:00:00,10.57,7.38,24.33,9.99,79537,35,0,0,0,0
11/07/2025,00:05:47,10.58,7.39,24.33,9.99,79645,35,0,0,0,0
11/07/2025,00:11:34,10.58,7.38,24.33,9.99,79537,35,0,0,0,0
11/07/2025,00:17:20,10.57,7.38,24.33,9.99,79537,35,0,0,0,0
11/07/2025,00:23:08,10.58,7.39,24.33,9.99,79645,35,0,0,0,0
11/07/2025,00:28:55,10.58,7.39,24.33,9.99,79537,35,0,0,0,0
11/07/2025,00:34:42,10.58,7.4,24.33,9.99,79537,35,0,0,0,0
11/07/2025,00:40:28,10.58,7.4,24.33,9.99,79537,35,0,0,0,0
11/07/2025,00:46:16,10.57,7.4,24.33,9.99,79645,35,0,0,0,0
11/07/2025,00:52:03,10.58,7.4,24.33,9.99,79645,35,0,0,0,0
11/07/2025,00:57:50,10.59,7.4,24.33,9.99,79645,35,0,0,0,0
11/07/2025,01:03:38,10.59,7.4,24.33,9.99,79537,35,0,0,0,0
11/07/2025,01:09:24,10.59,7.4,24.33,9.99,79645,35,0,0,0,0
11/07/2025,01:15:11,10.59,7.4,24.33,9.99,79645,35,0,0,0,0
11/07/2025,01:20:58,10.59,7.42,24.3,9.99,79645,35,0,0,0,0
11/07/2025,01:26:46,10.6,7.43,24.3,9.99,79645,35,0,0,0,0
11/07/2025,01:32:32,10.61,7.41,24.3,9.99,79537,35,0,0,0,0
11/07/2025,01:38:19,10.62,7.43,24.3,9.99,79537,35,0,0,0,0
11/07/2025,01:44:06,10.63,7.44,24.3,9.99,79645,35,0,0,0,0
11/07/2025,01:49:54,10.64,7.44,24.28,9.99,79428,35,0,0,0,0
11/07/2025,01:55:40,10.64,7.44,24.28,9.99,79320,35,0,0,0,0
11/07/2025,02:01:27,10.64,7.45,24.25,9.99,79645,35,0,0,0,0
11/07/2025,02:07:15,10.65,7.45,24.2,9.99,79537,35,0,0,0,0
11/07/2025,02:13:02,10.65,7.45,24.17,9.99,79645,35,0,0,0,0
11/07/2025,02:18:48,10.65,7.47,24.06,9.99,79645,35,0,0,0,0
11/07/2025,02:24:35,10.66,7.48,23.95,9.99,79645,35,0,0,0,0
11/07/2025,02:30:23,10.67,7.49,23.87,9.99,79645,35,0,0,0,0
11/07/2025,02:36:10,10.68,7.51,23.77,9.99,79645,35,0,0,0,0
11/07/2025,02:41:56,10.67,7.51,23.6,9.99,79645,35,0,0,0,0
11/07/2025,02:47:43,10.68,7.5,23.52,9.99,79645,35,0,0,0,0
11/07/2025,02:53:31,10.68,7.5,23.36,9.99,79428,35,0,0,0,0
11/07/2025,02:59:18,10.69,7.5,23.25,9.99,79645,35,0,0,0,0
11/07/2025,03:05:04,10.69,7.52,23.23,9.99,79428,35,0,0,0,0
11/07/2025,03:10:52,10.69,7.53,23.17,9.99,79645,35,0,0,0,0
11/07/2025,03:16:39,10.69,7.54,23.15,9.99,79645,35,0,0,0,0
11/07/2025,03:22:26,10.68,7.55,23.12,9.99,79537,35,0,0,0,0
11/07/2025,03:28:12,10.68,7.56,23.12,9.99,79645,35,0,0,0,0
11/07/2025,03:34:00,10.68,7.56,23.12,9.99,79537,35,0,0,0,0
11/07/2025,03:39:47,10.67,7.56,23.12,9.99,79645,35,0,0,0,0
11/07/2025,03:45:34,10.68,7.58,23.12,9.99,79537,35,0,0,0,0
11/07/2025,03:51:20,10.67,7.57,23.12,9.99,79645,35,0,0,0,0
11/07/2025,03:57:08,10.67,7.58,23.12,9.99,79645,35,0,0,0,0
11/07/2025,04:02:55,10.66,7.58,23.12,9.99,79645,35,0,0,0,0
11/07/2025,04:08:42,10.66,7.59,23.12,9.99,79537,35,0,0,0,0
11/07/2025,04:14:30,10.65,7.6,23.12,9.99,79645,35,0,0,0,0
11/07/2025,04:20:16,10.65,7.57,23.12,9.99,79320,35,0,0,0,0
11/07/2025,04:26:03,10.65,7.61,23.12,9.99,79537,35,0,0,0,0
11/07/2025,04:31:50,10.66,7.58,23.12,9.99,79645,35,0,0,0,0
11/07/2025,04:37:38,10.68,7.61,23.09,9.99,79645,35,0,0,0,0
11/07/2025,04:43:24,10.66,7.61,23.09,9.99,79537,35,0,0,0,0
11/07/2025,04:49:11,10.67,7.59,23.09,9.99,79537,35,0,0,0,0
11/07/2025,04:54:58,10.67,7.61,23.09,9.99,79537,35,0,0,0,0
11/07/2025,05:00:46,10.68,7.62,23.07,9.99,79645,35,0,0,0,0
11/07/2025,05:06:32,10.68,7.63,23.07,9.99,79428,35,0,0,0,0
11/07/2025,05:12:19,10.68,7.61,23.04,9.99,79537,35,0,0,0,0
11/07/2025,05:18:07,10.68,7.63,23.01,9.99,79537,35,0,0,0,0
11/07/2025,05:23:54,10.68,7.63,22.96,9.99,79645,35,0,0,0,0
11/07/2025,05:29:41,10.68,7.64,22.96,9.99,79645,35,0,0,0,0
11/07/2025,05:35:27,10.67,7.65,22.9,9.99,79645,35,0,0,0,0
11/07/2025,05:41:15,10.68,7.64,22.88,9.99,79645,35,0,0,0,0
11/07/2025,05:47:02,10.68,7.65,22.85,9.99,79537,35,0,0,0,0
11/07/2025,05:52:49,10.68,7.64,22.8,9.99,79537,35,0,0,0,0
11/07/2025,05:58:35,10.68,7.65,22.74,9.99,79645,35,0,0,0,0
11/07/2025,06:04:23,10.68,7.66,22.69,9.99,79645,35,0,0,0,0
11/07/2025,06:10:10,10.68,7.65,22.66,9.99,79537,35,0,0,0,0
11/07/2025,06:15:57,10.68,7.66,22.58,9.99,79645,35,0,0,0,0
11/07/2025,06:21:44,10.68,7.66,22.53,9.99,79537,35,0,0,0,0
11/07/2025,06:27:31,10.68,7.66,22.47,9.99,79537,35,0,0,0,0
11/07/2025,06:33:18,10.69,7.67,22.47,9.99,79537,35,0,0,0,0
11/07/2025,06:39:04,10.67,7.67,22.39,9.99,79645,35,0,0,0,0
11/07/2025,06:44:52,10.69,7.69,22.36,9.99,79537,35,0,0,0,0
11/07/2025,06:50:39,10.68,7.68,22.28,9.99,79645,35,0,0,0,0
11/07/2025,06:56:26,10.68,7.68,22.26,9.99,79537,35,0,0,0,0
11/07/2025,07:02:12,10.68,7.7,22.23,9.99,79645,35,0,0,0,0
11/07/2025,07:08:00,10.68,7.71,22.2,9.99,79428,35,0,0,0,0
11/07/2025,07:13:47,10.69,7.7,22.18,9.99,79645,35,0,0,0,0
11/07/2025,07:19:34,10.69,7.71,22.12,9.99,79537,35,0,0,0,0
11/07/2025,07:25:21,10.69,7.68,22.07,9.99,79645,35,0,0,0,0
11/07/2025,07:31:08,10.69,7.71,22.04,9.99,79537,35,0,0,0,0
11/07/2025,07:36:55,10.69,7.71,22.01,9.99,79645,35,0,0,0,0
11/07/2025,07:42:42,10.69,7.71,21.99,9.99,79537,35,0,0,0,0
11/07/2025,07:48:29,10.69,7.71,21.99,9.99,79645,35,0,0,0,0
11/07/2025,07:54:16,10.69,7.71,21.96,9.99,79537,35,0,0,0,0
11/07/2025,08:00:03,10.69,7.71,21.96,9.99,79645,35,0,0,0,0
11/07/2025,08:05:49,10.69,7.73,21.93,9.99,79645,35,0,0,0,0
11/07/2025,08:11:37,10.69,7.73,21.91,9.99,79537,35,0,0,0,0
11/07/2025,08:17:24,10.68,7.73,21.91,9.99,79537,35,0,0,0,0
11/07/2025,08:23:11,10.69,7.73,21.91,9.99,79645,35,0,0,0,0
11/07/2025,08:28:58,10.69,7.73,21.91,9.99,79645,35,0,0,0,0
11/07/2025,08:34:45,10.69,7.76,21.91,9.99,79645,35,0,0,0,0
11/07/2025,08:40:32,10.7,7.74,21.91,9.99,79537,35,0,0,0,0
11/07/2025,08:46:18,10.69,7.76,21.91,9.99,79645,35,0,0,0,0
11/07/2025,08:52:06,10.69,7.76,21.91,9.99,79645,35,0,0,0,0
11/07/2025,08:57:53,10.7,7.76,21.91,9.99,79645,35,0,0,0,0
11/07/2025,09:03:40,10.7,7.77,21.91,9.99,79645,35,0,0,0,0
11/07/2025,09:09:26,10.7,7.76,21.91,9.99,79537,35,0,0,0,0
11/07/2025,09:15:14,10.7,7.77,21.91,9.99,79537,35,0,0,0,0
11/07/2025,09:21:01,10.7,7.74,21.96,9.99,79537,35,0,0,0,0
11/07/2025,09:26:47,10.7,7.74,22.01,9.99,79103,35,0,0,0,0
11/07/2025,09:32:35,10.7,7.73,22.12,9.99,79103,35,0,0,0,0
11/07/2025,09:38:22,10.71,7.73,22.31,9.99,79537,35,0,0,0,0
11/07/2025,09:44:09,10.71,7.71,22.53,9.99,79103,35,0,0,0,0
11/07/2025,09:49:55,10.72,7.7,22.69,9.99,79537,35,0,0,0,0
11/07/2025,09:55:43,10.72,7.68,22.8,9.99,79645,35,0,0,0,0
11/07/2025,10:01:30,10.72,7.67,22.9,9.99,79537,35,0,0,0,0
11/07/2025,10:07:16,10.72,7.68,22.98,9.99,79103,35,0,0,0,0
11/07/2025,10:13:03,10.72,7.68,23.04,9.99,79645,35,0,0,0,0
11/07/2025,10:18:51,10.75,7.66,23.04,9.99,79645,35,0,0,0,0
11/07/2025,10:24:37,10.73,7.67,23.07,9.99,79428,35,0,0,0,0
11/07/2025,10:30:24,10.74,7.63,23.09,9.99,78994,35,0,0,0,0
11/07/2025,10:36:12,10.73,7.64,23.09,9.99,75197,35,0,0,0,0
11/07/2025,10:41:58,10.74,7.63,23.12,9.99,55344,35,0,0,0,0
11/07/2025,10:47:45,10.73,7.64,23.12,9.99,45906,35,0,0,0,0
11/07/2025,10:53:32,10.72,7.63,23.12,9.99,39614,35,0,0,0,0
11/07/2025,10:59:20,10.73,7.61,23.12,9.99,36794,35,0,0,0,0
11/07/2025,11:05:06,10.73,7.61,23.12,9.99,32997,35,0,0,0,0
11/07/2025,11:10:53,10.73,7.6,23.12,9.99,31586,35,0,0,0,0
11/07/2025,11:16:40,10.72,7.59,23.12,9.99,30827,35,0,0,0,0
11/07/2025,11:22:27,10.71,7.59,23.12,9.99,31803,35,0,0,0,0
11/07/2025,11:28:14,10.7,7.59,23.12,9.99,32454,35,0,0,0,0
11/07/2025,11:34:01,10.7,7.58,23.12,9.99,30501,35,0,0,0,0
11/07/2025,11:39:49,10.7,7.57,23.12,9.99,29091,35,0,0,0,0
11/07/2025,11:45:35,10.7,7.57,23.15,9.99,25403,35,0,0,0,0
11/07/2025,11:51:22,10.72,7.57,23.17,9.99,23450,35,0,0,0,0
11/07/2025,11:57:09,10.72,7.56,23.2,9.99,21823,35,0,0,0,0
11/07/2025,12:02:57,10.72,7.55,23.23,9.99,20304,35,0,0,0,0
11/07/2025,12:08:43,10.74,7.56,23.25,9.99,20412,35,0,0,0,0
11/07/2025,12:14:30,10.72,7.55,23.33,9.99,19436,35,0,0,0,0
11/07/2025,12:20:17,10.72,7.55,23.36,9.99,19436,35,0,0,0,0
11/07/2025,12:26:04,10.73,7.53,23.44,9.99,18134,35,0,0,0,0
11/07/2025,12:31:51,10.73,7.55,23.52,9.99,17809,35,0,0,0,0
11/07/2025,12:37:38,10.72,7.53,23.6,9.99,17592,35,0,0,0,0
11/07/2025,12:43:26,10.73,7.53,23.63,9.99,16832,35,0,0,0,0
11/07/2025,12:49:12,10.73,7.53,23.71,9.99,16181,35,0,0,0,0
11/07/2025,12:54:59,10.73,7.51,23.68,9.99,16181,35,0,0,0,0
11/07/2025,13:00:46,10.73,7.52,23.85,9.99,15205,35,0,0,0,0
11/07/2025,13:06:33,10.73,7.53,23.9,9.99,15422,35,0,0,0,0
11/07/2025,13:12:20,10.73,7.51,23.93,9.99,15314,35,0,0,0,0
11/07/2025,13:18:06,10.73,7.51,24.01,9.99,14880,35,0,0,0,0
11/07/2025,13:23:53,10.73,7.52,24.01,9.99,14988,35,0,0,0,0
11/07/2025,13:29:41,10.73,7.5,24.06,9.99,14012,35,0,0,0,0
11/07/2025,13:35:27,10.72,7.5,24.09,9.99,14337,35,0,0,0,0
11/07/2025,13:41:14,10.73,7.5,24.12,9.99,13795,35,0,0,0,0
11/07/2025,13:47:02,10.72,7.5,24.17,9.99,13686,35,0,0,0,0
11/07/2025,13:52:49,10.72,7.5,24.17,9.99,14771,35,0,0,0,0
11/07/2025,13:58:35,10.72,7.49,24.2,9.99,13686,35,0,0,0,0
11/07/2025,14:04:22,10.72,7.48,24.22,9.99,13686,35,0,0,0,0
11/07/2025,14:10:10,10.72,7.47,24.25,9.99,13035,35,0,0,0,0
11/07/2025,14:15:56,10.72,7.48,24.25,9.99,13035,35,0,0,0,0
11/07/2025,14:21:43,10.72,7.46,24.25,9.99,12601,35,0,0,0,0
11/07/2025,14:27:30,10.71,7.47,24.28,9.99,12818,35,0,0,0,0
11/07/2025,14:33:18,10.72,7.46,24.28,9.99,12601,35,0,0,0,0
11/07/2025,14:39:04,10.72,7.46,24.28,9.99,13035,35,0,0,0,0
11/07/2025,14:44:51,10.72,7.46,24.28,9.99,11842,35,0,0,0,0
11/07/2025,14:50:39,10.72,7.47,24.3,9.99,12927,35,0,0,0,0
11/07/2025,14:56:25,10.72,7.46,24.3,9.99,11625,35,0,0,0,0
11/07/2025,15:02:12,10.71,7.45,24.3,9.99,12601,35,0,0,0,0
11/07/2025,15:07:59,10.71,7.45,24.3,9.99,12167,35,0,0,0,0
11/07/2025,15:13:46,10.7,7.47,24.3,9.99,11842,35,0,0,0,0
11/07/2025,15:19:33,10.71,7.45,24.3,9.99,12276,35,0,0,0,0
11/07/2025,15:25:20,10.71,7.44,24.33,9.99,11625,35,0,0,0,0
11/07/2025,15:31:06,10.71,7.44,24.33,9.99,11625,35,0,0,0,0
11/07/2025,15:36:54,10.71,7.44,24.33,9.99,11951,35,0,0,0,0
11/07/2025,15:42:41,10.71,7.42,24.33,9.99,11191,35,0,0,0,0
11/07/2025,15:48:28,10.71,7.44,24.33,9.99,11408,35,0,0,0,0
11/07/2025,15:54:15,10.71,7.43,24.33,9.99,11625,35,0,0,0,0
11/07/2025,16:00:02,10.71,7.42,24.33,9.99,11300,35,0,0,0,0
11/07/2025,16:05:49,10.71,7.43,24.33,9.99,11517,35,0,0,0,0
11/07/2025,16:11:35,10.71,7.41,24.33,9.99,10432,35,0,0,0,0
11/07/2025,16:17:23,10.71,7.43,24.33,9.99,10757,35,0,0,0,0
11/07/2025,16:23:10,10.72,7.42,24.33,9.99,10866,35,0,0,0,0
11/07/2025,16:28:56,10.71,7.43,24.33,9.99,10649,35,0,0,0,0
11/07/2025,16:34:43,10.72,7.41,24.33,9.99,9998,35,0,0,0,0
11/07/2025,16:40:31,10.7,7.41,24.33,9.99,8804,35,0,0,0,0
11/07/2025,16:46:17,10.71,7.41,24.33,9.99,8479,35,0,0,0,0
11/07/2025,16:52:04,10.72,7.4,24.33,9.99,-22222,35,0,0,0,0
11/07/2025,16:57:52,10.71,7.4,24.33,9.99,-22222,35,0,0,0,0
11/07/2025,17:03:38,10.72,7.42,24.33,9.99,8045,35,0,0,0,0
11/07/2025,17:09:25,10.72,7.41,24.33,9.99,7720,35,0,0,0,0
11/07/2025,17:15:12,10.72,7.42,24.33,9.99,7286,35,0,0,0,0
11/07/2025,17:20:59,10.72,7.41,24.33,9.99,7720,35,0,0,0,0
11/07/2025,17:26:46,10.72,7.42,24.33,9.99,7177,35,0,0,0,0
11/07/2025,17:32:33,10.72,7.41,24.33,9.99,6743,35,0,0,0,0
11/07/2025,17:38:19,10.73,7.41,24.33,9.99,7394,35,0,0,0,0
11/07/2025,17:44:07,10.73,7.4,24.33,9.99,6960,35,0,0,0,0
11/07/2025,17:49:54,10.74,7.41,24.33,9.99,6526,35,0,0,0,0
11/07/2025,17:55:40,10.74,7.42,24.33,9.99,6418,35,0,0,0,0
11/07/2025,18:01:28,10.75,7.41,24.33,9.99,7177,35,0,0,0,0
11/07/2025,18:07:15,10.75,7.42,24.33,9.99,6743,35,0,0,0,0
11/07/2025,18:13:01,10.76,7.43,24.33,9.99,6635,35,0,0,0,0
11/07/2025,18:18:48,10.76,7.42,24.33,9.99,6960,35,0,0,0,0
11/07/2025,18:24:36,10.76,7.44,24.33,9.99,6635,35,0,0,0,0
11/07/2025,18:30:22,10.75,7.44,24.33,9.99,6201,35,0,0,0,0
11/07/2025,18:36:09,10.75,7.43,24.33,9.99,6092,35,0,0,0,0
11/07/2025,18:41:56,10.75,7.43,24.33,9.99,6309,35,0,0,0,0
11/07/2025,18:47:43,10.76,7.42,24.33,9.99,5550,35,0,0,0,0
11/07/2025,18:53:30,10.77,7.43,24.33,9.99,6743,35,0,0,0,0
11/07/2025,18:59:17,10.77,7.44,24.33,9.99,6526,35,0,0,0,0
11/07/2025,19:05:04,10.77,7.44,24.33,9.99,6309,35,0,0,0,0
11/07/2025,19:10:51,10.77,7.44,24.33,9.99,5767,35,0,0,0,0
11/07/2025,19:16:38,10.77,7.45,24.33,9.99,6418,35,0,0,0,0
11/07/2025,19:22:24,10.78,7.46,24.3,9.99,6092,35,0,0,0,0
11/07/2025,19:28:12,10.79,7.44,24.3,9.99,6092,35,0,0,0,0
11/07/2025,19:33:59,10.78,7.45,24.3,9.99,6418,35,0,0,0,0
11/07/2025,19:39:45,10.79,7.44,24.3,9.99,5875,35,0,0,0,0
11/07/2025,19:45:32,10.79,7.47,24.3,9.99,6201,35,0,0,0,0
11/07/2025,19:51:20,10.79,7.48,24.3,9.99,6092,35,0,0,0,0
11/07/2025,19:57:06,10.79,7.47,24.28,9.99,5875,35,0,0,0,0
11/07/2025,20:02:53,10.79,7.48,24.28,9.99,5984,35,0,0,0,0
11/07/2025,20:08:41,10.79,7.47,24.25,9.99,6092,35,0,0,0,0
11/07/2025,20:14:27,10.78,7.47,24.25,9.99,5767,35,0,0,0,0
11/07/2025,20:20:14,10.79,7.48,24.22,9.99,5658,35,0,0,0,0
11/07/2025,20:26:01,10.8,7.49,24.2,9.99,5875,35,0,0,0,0
11/07/2025,20:31:49,10.8,7.49,24.17,9.99,5441,35,0,0,0,0
11/07/2025,20:37:35,10.8,7.49,24.17,9.99,5658,35,0,0,0,0
11/07/2025,20:43:22,10.79,7.5,24.17,9.99,5875,35,0,0,0,0
11/07/2025,20:49:08,10.79,7.48,24.12,9.99,5550,35,0,0,0,0
11/07/2025,20:54:56,10.79,7.5,24.09,9.99,5875,35,0,0,0,0
11/07/2025,21:00:43,10.79,7.52,24.06,9.99,5658,35,0,0,0,0
11/07/2025,21:06:29,10.8,7.52,24.01,9.99,5550,35,0,0,0,0
11/07/2025,21:12:17,10.8,7.51,23.93,9.99,4899,35,0,0,0,0
11/07/2025,21:18:04,10.8,7.51,23.95,9.99,5441,35,0,0,0,0
11/07/2025,21:23:50,10.8,7.51,23.9,9.99,5333,35,0,0,0,0
11/07/2025,21:29:37,10.79,7.52,23.85,9.99,5875,35,0,0,0,0
11/07/2025,21:35:25,10.8,7.53,23.79,9.99,5658,35,0,0,0,0
11/07/2025,21:41:11,10.75,7.52,23.77,9.99,5984,35,0,0,0,0
11/07/2025,21:46:58,10.78,7.53,23.77,9.99,5658,35,0,0,0,0
11/07/2025,21:52:45,10.76,7.52,23.77,9.99,6092,35,0,0,0,0
11/07/2025,21:58:32,10.76,7.52,23.71,9.99,5658,35,0,0,0,0
11/07/2025,22:04:19,10.75,7.52,23.68,9.99,6526,35,0,0,0,0
11/07/2025,22:10:06,10.74,7.51,23.47,9.99,6418,35,0,0,0,0
11/07/2025,22:15:53,10.72,7.51,23.33,9.99,6092,35,0,0,0,0
11/07/2025,22:21:40,10.71,7.53,23.23,9.99,6526,35,0,0,0,0
11/07/2025,22:27:27,10.69,7.53,23.17,9.99,5767,35,0,0,0,0
11/07/2025,22:33:13,10.68,7.55,23.12,9.99,6201,35,0,0,0,0
11/07/2025,22:39:01,10.67,7.56,23.12,9.99,5984,35,0,0,0,0
11/07/2025,22:44:48,10.66,7.58,23.12,9.99,5984,35,0,0,0,0
11/07/2025,22:50:35,10.66,7.58,23.12,9.99,5875,35,0,0,0,0
11/07/2025,22:56:21,10.66,7.58,23.12,9.99,6201,35,0,0,0,0
11/07/2025,23:02:09,10.65,7.59,23.12,9.99,5658,35,0,0,0,0
11/07/2025,23:07:56,10.65,7.59,23.12,9.99,5441,35,0,0,0,0
11/07/2025,23:13:42,10.64,7.59,23.12,9.99,5767,35,0,0,0,0
11/07/2025,23:19:30,10.64,7.6,23.12,9.99,6201,35,0,0,0,0
11/07/2025,23:25:17,10.64,7.61,23.09,9.99,5550,35,0,0,0,0
11/07/2025,23:31:03,10.64,7.62,23.12,9.99,5658,35,0,0,0,0
11/07/2025,23:36:50,10.64,7.62,23.12,9.99,5658,35,0,0,0,0
11/07/2025,23:42:38,10.63,7.61,23.09,9.99,5550,35,0,0,0,0
11/07/2025,23:48:24,10.65,7.62,23.09,9.99,5767,35,0,0,0,0
11/07/2025,23:54:11,10.62,7.62,23.09,9.99,5875,35,0,0,0,0
11/07/2025,23:59:59,10.65,7.64,23.09,9.99,5441,35,0,0,0,0
12/07/2025,00:00:00,10.65,7.64,23.09,9.99,5333,35,0,0,0,0
12/07/2025,00:05:46,10.68,7.62,23.07,9.99,5333,35,0,0,0,0
12/07/2025,00:11:33,10.69,7.64,23.04,9.99,5441,35,0,0,0,0
12/07/2025,00:17:20,10.7,7.66,23.01,9.99,5224,35,0,0,0,0
12/07/2025,00:23:07,10.72,7.63,22.93,9.99,5224,35,0,0,0,0
12/07/2025,00:28:54,10.72,7.65,22.85,9.99,5333,35,0,0,0,0
12/07/2025,00:34:41,10.73,7.68,22.77,9.99,5224,35,0,0,0,0
12/07/2025,00:40:28,10.73,7.67,22.66,9.99,5224,35,0,0,0,0
12/07/2025,00:46:15,10.74,7.67,22.55,9.99,5007,35,0,0,0,0
12/07/2025,00:52:02,10.74,7.69,22.36,9.99,5224,35,0,0,0,0
12/07/2025,00:57:49,10.73,7.69,22.26,9.99,5224,35,0,0,0,0
12/07/2025,01:03:36,10.73,7.7,22.15,9.99,5441,35,0,0,0,0
12/07/2025,01:09:23,10.73,7.7,22.1,9.99,5224,35,0,0,0,0
12/07/2025,01:15:10,10.74,7.72,22.04,9.99,5658,35,0,0,0,0
12/07/2025,01:20:57,10.73,7.73,21.96,9.99,5441,35,0,0,0,0
12/07/2025,01:26:44,10.73,7.75,21.93,9.99,5550,35,0,0,0,0
12/07/2025,01:32:31,10.73,7.74,21.91,9.99,5333,35,0,0,0,0
12/07/2025,01:38:18,10.74,7.74,21.91,9.99,5441,35,0,0,0,0
12/07/2025,01:44:05,10.73,7.75,21.91,9.99,5550,35,0,0,0,0
12/07/2025,01:49:52,10.73,7.75,21.91,9.99,5658,35,0,0,0,0
12/07/2025,01:55:39,10.73,7.76,21.91,9.99,5875,35,0,0,0,0
12/07/2025,02:01:26,10.73,7.77,21.91,9.99,5550,35,0,0,0,0
12/07/2025,02:07:12,10.73,7.77,21.91,9.99,5550,35,0,0,0,0
12/07/2025,02:13:00,10.72,7.78,21.91,9.99,5550,35,0,0,0,0
12/07/2025,02:18:47,10.72,7.78,21.91,9.99,5767,35,0,0,0,0
12/07/2025,02:24:33,10.73,7.79,21.91,9.99,5658,35,0,0,0,0
12/07/2025,02:30:21,10.72,7.79,21.91,9.99,5875,35,0,0,0,0
12/07/2025,02:36:08,10.7,7.79,21.91,9.99,5333,35,0,0,0,0
12/07/2025,02:41:54,10.72,7.79,21.91,9.99,5875,35,0,0,0,0
12/07/2025,02:47:42,10.71,7.8,21.88,9.99,5333,35,0,0,0,0
12/07/2025,02:53:29,10.7,7.81,21.88,9.99,5658,35,0,0,0,0
12/07/2025,02:59:15,10.71,7.81,21.88,9.99,5658,35,0,0,0,0
12/07/2025,03:05:03,10.73,7.8,21.88,9.99,5550,35,0,0,0,0
12/07/2025,03:10:50,10.72,7.81,21.88,9.99,5767,35,0,0,0,0
12/07/2025,03:16:36,10.72,7.82,21.85,9.99,5441,35,0,0,0,0
12/07/2025,03:22:24,10.72,7.82,21.85,9.99,5550,35,0,0,0,0
12/07/2025,03:28:11,10.72,7.83,21.85,9.99,5224,35,0,0,0,0
12/07/2025,03:33:57,10.72,7.82,21.83,9.99,5441,35,0,0,0,0
12/07/2025,03:39:45,10.71,7.84,21.83,9.99,5116,35,0,0,0,0
12/07/2025,03:45:32,10.72,7.84,21.8,9.99,5333,35,0,0,0,0
12/07/2025,03:51:18,10.72,7.84,21.75,9.99,4899,35,0,0,0,0
12/07/2025,03:57:06,10.72,7.83,21.75,9.99,5116,35,0,0,0,0
12/07/2025,04:02:53,10.73,7.84,21.72,9.99,5441,35,0,0,0,0
12/07/2025,04:08:39,10.72,7.84,21.66,9.99,5333,35,0,0,0,0
12/07/2025,04:14:26,10.73,7.85,21.66,9.99,4899,35,0,0,0,0
12/07/2025,04:20:14,10.73,7.86,21.61,9.99,5007,35,0,0,0,0
12/07/2025,04:26:00,10.72,7.86,21.56,9.99,5550,35,0,0,0,0
12/07/2025,04:31:47,10.72,7.85,21.5,9.99,5333,35,0,0,0,0
12/07/2025,04:37:35,10.73,7.86,21.48,9.99,5224,35,0,0,0,0
12/07/2025,04:43:21,10.73,7.87,21.45,9.99,5333,35,0,0,0,0
12/07/2025,04:49:08,10.73,7.87,21.4,9.99,5441,35,0,0,0,0
12/07/2025,04:54:55,10.73,7.88,21.31,9.99,5007,35,0,0,0,0
12/07/2025,05:00:42,10.73,7.88,21.26,9.99,5007,35,0,0,0,0
12/07/2025,05:06:29,10.73,7.88,21.23,9.99,5007,35,0,0,0,0
12/07/2025,05:12:16,10.73,7.91,21.18,9.99,5007,35,0,0,0,0
12/07/2025,05:18:03,10.72,7.9,21.13,9.99,5007,35,0,0,0,0
12/07/2025,05:23:50,10.73,7.91,21.07,9.99,5224,35,0,0,0,0
12/07/2025,05:29:38,10.73,7.91,21.02,9.99,5116,35,0,0,0,0
12/07/2025,05:35:24,10.73,7.9,21.02,9.99,5224,35,0,0,0,0
12/07/2025,05:41:11,10.73,7.9,20.99,9.99,5007,35,0,0,0,0
12/07/2025,05:46:59,10.73,7.91,20.94,9.99,4899,35,0,0,0,0
12/07/2025,05:52:45,10.72,7.91,20.94,9.99,5224,35,0,0,0,0
12/07/2025,05:58:32,10.72,7.9,20.91,9.99,5007,35,0,0,0,0
12/07/2025,06:04:19,10.72,7.92,20.88,9.99,4899,35,0,0,0,0
12/07/2025,06:10:06,10.72,7.93,20.86,9.99,5441,35,0,0,0,0
12/07/2025,06:15:53,10.72,7.93,20.83,9.99,4899,35,0,0,0,0
12/07/2025,06:21:40,10.72,7.92,20.83,9.99,5116,35,0,0,0,0
12/07/2025,06:27:27,10.72,7.93,20.8,9.99,5224,35,0,0,0,0
12/07/2025,06:33:14,10.72,7.93,20.78,9.99,5224,35,0,0,0,0
12/07/2025,06:39:01,10.72,7.93,20.75,9.99,5007,35,0,0,0,0
12/07/2025,06:44:48,10.72,7.93,20.75,9.99,4791,35,0,0,0,0
12/07/2025,06:50:35,10.72,7.94,20.75,9.99,5116,35,0,0,0,0
12/07/2025,06:56:22,10.72,7.95,20.75,9.99,4899,35,0,0,0,0
12/07/2025,07:02:09,10.72,7.92,20.75,9.99,4791,35,0,0,0,0
12/07/2025,07:07:56,10.72,7.95,20.72,9.99,5224,35,0,0,0,0
12/07/2025,07:13:43,10.71,7.93,20.72,9.99,4899,35,0,0,0,0
12/07/2025,07:19:30,10.71,7.93,20.72,9.99,4791,35,0,0,0,0
12/07/2025,07:25:17,10.71,7.94,20.72,9.99,5224,35,0,0,0,0
12/07/2025,07:31:04,10.7,7.95,20.72,9.99,5333,35,0,0,0,0
12/07/2025,07:36:51,10.7,7.94,20.72,9.99,4791,35,0,0,0,0
12/07/2025,07:42:38,10.7,7.95,20.72,9.99,5333,35,0,0,0,0
12/07/2025,07:48:25,10.7,7.94,20.72,9.99,5116,35,0,0,0,0
12/07/2025,07:54:12,10.71,7.95,20.72,9.99,4791,35,0,0,0,0
12/07/2025,07:59:59,10.7,7.96,20.69,9.99,4899,35,0,0,0,0
12/07/2025,08:05:45,10.7,7.93,20.69,9.99,4899,35,0,0,0,0
12/07/2025,08:11:32,10.69,7.96,20.69,9.99,5007,35,0,0,0,0
12/07/2025,08:17:20,10.7,7.94,20.69,9.99,5224,35,0,0,0,0
12/07/2025,08:23:06,10.69,7.94,20.69,9.99,4791,35,0,0,0,0
12/07/2025,08:28:53,10.7,7.98,20.69,9.99,4682,35,0,0,0,0
12/07/2025,08:34:41,10.7,7.97,20.69,9.99,4574,35,0,0,0,0
12/07/2025,08:40:27,10.69,7.96,20.69,9.99,4682,35,0,0,0,0
12/07/2025,08:46:14,10.71,7.94,20.69,9.99,4574,35,0,0,0,0
12/07/2025,08:52:02,10.69,7.95,20.69,9.99,4682,35,0,0,0,0
12/07/2025,08:57:48,10.69,7.96,20.69,9.99,4791,35,0,0,0,0
12/07/2025,09:03:35,10.69,7.97,20.69,9.99,4899,35,0,0,0,0
12/07/2025,09:09:22,10.7,7.95,20.75,9.99,4682,35,0,0,0,0
12/07/2025,09:15:09,10.7,7.95,20.83,9.99,5116,35,0,0,0,0
12/07/2025,09:20:56,10.71,7.92,20.99,9.99,4248,35,0,0,0,0
12/07/2025,09:26:43,10.71,7.91,21.21,9.99,4357,35,0,0,0,0
12/07/2025,09:32:30,10.71,7.89,21.37,9.99,4899,35,0,0,0,0
12/07/2025,09:38:17,10.73,7.88,21.56,9.99,4791,35,0,0,0,0
12/07/2025,09:44:05,10.72,7.88,21.72,9.99,5007,35,0,0,0,0
12/07/2025,09:49:51,10.73,7.86,21.77,9.99,4140,35,0,0,0,0
12/07/2025,09:55:38,10.72,7.86,21.83,9.99,3814,35,0,0,0,0
12/07/2025,10:01:25,10.73,7.85,21.85,9.99,4574,35,0,0,0,0
12/07/2025,10:07:12,10.74,7.84,21.88,9.99,4140,35,0,0,0,0
12/07/2025,10:12:59,10.74,7.84,21.88,9.99,4357,35,0,0,0,0
12/07/2025,10:18:46,10.75,7.82,21.91,9.99,4248,35,0,0,0,0
12/07/2025,10:24:33,10.75,7.82,21.91,9.99,4031,35,0,0,0,0
12/07/2025,10:30:20,10.75,7.8,21.91,9.99,4031,35,0,0,0,0
12/07/2025,10:36:07,10.76,7.79,21.91,9.99,4140,35,0,0,0,0
12/07/2025,10:41:54,10.76,7.8,21.91,9.99,3923,35,0,0,0,0
12/07/2025,10:47:41,10.76,7.77,21.91,9.99,3923,35,0,0,0,0
12/07/2025,10:53:28,10.77,7.77,21.91,9.99,4248,35,0,0,0,0
12/07/2025,10:59:15,10.77,7.77,21.91,9.99,4140,35,0,0,0,0
12/07/2025,11:05:02,10.77,7.77,21.93,9.99,4140,35,0,0,0,0
12/07/2025,11:10:49,10.77,7.76,21.96,9.99,3923,35,0,0,0,0
12/07/2025,11:16:36,10.77,7.75,21.99,9.99,4465,35,0,0,0,0
12/07/2025,11:22:23,10.77,7.74,22.07,9.99,4357,35,0,0,0,0
12/07/2025,11:28:10,10.77,7.74,22.12,9.99,4140,35,0,0,0,0
12/07/2025,11:33:57,10.77,7.73,22.15,9.99,4140,35,0,0,0,0
12/07/2025,11:39:44,10.76,7.73,22.26,9.99,4682,35,0,0,0,0
12/07/2025,11:45:31,10.76,7.74,22.34,9.99,4357,35,0,0,0,0
12/07/2025,11:51:19,10.77,7.71,22.45,9.99,4357,35,0,0,0,0
12/07/2025,11:57:05,10.77,7.73,22.5,9.99,3923,35,0,0,0,0
12/07/2025,12:02:52,10.76,7.7,22.55,9.99,3814,35,0,0,0,0
12/07/2025,12:08:39,10.76,7.71,22.61,9.99,4248,35,0,0,0,0
12/07/2025,12:14:26,10.76,7.69,22.69,9.99,3923,35,0,0,0,0
12/07/2025,12:20:13,10.76,7.7,22.74,9.99,4031,35,0,0,0,0
12/07/2025,12:26:00,10.75,7.71,22.8,9.99,4031,35,0,0,0,0
12/07/2025,12:31:47,10.74,7.69,22.82,9.99,4248,35,0,0,0,0
12/07/2025,12:37:34,10.74,7.69,22.88,9.99,3597,35,0,0,0,0
12/07/2025,12:43:21,10.73,7.69,22.96,9.99,4140,35,0,0,0,0
12/07/2025,12:49:09,10.72,7.67,23.01,9.99,3706,35,0,0,0,0
12/07/2025,12:54:55,10.72,7.69,23.01,9.99,4357,35,0,0,0,0
12/07/2025,13:00:42,10.74,7.67,23.04,9.99,4031,35,0,0,0,0
12/07/2025,13:06:29,10.73,7.66,23.07,9.99,4357,35,0,0,0,0
12/07/2025,13:12:16,10.74,7.66,23.07,9.99,4140,35,0,0,0,0
12/07/2025,13:18:03,10.74,7.65,23.09,9.99,4031,35,0,0,0,0
12/07/2025,13:23:51,10.73,7.65,23.09,9.99,3597,35,0,0,0,0
12/07/2025,13:29:37,10.73,7.64,23.09,9.99,3706,35,0,0,0,0
12/07/2025,13:35:24,10.73,7.66,23.09,9.99,3923,35,0,0,0,0
12/07/2025,13:41:11,10.73,7.64,23.09,9.99,4248,35,0,0,0,0
12/07/2025,13:46:58,10.72,7.65,23.09,9.99,3923,35,0,0,0,0
12/07/2025,13:52:45,10.72,7.65,23.09,9.99,4031,35,0,0,0,0
12/07/2025,13:58:32,10.73,7.65,23.09,9.99,4140,35,0,0,0,0
12/07/2025,14:04:19,10.73,7.64,23.09,9.99,3923,35,0,0,0,0
12/07/2025,14:10:06,10.72,7.64,23.09,9.99,3489,35,0,0,0,0
12/07/2025,14:15:52,10.72,7.65,23.09,9.99,4031,35,0,0,0,0
12/07/2025,14:21:40,10.72,7.64,23.09,9.99,3923,35,0,0,0,0
12/07/2025,14:27:27,10.72,7.64,23.09,9.99,4248,35,0,0,0,0
12/07/2025,14:33:14,10.71,7.64,23.09,9.99,4140,35,0,0,0,0
12/07/2025,14:39:01,10.72,7.63,23.12,9.99,3923,35,0,0,0,0
12/07/2025,14:44:48,10.72,7.63,23.12,9.99,3923,35,0,0,0,0
12/07/2025,14:50:34,10.71,7.63,23.12,9.99,3706,35,0,0,0,0
12/07/2025,14:56:22,10.72,7.63,23.12,9.99,3597,35,0,0,0,0
12/07/2025,15:02:09,10.72,7.62,23.12,9.99,4140,35,0,0,0,0
12/07/2025,15:07:55,10.72,7.62,23.12,9.99,4140,35,0,0,0,0
12/07/2025,15:13:43,10.73,7.61,23.12,9.99,3814,35,0,0,0,0
12/07/2025,15:19:30,10.73,7.61,23.12,9.99,3597,35,0,0,0,0
12/07/2025,15:25:16,10.73,7.62,23.12,9.99,4140,35,0,0,0,0
12/07/2025,15:31:04,10.73,7.6,23.12,9.99,4031,35,0,0,0,0
12/07/2025,15:36:51,10.73,7.61,23.12,9.99,4357,35,0,0,0,0
12/07/2025,15:42:38,10.73,7.61,23.12,9.99,3597,35,0,0,0,0
12/07/2025,15:48:25,10.74,7.61,23.12,9.99,4031,35,0,0,0,0
12/07/2025,15:54:12,10.74,7.63,23.12,9.99,4031,35,0,0,0,0
12/07/2025,15:59:59,10.73,7.61,23.12,9.99,4248,35,0,0,0,0
12/07/2025,16:05:45,10.73,7.61,23.12,9.99,3923,35,0,0,0,0
12/07/2025,16:11:33,10.74,7.62,23.12,9.99,3489,35,0,0,0,0
12/07/2025,16:17:20,10.74,7.6,23.12,9.99,4140,35,0,0,0,0
12/07/2025,16:23:06,10.74,7.61,23.12,9.99,4357,35,0,0,0,0
12/07/2025,16:28:54,10.75,7.61,23.12,9.99,4031,35,0,0,0,0
12/07/2025,16:34:41,10.75,7.6,23.12,9.99,4140,35,0,0,0,0
12/07/2025,16:40:27,10.74,7.62,23.12,9.99,3923,35,0,0,0,0
12/07/2025,16:46:15,10.74,7.61,23.12,9.99,3923,35,0,0,0,0
12/07/2025,16:52:02,10.74,7.61,23.12,9.99,3706,35,0,0,0,0
12/07/2025,16:57:48,10.74,7.6,23.12,9.99,4031,35,0,0,0,0
12/07/2025,17:03:36,10.74,7.61,23.12,9.99,4031,35,0,0,0,0
12/07/2025,17:09:23,10.73,7.61,23.12,9.99,3923,35,0,0,0,0
12/07/2025,17:15:09,10.73,7.62,23.12,9.99,3923,35,0,0,0,0
12/07/2025,17:20:57,10.74,7.61,23.12,9.99,3923,35,0,0,0,0
12/07/2025,17:26:44,10.73,7.61,23.12,9.99,3489,35,0,0,0,0
12/07/2025,17:32:30,10.74,7.61,23.12,9.99,3706,35,0,0,0,0
12/07/2025,17:38:18,10.74,7.6,23.12,9.99,3706,35,0,0,0,0
12/07/2025,17:44:05,10.74,7.62,23.12,9.99,4031,35,0,0,0,0
12/07/2025,17:49:51,10.76,7.61,23.12,9.99,4031,35,0,0,0,0
12/07/2025,17:55:39,10.75,7.61,23.12,9.99,3489,35,0,0,0,0
12/07/2025,18:01:26,10.75,7.6,23.12,9.99,3814,35,0,0,0,0
12/07/2025,18:07:12,10.74,7.62,23.12,9.99,3489,35,0,0,0,0
12/07/2025,18:12:59,10.75,7.63,23.12,9.99,3814,35,0,0,0,0
12/07/2025,18:18:47,10.75,7.63,23.12,9.99,3814,35,0,0,0,0
12/07/2025,18:24:33,10.75,7.62,23.12,9.99,3923,35,0,0,0,0
12/07/2025,18:30:20,10.76,7.63,23.12,9.99,4031,35,0,0,0,0
12/07/2025,18:36:08,10.75,7.64,23.12,9.99,3923,35,0,0,0,0
12/07/2025,18:41:54,10.76,7.64,23.09,9.99,3923,35,0,0,0,0
12/07/2025,18:47:41,10.75,7.64,23.09,9.99,3923,35,0,0,0,0
12/07/2025,18:53:29,10.76,7.64,23.09,9.99,4465,35,0,0,0,0
12/07/2025,18:59:16,10.76,7.64,23.09,9.99,3597,35,0,0,0,0
12/07/2025,19:05:02,10.77,7.65,23.09,9.99,3489,35,0,0,0,0
12/07/2025,19:10:50,10.77,7.64,23.09,9.99,3706,35,0,0,0,0
12/07/2025,19:16:37,10.76,7.66,23.07,9.99,3923,35,0,0,0,0
12/07/2025,19:22:23,10.77,7.66,23.07,9.99,3489,35,0,0,0,0
12/07/2025,19:28:11,10.77,7.66,23.07,9.99,3272,35,0,0,0,0
12/07/2025,19:33:58,10.77,7.66,23.04,9.99,3706,35,0,0,0,0
12/07/2025,19:39:44,10.78,7.67,23.04,9.99,3706,35,0,0,0,0
12/07/2025,19:45:32,10.77,7.66,23.01,9.99,3706,35,0,0,0,0
12/07/2025,19:51:19,10.79,7.68,22.98,9.99,3163,35,0,0,0,0
12/07/2025,19:57:05,10.78,7.67,22.98,9.99,3923,35,0,0,0,0
12/07/2025,20:02:52,10.8,7.68,22.98,9.99,3706,35,0,0,0,0
12/07/2025,20:08:40,10.78,7.69,22.98,9.99,3814,35,0,0,0,0
12/07/2025,20:14:26,10.81,7.67,22.98,9.99,3272,35,0,0,0,0
12/07/2025,20:20:13,10.8,7.65,22.96,9.99,3489,35,0,0,0,0
12/07/2025,20:26:01,10.79,7.67,22.98,9.99,2946,35,0,0,0,0
12/07/2025,20:31:47,10.78,7.68,22.98,9.99,3706,35,0,0,0,0
12/07/2025,20:37:34,10.76,7.64,23.01,9.99,3814,35,0,0,0,0
12/07/2025,20:43:22,10.77,7.66,23.01,9.99,3597,35,0,0,0,0
12/07/2025,20:49:08,10.78,7.66,23.04,9.99,3272,35,0,0,0,0
12/07/2025,20:54:55,10.81,7.66,23.04,9.99,3272,35,0,0,0,0
12/07/2025,21:00:42,10.8,7.66,23.04,9.99,3923,35,0,0,0,0
12/07/2025,21:06:29,10.8,7.65,23.04,9.99,3489,35,0,0,0,0
12/07/2025,21:12:16,10.8,7.67,23.07,9.99,3706,35,0,0,0,0
12/07/2025,21:18:03,10.8,7.66,23.07,9.99,3706,35,0,0,0,0
12/07/2025,21:23:50,10.8,7.66,23.07,9.99,3706,35,0,0,0,0
12/07/2025,21:29:37,10.79,7.64,23.07,9.99,3163,35,0,0,0,0
12/07/2025,21:35:24,10.79,7.66,23.07,9.99,3163,35,0,0,0,0
12/07/2025,21:41:11,10.79,7.65,23.07,9.99,3272,35,0,0,0,0
12/07/2025,21:46:58,10.79,7.65,23.09,9.99,3814,35,0,0,0,0
12/07/2025,21:52:45,10.74,7.65,23.09,9.99,3380,35,0,0,0,0
12/07/2025,21:58:32,10.75,7.66,23.09,9.99,3706,35,0,0,0,0
12/07/2025,22:04:19,10.75,7.64,23.09,9.99,3923,35,0,0,0,0
12/07/2025,22:10:05,10.74,7.62,23.09,9.99,3923,35,0,0,0,0
12/07/2025,22:15:53,10.73,7.64,23.07,9.99,4031,35,0,0,0,0
12/07/2025,22:21:40,10.72,7.64,23.04,9.99,3597,35,0,0,0,0
12/07/2025,22:27:26,10.69,7.66,22.98,9.99,4031,35,0,0,0,0
12/07/2025,22:33:14,10.68,7.66,22.93,9.99,4357,35,0,0,0,0
12/07/2025,22:39:01,10.66,7.68,22.88,9.99,3597,35,0,0,0,0
12/07/2025,22:44:47,10.65,7.67,22.82,9.99,3814,35,0,0,0,0
12/07/2025,22:50:35,10.64,7.68,22.77,9.99,3597,35,0,0,0,0
12/07/2025,22:56:22,10.64,7.7,22.69,9.99,4031,35,0,0,0,0
12/07/2025,23:02:08,10.63,7.7,22.63,9.99,3814,35,0,0,0,0
12/07/2025,23:07:56,10.61,7.7,22.53,9.99,3814,35,0,0,0,0
12/07/2025,23:13:42,10.61,7.7,22.5,9.99,3814,35,0,0,0,0
12/07/2025,23:19:29,10.61,7.69,22.47,9.99,3272,35,0,0,0,0
12/07/2025,23:25:17,10.61,7.7,22.45,9.99,4248,35,0,0,0,0
12/07/2025,23:31:03,10.61,7.72,22.39,9.99,3814,35,0,0,0,0
12/07/2025,23:36:50,10.61,7.71,22.34,9.99,3814,35,0,0,0,0
12/07/2025,23:42:38,10.62,7.71,22.31,9.99,3814,35,0,0,0,0
12/07/2025,23:48:24,10.61,7.71,22.23,9.99,3923,35,0,0,0,0
12/07/2025,23:54:11,10.61,7.72,22.23,9.99,3597,35,0,0,0,0
12/07/2025,23:59:59,10.61,7.72,22.2,9.99,3923,35,0,0,0,0
