Fecha,Hora,pH,DO,Temp,Lvl,co2,LEDw,LEDr,LEDg,LEDb,Pmp
03/03/2024,19:24:19,11.19,6.01,73.62,157.7,13686.0,0.0,0.0,0.0,0.0,0.0
03/03/2024,19:25:25,11.19,6.01,52.14,157.7,13686.0,0.0,0.0,0.0,0.0,0.0
03/03/2024,19:26:31,11.19,6.0,73.62,157.7,13795.0,0.0,0.0,0.0,0.0,0.0
03/03/2024,19:27:37,11.19,6.01,73.62,157.69,13686.0,0.0,0.0,0.0,0.0,0.0
03/03/2024,19:28:44,11.19,6.01,73.62,157.69,13578.0,0.0,0.0,0.0,0.0,0.0
03/03/2024,19:29:50,11.2,6.01,73.62,157.69,13903.0,0.0,0.0,0.0,0.0,0.0
03/03/2024,19:30:57,11.19,6.02,73.62,157.69,13795.0,0.0,0.0,0.0,0.0,0.0
03/03/2024,19:32:03,11.19,6.02,73.62,157.68,13686.0,0.0,0.0,0.0,0.0,0.0
03/03/2024,19:33:10,11.2,6.01,73.62,157.69,13686.0,0.0,0.0,0.0,0.0,0.0
03/03/2024,19:34:17,11.2,6.0,73.62,157.69,14012.0,0.0,0.0,0.0,0.0,0.0
03/03/2024,19:35:22,11.2,5.99,73.62,157.69,14012.0,0.0,0.0,0.0,0.0,0.0
03/03/2024,19:36:29,11.2,5.99,73.62,157.69,14229.0,0.0,0.0,0.0,0.0,0.0
03/03/2024,19:37:35,11.2,5.99,73.62,157.7,14012.0,0.0,0.0,0.0,0.0,0.0
03/03/2024,19:38:42,11.2,6.01,73.62,157.69,13903.0,0.0,0.0,0.0,0.0,0.0
03/03/2024,19:39:48,11.2,6.02,73.62,157.69,14012.0,0.0,0.0,0.0,0.0,0.0
03/03/2024,19:40:55,6.02,6.02,73.62,157.69,14012.0,0.0,0.0,0.0,0.0,0.0
03/03/2024,19:42:01,11.21,6.01,73.62,157.7,14012.0,0.0,0.0,0.0,0.0,0.0
03/03/2024,19:43:07,11.2,6.01,73.62,157.69,13469.0,0.0,0.0,0.0,0.0,0.0
03/03/2024,19:44:14,11.2,6.0,73.62,157.69,13686.0,0.0,0.0,0.0,0.0,0.0
03/03/2024,19:45:20,11.2,6.0,73.62,157.69,13795.0,0.0,0.0,0.0,0.0,0.0
03/03/2024,19:46:27,11.21,6.0,73.62,157.69,13903.0,0.0,0.0,0.0,0.0,0.0
03/03/2024,19:47:33,11.21,5.98,73.62,157.68,13795.0,0.0,0.0,0.0,0.0,0.0
03/03/2024,19:48:40,5.99,5.99,73.62,157.69,14012.0,0.0,0.0,0.0,0.0,0.0
03/03/2024,19:49:46,11.21,6.01,73.62,157.69,13795.0,0.0,0.0,0.0,0.0,0.0
03/03/2024,19:50:52,11.21,6.02,73.62,157.7,13903.0,0.0,0.0,0.0,0.0,0.0
03/03/2024,19:51:58,11.21,6.03,73.62,157.7,13686.0,0.0,0.0,0.0,0.0,0.0
03/03/2024,19:53:05,11.21,6.04,73.62,157.69,14012.0,0.0,0.0,0.0,0.0,0.0
03/03/2024,19:54:12,11.21,6.04,73.62,157.69,13578.0,0.0,0.0,0.0,0.0,0.0
03/03/2024,19:55:18,11.21,6.04,73.62,157.7,13686.0,0.0,0.0,0.0,0.0,0.0
03/03/2024,19:56:25,6.04,6.04,73.62,157.69,13903.0,0.0,0.0,0.0,0.0,0.0
03/03/2024,19:57:31,11.22,6.03,73.62,157.69,14120.0,0.0,0.0,0.0,0.0,0.0
03/03/2024,19:58:38,11.22,6.03,73.62,157.68,13686.0,0.0,0.0,0.0,0.0,0.0
03/03/2024,19:59:43,11.22,6.03,73.62,157.67,13903.0,0.0,0.0,0.0,0.0,0.0
03/03/2024,20:00:50,11.22,6.03,73.62,157.67,13903.0,0.0,0.0,0.0,0.0,0.0
03/03/2024,20:01:56,11.22,6.02,73.62,157.68,13795.0,0.0,0.0,0.0,0.0,0.0
03/03/2024,20:03:03,11.22,6.02,73.62,157.68,13686.0,0.0,0.0,0.0,0.0,0.0
03/03/2024,20:04:10,11.22,6.02,73.62,157.68,14012.0,0.0,0.0,0.0,0.0,0.0
03/03/2024,20:05:16,11.22,6.02,73.62,157.69,13903.0,0.0,0.0,0.0,0.0,0.0
03/03/2024,20:06:23,11.22,6.01,73.62,157.67,13795.0,0.0,0.0,0.0,0.0,0.0
03/03/2024,20:07:28,11.22,6.02,73.62,157.68,14229.0,0.0,0.0,0.0,0.0,0.0
03/03/2024,20:08:35,11.22,6.02,73.62,157.67,13795.0,0.0,0.0,0.0,0.0,0.0
03/03/2024,20:09:41,11.22,6.03,73.62,157.68,14120.0,0.0,0.0,0.0,0.0,0.0
03/03/2024,20:10:48,11.22,6.02,73.62,157.67,13795.0,0.0,0.0,0.0,0.0,0.0
03/03/2024,20:11:55,11.22,6.03,73.62,157.67,13795.0,0.0,0.0,0.0,0.0,0.0
03/03/2024,20:13:01,11.23,6.02,73.62,157.66,14012.0,0.0,0.0,0.0,0.0,0.0
03/03/2024,20:14:08,11.22,6.02,73.62,157.67,14120.0,0.0,0.0,0.0,0.0,0.0
03/03/2024,20:15:13,11.22,6.01,73.62,157.66,13795.0,0.0,0.0,0.0,0.0,0.0
03/03/2024,20:16:20,11.23,6.0,73.62,157.67,13578.0,0.0,0.0,0.0,0.0,0.0
03/03/2024,20:17:26,11.23,5.99,73.62,157.66,14012.0,0.0,0.0,0.0,0.0,0.0
03/03/2024,20:18:33,11.23,5.99,52.21,157.67,13795.0,0.0,0.0,0.0,0.0,0.0
03/03/2024,20:19:39,23.12,5.99,73.62,157.68,13903.0,0.0,0.0,0.0,0.0,0.0
03/03/2024,20:20:46,11.23,6.0,73.62,157.68,13903.0,0.0,0.0,0.0,0.0,0.0
03/03/2024,20:21:53,11.23,5.99,73.62,157.66,14012.0,0.0,0.0,0.0,0.0,0.0
03/03/2024,20:22:59,11.23,5.99,73.62,157.67,14012.0,0.0,0.0,0.0,0.0,0.0
03/03/2024,20:24:05,11.23,6.0,73.62,157.67,14012.0,0.0,0.0,0.0,0.0,0.0
03/03/2024,20:25:11,11.23,6.01,73.62,157.67,13903.0,0.0,0.0,0.0,0.0,0.0
03/03/2024,20:26:18,11.23,6.0,73.62,157.67,14012.0,0.0,0.0,0.0,0.0,0.0
03/03/2024,20:27:24,11.23,5.99,73.62,157.66,13903.0,0.0,0.0,0.0,0.0,0.0
03/03/2024,20:28:31,11.23,5.98,73.62,157.67,13795.0,0.0,0.0,0.0,0.0,0.0
03/03/2024,20:29:37,11.23,5.99,73.62,157.67,13795.0,0.0,0.0,0.0,0.0,0.0
03/03/2024,20:30:44,11.24,6.0,73.62,157.66,13578.0,0.0,0.0,0.0,0.0,0.0
03/03/2024,20:31:51,11.23,6.01,73.62,157.66,13686.0,0.0,0.0,0.0,0.0,0.0
03/03/2024,20:32:56,11.24,6.01,73.62,157.65,14120.0,0.0,0.0,0.0,0.0,0.0
03/03/2024,20:34:03,11.23,6.02,73.62,157.65,13795.0,0.0,0.0,0.0,0.0,0.0
03/03/2024,20:35:09,11.23,6.02,73.62,157.65,13903.0,0.0,0.0,0.0,0.0,0.0
03/03/2024,20:36:16,11.24,6.01,73.62,157.65,14229.0,0.0,0.0,0.0,0.0,0.0
03/03/2024,20:37:22,11.24,6.0,73.62,157.65,13795.0,0.0,0.0,0.0,0.0,0.0
03/03/2024,20:38:29,11.24,6.0,73.56,157.65,14012.0,0.0,0.0,0.0,0.0,0.0
03/03/2024,20:39:35,11.24,6.01,73.56,157.65,14337.0,0.0,0.0,0.0,0.0,0.0
03/03/2024,20:40:42,11.24,6.02,52.23,157.65,13903.0,0.0,0.0,0.0,0.0,0.0
03/03/2024,20:41:49,11.24,6.02,73.56,157.65,14012.0,0.0,0.0,0.0,0.0,0.0
03/03/2024,20:42:54,11.24,6.01,73.56,157.65,13795.0,0.0,0.0,0.0,0.0,0.0
03/03/2024,20:44:01,11.24,6.01,73.56,157.64,14012.0,0.0,0.0,0.0,0.0,0.0
03/03/2024,20:45:07,11.24,6.02,73.56,157.64,13795.0,0.0,0.0,0.0,0.0,0.0
03/03/2024,20:46:14,11.24,6.02,73.56,157.64,14012.0,0.0,0.0,0.0,0.0,0.0
03/03/2024,20:47:20,11.24,6.02,73.56,157.65,13686.0,0.0,0.0,0.0,0.0,0.0
03/03/2024,20:48:27,11.24,6.011,73.56,157.64,13795.0,0.0,0.0,0.0,0.0,0.0
03/03/2024,20:49:32,11.24,6.01,73.56,157.64,13903.0,0.0,0.0,0.0,0.0,0.0
03/03/2024,20:50:39,11.25,6.0,73.56,157.64,14120.0,0.0,0.0,0.0,0.0,0.0
03/03/2024,20:51:46,11.24,6.0,73.56,157.63,14229.0,0.0,0.0,0.0,0.0,0.0
03/03/2024,20:52:52,11.25,6.01,73.56,157.64,13795.0,0.0,0.0,0.0,0.0,0.0
03/03/2024,20:53:59,11.25,5.99,73.56,157.64,13903.0,0.0,0.0,0.0,0.0,0.0
03/03/2024,20:55:05,11.25,5.99,73.56,157.63,13903.0,0.0,0.0,0.0,0.0,0.0
03/03/2024,20:56:12,6.0,6.0,73.56,157.63,13903.0,0.0,0.0,0.0,0.0,0.0
03/03/2024,20:57:17,11.25,5.99,73.56,157.62,14120.0,0.0,0.0,0.0,0.0,0.0
03/03/2024,20:58:24,11.25,6.0,73.56,157.62,13686.0,0.0,0.0,0.0,0.0,0.0
03/03/2024,20:59:31,11.24,6.0,73.56,157.62,14012.0,0.0,0.0,0.0,0.0,0.0
03/03/2024,21:00:37,11.25,6.0,73.56,157.61,13795.0,0.0,0.0,0.0,0.0,0.0
03/03/2024,21:01:44,11.26,6.01,73.56,157.61,13795.0,0.0,0.0,0.0,0.0,0.0
03/03/2024,21:02:50,11.25,6.0,52.25,157.6,14120.0,0.0,0.0,0.0,0.0,0.0
03/03/2024,21:03:57,11.25,6.0,73.56,157.59,13578.0,0.0,0.0,0.0,0.0,0.0
03/03/2024,21:05:03,11.25,5.99,73.56,157.58,14012.0,0.0,0.0,0.0,0.0,0.0
03/03/2024,21:06:09,11.25,5.99,73.56,157.57,14012.0,0.0,0.0,0.0,0.0,0.0
03/03/2024,21:07:15,11.25,6.0,73.56,157.57,14337.0,0.0,0.0,0.0,0.0,0.0
03/03/2024,21:08:22,11.26,5.99,73.56,157.58,13686.0,0.0,0.0,0.0,0.0,0.0
03/03/2024,21:09:29,11.25,5.991,73.56,157.56,14012.0,0.0,0.0,0.0,0.0,0.0
03/03/2024,21:10:35,6.0,6.0,73.56,157.56,13686.0,0.0,0.0,0.0,0.0,0.0
03/03/2024,21:11:42,11.25,6.01,73.56,157.56,14446.0,0.0,0.0,0.0,0.0,0.0
03/03/2024,21:12:48,11.25,6.0,73.56,157.55,14229.0,0.0,0.0,0.0,0.0,0.0
03/03/2024,21:13:54,11.25,6.0,73.56,157.56,13686.0,0.0,0.0,0.0,0.0,0.0
03/03/2024,21:15:00,11.26,6.01,73.56,157.55,14120.0,0.0,0.0,0.0,0.0,0.0
03/03/2024,21:16:07,11.26,6.03,73.56,157.55,14120.0,0.0,0.0,0.0,0.0,0.0
03/03/2024,21:17:13,11.26,6.02,73.56,157.55,14120.0,0.0,0.0,0.0,0.0,0.0
03/03/2024,21:18:20,11.26,6.02,73.56,157.57,14120.0,0.0,0.0,0.0,0.0,0.0
03/03/2024,21:19:27,11.26,6.01,73.56,157.55,13795.0,0.0,0.0,0.0,0.0,0.0
03/03/2024,21:20:33,11.26,6.01,73.56,157.55,13903.0,0.0,0.0,0.0,0.0,0.0
03/03/2024,21:21:40,11.26,5.99,73.56,157.54,14012.0,0.0,0.0,0.0,0.0,0.0
03/03/2024,21:22:45,11.26,6.0,73.56,157.55,14012.0,0.0,0.0,0.0,0.0,0.0
03/03/2024,21:23:52,11.26,6.0,73.56,157.55,14120.0,0.0,0.0,0.0,0.0,0.0
03/03/2024,21:24:58,11.26,5.99,73.56,157.54,14229.0,0.0,0.0,0.0,0.0,0.0
03/03/2024,21:26:05,11.26,5.99,73.56,157.54,13903.0,0.0,0.0,0.0,0.0,0.0
03/03/2024,21:27:11,11.26,5.98,73.56,157.54,14012.0,0.0,0.0,0.0,0.0,0.0
03/03/2024,21:28:18,11.26,5.99,73.56,157.54,14337.0,0.0,0.0,0.0,0.0,0.0
03/03/2024,21:29:25,11.26,6.0,73.56,157.53,14120.0,0.0,0.0,0.0,0.0,0.0
03/03/2024,21:30:31,11.27,6.01,73.56,157.53,14012.0,0.0,0.0,0.0,0.0,0.0
03/03/2024,21:31:37,11.26,6.01,73.56,157.53,13903.0,0.0,0.0,0.0,0.0,0.0
03/03/2024,21:32:43,11.27,6.02,73.56,157.51,14012.0,0.0,0.0,0.0,0.0,0.0
03/03/2024,21:33:50,11.27,6.01,73.56,157.51,14012.0,0.0,0.0,0.0,0.0,0.0
03/03/2024,21:34:56,11.26,6.0,73.56,157.51,14012.0,0.0,0.0,0.0,0.0,0.0
03/03/2024,21:36:03,11.26,5.99,73.56,157.5,14012.0,0.0,0.0,0.0,0.0,0.0
03/03/2024,21:37:09,11.27,5.98,73.56,157.5,14120.0,0.0,0.0,0.0,0.0,0.0
03/03/2024,21:38:16,11.26,5.99,73.56,157.5,13795.0,0.0,0.0,0.0,0.0,0.0
03/03/2024,21:39:22,11.26,5.99,73.56,157.5,13795.0,0.0,0.0,0.0,0.0,0.0
03/03/2024,21:40:28,11.26,5.99,73.56,157.49,14120.0,0.0,0.0,0.0,0.0,0.0
03/03/2024,21:41:35,11.26,6.0,73.56,157.49,14120.0,0.0,0.0,0.0,0.0,0.0
03/03/2024,21:42:41,11.27,6.0,73.56,157.48,14120.0,0.0,0.0,0.0,0.0,0.0
03/03/2024,21:43:48,11.27,6.0,73.56,157.47,14012.0,0.0,0.0,0.0,0.0,0.0
03/03/2024,21:44:54,11.26,5.99,73.56,157.48,13903.0,0.0,0.0,0.0,0.0,0.0
03/03/2024,21:46:01,11.27,6.01,73.56,157.48,14012.0,0.0,0.0,0.0,0.0,0.0
03/03/2024,21:47:08,11.27,6.0,73.56,157.47,13903.0,0.0,0.0,0.0,0.0,0.0
03/03/2024,21:48:13,11.27,5.99,52.29,157.47,14337.0,0.0,0.0,0.0,0.0,0.0
03/03/2024,21:49:20,11.27,6.0,73.56,157.46,14012.0,0.0,0.0,0.0,0.0,0.0
03/03/2024,21:50:26,11.27,6.0,73.56,157.45,13903.0,0.0,0.0,0.0,0.0,0.0
03/03/2024,21:51:33,11.27,6.01,73.56,157.45,14120.0,0.0,0.0,0.0,0.0,0.0
03/03/2024,21:52:39,11.27,6.01,73.56,157.44,14012.0,0.0,0.0,0.0,0.0,0.0
03/03/2024,21:53:46,11.27,6.0,73.56,157.44,13903.0,0.0,0.0,0.0,0.0,0.0
03/03/2024,21:54:52,11.27,6.0,73.56,157.43,14229.0,0.0,0.0,0.0,0.0,0.0
03/03/2024,21:55:59,6.0,6.0,73.56,157.43,14012.0,0.0,0.0,0.0,0.0,0.0
03/03/2024,21:57:05,11.27,6.01,73.56,157.42,14229.0,0.0,0.0,0.0,0.0,0.0
03/03/2024,21:58:11,11.27,6.0,73.56,157.43,14229.0,0.0,0.0,0.0,0.0,0.0
03/03/2024,21:59:18,11.27,6.0,73.56,157.43,14229.0,0.0,0.0,0.0,0.0,0.0
03/03/2024,22:00:24,11.27,6.0,73.56,157.41,13903.0,0.0,0.0,0.0,0.0,0.0
03/03/2024,22:01:31,11.27,6.0,73.56,157.41,14337.0,0.0,0.0,0.0,0.0,0.0
03/03/2024,22:02:37,11.27,6.0,73.56,157.41,14120.0,0.0,0.0,0.0,0.0,0.0
03/03/2024,22:03:44,11.27,6.0,73.56,157.4,14120.0,0.0,0.0,0.0,0.0,0.0
03/03/2024,22:04:49,11.28,6.0,73.56,157.39,14012.0,0.0,0.0,0.0,0.0,0.0
03/03/2024,22:05:56,11.27,5.99,73.56,157.38,13903.0,0.0,0.0,0.0,0.0,0.0
03/03/2024,22:07:03,11.27,5.99,73.56,157.39,14120.0,0.0,0.0,0.0,0.0,0.0
03/03/2024,22:08:09,11.27,5.98,73.56,157.38,14229.0,0.0,0.0,0.0,0.0,0.0
03/03/2024,22:09:16,11.27,5.97,73.56,157.37,14012.0,0.0,0.0,0.0,0.0,0.0
03/03/2024,22:10:22,11.27,5.98,73.56,157.37,14012.0,0.0,0.0,0.0,0.0,0.0
03/03/2024,22:11:29,11.27,5.99,73.56,157.36,14120.0,0.0,0.0,0.0,0.0,0.0
03/03/2024,22:12:35,11.27,5.98,73.56,157.37,13795.0,0.0,0.0,0.0,0.0,0.0
03/03/2024,22:13:41,11.27,5.98,73.56,157.35,14229.0,0.0,0.0,0.0,0.0,0.0
03/03/2024,22:14:47,11.27,5.99,73.56,157.34,13903.0,0.0,0.0,0.0,0.0,0.0
03/03/2024,22:15:54,11.27,6.0,73.56,157.35,14337.0,0.0,0.0,0.0,0.0,0.0
03/03/2024,22:17:01,11.27,5.99,73.56,157.34,14012.0,0.0,0.0,0.0,0.0,0.0
03/03/2024,22:18:07,11.27,6.0,73.56,157.34,14120.0,0.0,0.0,0.0,0.0,0.0
03/03/2024,22:19:14,11.27,6.0,73.56,157.33,14120.0,0.0,0.0,0.0,0.0,0.0
03/03/2024,22:20:20,11.28,6.0,73.56,157.33,14229.0,0.0,0.0,0.0,0.0,0.0
03/03/2024,22:21:26,11.27,6.0,73.56,157.33,14120.0,0.0,0.0,0.0,0.0,0.0
03/03/2024,22:22:32,11.27,6.0,73.56,157.33,13903.0,0.0,0.0,0.0,0.0,0.0
03/03/2024,22:23:39,11.28,5.98,73.56,157.32,14229.0,0.0,0.0,0.0,0.0,0.0
03/03/2024,22:24:45,11.28,5.99,73.56,157.32,14337.0,0.0,0.0,0.0,0.0,0.0
03/03/2024,22:25:52,11.28,6.0,52.3,157.32,14012.0,0.0,0.0,0.0,0.0,0.0
03/03/2024,22:26:59,11.28,5.99,73.56,157.31,14012.0,0.0,0.0,0.0,0.0,0.0
03/03/2024,22:28:05,11.27,5.99,73.56,157.32,14229.0,0.0,0.0,0.0,0.0,0.0
03/03/2024,22:29:12,11.28,6.0,73.56,157.32,13795.0,0.0,0.0,0.0,0.0,0.0
03/03/2024,22:30:17,11.28,5.99,73.56,157.32,14012.0,0.0,0.0,0.0,0.0,0.0
03/03/2024,22:31:24,11.28,5.99,73.56,157.32,14120.0,0.0,0.0,0.0,0.0,0.0
03/03/2024,22:32:30,11.28,5.98,73.56,157.32,13795.0,0.0,0.0,0.0,0.0,0.0
03/03/2024,22:33:37,11.28,5.98,52.3,157.31,14229.0,0.0,0.0,0.0,0.0,0.0
03/03/2024,22:34:44,11.28,5.99,73.56,157.31,14120.0,0.0,0.0,0.0,0.0,0.0
03/03/2024,22:35:50,11.28,5.99,73.56,157.31,14337.0,0.0,0.0,0.0,0.0,0.0
03/03/2024,22:36:57,11.28,5.98,73.56,157.31,13686.0,0.0,0.0,0.0,0.0,0.0
03/03/2024,22:38:02,11.28,5.98,73.56,157.31,14120.0,0.0,0.0,0.0,0.0,0.0
03/03/2024,22:39:09,11.28,5.98,73.56,157.31,13795.0,0.0,0.0,0.0,0.0,0.0
03/03/2024,22:40:15,11.28,5.97,73.56,157.31,13795.0,0.0,0.0,0.0,0.0,0.0
03/03/2024,22:41:22,5.97,5.97,73.56,157.3,13903.0,0.0,0.0,0.0,0.0,0.0
03/03/2024,22:42:28,11.28,5.97,73.56,157.29,14012.0,0.0,0.0,0.0,0.0,0.0
03/03/2024,22:43:35,11.28,5.98,73.56,157.29,14120.0,0.0,0.0,0.0,0.0,0.0
03/03/2024,22:44:42,11.28,5.98,73.56,157.28,14337.0,0.0,0.0,0.0,0.0,0.0
03/03/2024,22:45:48,11.28,5.99,73.56,157.27,14120.0,0.0,0.0,0.0,0.0,0.0
03/03/2024,22:46:54,11.28,5.98,73.56,157.27,14337.0,0.0,0.0,0.0,0.0,0.0
03/03/2024,22:48:00,11.28,5.99,73.56,157.26,14012.0,0.0,0.0,0.0,0.0,0.0
03/03/2024,22:49:07,2.0,5.98,73.56,157.27,14120.0,0.0,0.0,0.0,0.0,0.0
03/03/2024,22:50:13,11.28,5.99,73.56,157.26,14120.0,0.0,0.0,0.0,0.0,0.0
03/03/2024,22:51:20,11.29,5.98,73.53,157.25,14012.0,0.0,0.0,0.0,0.0,0.0
03/03/2024,22:52:26,11.28,5.98,73.53,157.25,14120.0,0.0,0.0,0.0,0.0,0.0
03/03/2024,22:53:33,11.28,5.99,73.53,157.26,14229.0,0.0,0.0,0.0,0.0,0.0
03/03/2024,22:54:40,11.28,6.0,73.53,157.25,14120.0,0.0,0.0,0.0,0.0,0.0
03/03/2024,22:55:45,11.28,5.98,52.32,157.25,14120.0,0.0,0.0,0.0,0.0,0.0
03/03/2024,22:56:52,11.28,6.0,73.53,157.25,14120.0,0.0,0.0,0.0,0.0,0.0
03/03/2024,22:57:58,11.29,6.0,73.53,157.25,14337.0,0.0,0.0,0.0,0.0,0.0
03/03/2024,22:59:05,11.28,6.0,73.53,157.25,14120.0,0.0,0.0,0.0,0.0,0.0
03/03/2024,23:00:11,11.28,5.99,73.53,157.23,14012.0,0.0,0.0,0.0,0.0,0.0
03/03/2024,23:01:18,11.29,6.0,73.53,157.23,14120.0,0.0,0.0,0.0,0.0,0.0
03/03/2024,23:02:24,11.29,6.01,73.53,157.23,14120.0,0.0,0.0,0.0,0.0,0.0
03/03/2024,23:03:30,6.01,6.01,73.53,157.22,14120.0,0.0,0.0,0.0,0.0,0.0
03/03/2024,23:04:37,11.29,6.01,73.53,157.23,14120.0,0.0,0.0,0.0,0.0,0.0
03/03/2024,23:05:43,11.28,6.01,73.53,157.23,14120.0,0.0,0.0,0.0,0.0,0.0
03/03/2024,23:06:50,11.29,6.0,73.53,157.23,14337.0,0.0,0.0,0.0,0.0,0.0
03/03/2024,23:07:56,11.28,5.99,73.53,157.22,14229.0,0.0,0.0,0.0,0.0,0.0
03/03/2024,23:09:03,11.29,5.99,73.53,157.22,13903.0,0.0,0.0,0.0,0.0,0.0
03/03/2024,23:10:09,11.28,5.98,73.53,157.23,14120.0,0.0,0.0,0.0,0.0,0.0
03/03/2024,23:11:16,11.29,5.99,73.53,157.22,13795.0,0.0,0.0,0.0,0.0,0.0
03/03/2024,23:12:21,11.29,5.99,73.53,157.23,14229.0,0.0,0.0,0.0,0.0,0.0
03/03/2024,23:13:28,11.29,5.99,73.53,157.22,14446.0,0.0,0.0,0.0,0.0,0.0
03/03/2024,23:14:35,11.3,5.99,73.53,157.23,14446.0,0.0,0.0,0.0,0.0,0.0
03/03/2024,23:15:41,11.29,5.99,73.53,157.22,14229.0,0.0,0.0,0.0,0.0,0.0
03/03/2024,23:16:48,11.29,5.99,73.53,157.22,14229.0,0.0,0.0,0.0,0.0,0.0
03/03/2024,23:17:54,11.29,5.98,73.53,157.21,14120.0,0.0,0.0,0.0,0.0,0.0
03/03/2024,23:19:01,11.28,5.99,73.53,157.2,14229.0,0.0,0.0,0.0,0.0,0.0
03/03/2024,23:20:06,11.29,5.99,73.53,157.21,14229.0,0.0,0.0,0.0,0.0,0.0
03/03/2024,23:21:13,11.29,5.99,73.53,157.2,14229.0,0.0,0.0,0.0,0.0,0.0
03/03/2024,23:22:20,11.29,6.0,73.53,157.19,14229.0,0.0,0.0,0.0,0.0,0.0
03/03/2024,23:23:26,11.29,5.99,73.53,157.19,14120.0,0.0,0.0,0.0,0.0,0.0
03/03/2024,23:24:33,11.29,5.99,73.47,157.18,14120.0,0.0,0.0,0.0,0.0,0.0
03/03/2024,23:25:39,11.29,6.0,52.32,157.2,14120.0,0.0,0.0,0.0,0.0,0.0
03/03/2024,23:26:46,11.29,6.01,73.47,157.19,14229.0,0.0,0.0,0.0,0.0,0.0
03/03/2024,23:27:52,11.29,6.0,73.47,157.18,14120.0,0.0,0.0,0.0,0.0,0.0
03/03/2024,23:28:58,11.29,6.0,73.47,157.2,14337.0,0.0,0.0,0.0,0.0,0.0
03/03/2024,23:30:04,11.29,6.0,73.53,157.2,14337.0,0.0,0.0,0.0,0.0,0.0
03/03/2024,23:31:11,11.3,5.98,73.53,157.2,14229.0,0.0,0.0,0.0,0.0,0.0
03/03/2024,23:32:18,11.29,5.991,73.53,157.2,14229.0,0.0,0.0,0.0,0.0,0.0
03/03/2024,23:33:24,11.29,5.98,73.53,157.19,13686.0,0.0,0.0,0.0,0.0,0.0
03/03/2024,23:34:31,11.29,5.98,73.53,157.2,14120.0,0.0,0.0,0.0,0.0,0.0
03/03/2024,23:35:37,11.29,5.99,73.53,157.19,14229.0,0.0,0.0,0.0,0.0,0.0
03/03/2024,23:36:43,11.29,5.99,73.53,157.19,13903.0,0.0,0.0,0.0,0.0,0.0
03/03/2024,23:37:49,11.29,6.0,73.53,157.19,14120.0,0.0,0.0,0.0,0.0,0.0
03/03/2024,23:38:56,11.29,6.0,73.53,157.19,13686.0,0.0,0.0,0.0,0.0,0.0
03/03/2024,23:40:02,11.29,6.0,52.32,157.19,14337.0,0.0,0.0,0.0,0.0,0.0
03/03/2024,23:41:09,11.29,6.0,73.47,157.19,14012.0,0.0,0.0,0.0,0.0,0.0
03/03/2024,23:42:16,11.29,5.99,73.47,157.18,14012.0,0.0,0.0,0.0,0.0,0.0
03/03/2024,23:43:22,11.29,5.98,73.47,157.19,14120.0,0.0,0.0,0.0,0.0,0.0
03/03/2024,23:44:29,11.29,5.98,73.47,157.17,14012.0,0.0,0.0,0.0,0.0,0.0
03/03/2024,23:45:34,11.29,5.99,73.47,157.17,14120.0,0.0,0.0,0.0,0.0,0.0
03/03/2024,23:46:41,11.29,5.99,52.32,157.17,14337.0,0.0,0.0,0.0,0.0,0.0
03/03/2024,23:47:47,6.0,6.0,73.47,157.17,14120.0,0.0,0.0,0.0,0.0,0.0
03/03/2024,23:48:54,11.29,6.0,73.47,157.17,14120.0,0.0,0.0,0.0,0.0,0.0
03/03/2024,23:50:00,11.29,6.0,73.47,157.17,14446.0,0.0,0.0,0.0,0.0,0.0
03/03/2024,23:51:07,11.29,6.01,73.47,157.17,14337.0,0.0,0.0,0.0,0.0,0.0
03/03/2024,23:52:14,11.29,6.0,73.47,157.16,14229.0,0.0,0.0,0.0,0.0,0.0
03/03/2024,23:53:20,11.29,5.99,73.47,157.16,14229.0,0.0,0.0,0.0,0.0,0.0
03/03/2024,23:54:26,11.29,5.99,73.47,157.15,14012.0,0.0,0.0,0.0,0.0,0.0
03/03/2024,23:55:32,11.29,6.001,73.47,157.15,13903.0,0.0,0.0,0.0,0.0,0.0
03/03/2024,23:56:39,11.29,5.99,73.47,157.15,13903.0,0.0,0.0,0.0,0.0,0.0
03/03/2024,23:57:45,11.29,5.99,73.47,157.14,14120.0,0.0,0.0,0.0,0.0,0.0
03/03/2024,23:58:52,11.29,5.98,73.47,157.13,13795.0,0.0,0.0,0.0,0.0,0.0
03/03/2024,23:59:59,11.29,5.98,73.47,157.13,14229.0,0.0,0.0,0.0,0.0,0.0
04/03/2024,00:00:00,11.29,5.98,73.47,157.13,14120.0,0.0,0.0,0.0,0.0,0.0
04/03/2024,00:05:46,11.29,5.99,73.47,157.12,14120.0,0.0,0.0,0.0,0.0,0.0
04/03/2024,00:11:33,11.29,5.99,73.47,157.12,14120.0,0.0,0.0,0.0,0.0,0.0
04/03/2024,00:17:20,11.29,6.0,73.47,157.13,13903.0,0.0,0.0,0.0,0.0,0.0
04/03/2024,00:23:07,11.31,5.991,73.47,157.13,14446.0,0.0,0.0,0.0,0.0,0.0
04/03/2024,00:28:55,11.29,5.99,73.47,157.13,14012.0,0.0,0.0,0.0,0.0,0.0
04/03/2024,00:34:41,11.29,5.99,73.47,157.13,13795.0,0.0,0.0,0.0,0.0,0.0
04/03/2024,00:40:28,11.29,6.0,73.47,157.14,14229.0,0.0,0.0,0.0,0.0,0.0
04/03/2024,00:46:15,11.29,5.99,73.47,157.14,13795.0,0.0,0.0,0.0,0.0,0.0
04/03/2024,00:52:02,11.29,5.99,73.47,157.16,14120.0,0.0,0.0,0.0,0.0,0.0
04/03/2024,00:57:50,11.29,5.99,73.47,157.14,14229.0,0.0,0.0,0.0,0.0,0.0
04/03/2024,01:03:36,11.3,6.001,73.47,157.16,14337.0,0.0,0.0,0.0,0.0,0.0
04/03/2024,01:09:23,11.3,5.99,73.47,157.17,14120.0,0.0,0.0,0.0,0.0,0.0
04/03/2024,01:15:10,11.31,5.99,73.47,157.18,14012.0,0.0,0.0,0.0,0.0,0.0
04/03/2024,01:20:57,11.28,6.0,73.42,157.2,14120.0,0.0,0.0,0.0,0.0,0.0
04/03/2024,01:26:44,11.28,5.99,73.36,157.2,14120.0,0.0,0.0,0.0,0.0,0.0
04/03/2024,01:32:32,11.27,5.97,73.36,157.22,14012.0,0.0,0.0,0.0,0.0,0.0
04/03/2024,01:38:18,11.28,6.0,73.33,157.21,13686.0,0.0,0.0,0.0,0.0,0.0
04/03/2024,01:44:05,11.28,6.0,52.3,157.22,14120.0,0.0,0.0,0.0,0.0,0.0
04/03/2024,01:49:52,11.28,5.99,73.33,157.23,13903.0,0.0,0.0,0.0,0.0,0.0
04/03/2024,01:55:40,11.28,6.0,73.22,157.24,13903.0,0.0,0.0,0.0,0.0,0.0
04/03/2024,02:01:27,11.28,6.01,73.22,157.25,13903.0,0.0,0.0,0.0,0.0,0.0
04/03/2024,02:07:13,11.28,5.99,73.22,157.27,13903.0,0.0,0.0,0.0,0.0,0.0
04/03/2024,02:13:00,11.28,5.99,73.22,157.27,14012.0,0.0,0.0,0.0,0.0,0.0
04/03/2024,02:18:47,11.28,5.98,73.22,157.27,14229.0,0.0,0.0,0.0,0.0,0.0
04/03/2024,02:24:35,11.28,5.98,73.33,157.28,13795.0,0.0,0.0,0.0,0.0,0.0
04/03/2024,02:30:22,11.28,5.96,73.53,157.3,14012.0,0.0,0.0,0.0,0.0,0.0
04/03/2024,02:36:09,11.27,5.97,73.56,157.33,14120.0,0.0,0.0,0.0,0.0,0.0
04/03/2024,02:41:55,11.27,5.98,73.62,157.34,13903.0,0.0,0.0,0.0,0.0,0.0
04/03/2024,02:47:42,11.27,5.95,73.62,157.37,14012.0,0.0,0.0,0.0,0.0,0.0
04/03/2024,02:53:29,11.27,5.94,73.62,157.37,14012.0,0.0,0.0,0.0,0.0,0.0
04/03/2024,02:59:17,11.27,5.92,73.9,157.38,14229.0,0.0,0.0,0.0,0.0,0.0
04/03/2024,03:05:04,11.27,5.89,74.68,157.37,14012.0,0.0,0.0,0.0,0.0,0.0
04/03/2024,03:10:50,11.26,5.87,75.31,157.4,14337.0,0.0,0.0,0.0,0.0,0.0
04/03/2024,03:16:37,11.26,5.86,75.56,157.39,14012.0,0.0,0.0,0.0,0.0,0.0
04/03/2024,03:22:24,11.26,5.86,75.56,157.4,14012.0,0.0,0.0,0.0,0.0,0.0
04/03/2024,03:28:12,11.26,5.87,75.56,157.43,13795.0,0.0,0.0,0.0,0.0,0.0
04/03/2024,03:33:59,11.26,5.86,52.27,157.42,14012.0,0.0,0.0,0.0,0.0,0.0
04/03/2024,03:39:45,11.26,5.86,75.51,157.43,14229.0,0.0,0.0,0.0,0.0,0.0
04/03/2024,03:45:32,5.87,5.87,75.51,157.44,14012.0,0.0,0.0,0.0,0.0,0.0
04/03/2024,03:51:19,11.26,5.85,75.45,157.44,13795.0,0.0,0.0,0.0,0.0,0.0
04/03/2024,03:57:07,11.26,5.86,75.42,157.46,13903.0,0.0,0.0,0.0,0.0,0.0
04/03/2024,04:02:54,11.27,5.87,75.31,157.48,13795.0,0.0,0.0,0.0,0.0,0.0
04/03/2024,04:08:41,11.27,5.88,75.31,157.48,13903.0,0.0,0.0,0.0,0.0,0.0
04/03/2024,04:14:27,11.27,5.87,75.27,157.49,13795.0,0.0,0.0,0.0,0.0,0.0
04/03/2024,04:20:14,11.27,5.87,75.11,157.5,14012.0,0.0,0.0,0.0,0.0,0.0
04/03/2024,04:26:01,11.27,5.871,75.07,157.52,13686.0,0.0,0.0,0.0,0.0,0.0
04/03/2024,04:31:49,11.27,5.87,74.97,157.52,13903.0,0.0,0.0,0.0,0.0,0.0
04/03/2024,04:37:36,11.27,5.86,74.93,157.53,13578.0,0.0,0.0,0.0,0.0,0.0
04/03/2024,04:43:22,11.27,5.89,74.82,157.54,13686.0,0.0,0.0,0.0,0.0,0.0
04/03/2024,04:49:09,11.27,5.87,74.79,157.56,13795.0,0.0,0.0,0.0,0.0,0.0
04/03/2024,04:54:56,11.27,5.89,74.68,157.56,13795.0,0.0,0.0,0.0,0.0,0.0
04/03/2024,05:00:43,11.27,5.89,74.59,157.57,13686.0,0.0,0.0,0.0,0.0,0.0
04/03/2024,05:06:31,11.27,5.88,74.59,157.6,13795.0,0.0,0.0,0.0,0.0,0.0
04/03/2024,05:12:18,11.27,5.89,74.39,157.59,13795.0,0.0,0.0,0.0,0.0,0.0
04/03/2024,05:18:04,5.88,5.88,74.3,157.61,13795.0,0.0,0.0,0.0,0.0,0.0
04/03/2024,05:23:51,11.27,5.89,74.3,157.62,13903.0,0.0,0.0,0.0,0.0,0.0
04/03/2024,05:29:39,11.27,5.88,74.19,157.63,13686.0,0.0,0.0,0.0,0.0,0.0
04/03/2024,05:35:26,11.27,5.9,74.19,157.63,13686.0,0.0,0.0,0.0,0.0,0.0
04/03/2024,05:41:13,11.27,5.9,73.99,157.64,14229.0,0.0,0.0,0.0,0.0,0.0
04/03/2024,05:46:59,11.27,5.89,73.96,157.62,13686.0,0.0,0.0,0.0,0.0,0.0
04/03/2024,05:52:46,11.27,5.91,73.96,157.62,13469.0,0.0,0.0,0.0,0.0,0.0
04/03/2024,05:58:33,11.27,5.91,73.9,157.62,14229.0,0.0,0.0,0.0,0.0,0.0
04/03/2024,06:04:20,11.28,5.91,73.9,157.63,13903.0,0.0,0.0,0.0,0.0,0.0
04/03/2024,06:10:08,11.27,5.91,73.81,157.62,13795.0,0.0,0.0,0.0,0.0,0.0
04/03/2024,06:15:54,11.27,5.93,73.76,157.63,14120.0,0.0,0.0,0.0,0.0,0.0
04/03/2024,06:21:41,11.28,5.91,73.76,157.62,13903.0,0.0,0.0,0.0,0.0,0.0
04/03/2024,06:27:28,11.28,5.93,73.71,157.61,13686.0,0.0,0.0,0.0,0.0,0.0
04/03/2024,06:33:15,11.28,5.92,73.71,157.6,13686.0,0.0,0.0,0.0,0.0,0.0
04/03/2024,06:39:03,11.28,5.92,73.67,157.61,13469.0,0.0,0.0,0.0,0.0,0.0
04/03/2024,06:44:50,11.28,5.93,73.67,157.61,13903.0,0.0,0.0,0.0,0.0,0.0
04/03/2024,06:50:36,11.28,5.94,73.67,157.6,13686.0,0.0,0.0,0.0,0.0,0.0
04/03/2024,06:56:23,11.28,5.93,73.62,157.6,14120.0,0.0,0.0,0.0,0.0,0.0
04/03/2024,07:02:10,11.28,5.97,73.62,157.58,13795.0,0.0,0.0,0.0,0.0,0.0
04/03/2024,07:07:57,11.28,5.97,73.62,157.59,13903.0,0.0,0.0,0.0,0.0,0.0
04/03/2024,07:13:44,11.28,5.96,73.62,157.58,13795.0,0.0,0.0,0.0,0.0,0.0
04/03/2024,07:19:31,11.28,5.97,73.62,157.57,13578.0,0.0,0.0,0.0,0.0,0.0
04/03/2024,07:25:18,11.28,5.97,73.62,157.56,14012.0,0.0,0.0,0.0,0.0,0.0
04/03/2024,07:31:05,11.28,5.96,73.62,157.55,14012.0,0.0,0.0,0.0,0.0,0.0
04/03/2024,07:36:52,11.28,5.97,73.62,157.56,13795.0,0.0,0.0,0.0,0.0,0.0
04/03/2024,07:42:39,11.28,5.97,73.62,157.56,13578.0,0.0,0.0,0.0,0.0,0.0
04/03/2024,07:48:26,11.28,5.99,73.62,157.56,13361.0,0.0,0.0,0.0,0.0,0.0
04/03/2024,07:54:12,11.27,5.97,73.62,157.56,13686.0,0.0,0.0,0.0,0.0,0.0
04/03/2024,08:00:00,11.28,5.98,73.62,157.55,13361.0,0.0,0.0,0.0,0.0,0.0
04/03/2024,08:05:47,11.28,5.98,73.62,157.53,13578.0,0.0,0.0,0.0,0.0,0.0
04/03/2024,08:11:34,11.28,5.991,73.62,157.53,13795.0,0.0,0.0,0.0,0.0,0.0
04/03/2024,08:17:21,11.28,5.99,73.62,157.5,13469.0,0.0,0.0,0.0,0.0,0.0
04/03/2024,08:23:07,11.28,6.0,73.62,157.48,13469.0,0.0,0.0,0.0,0.0,0.0
04/03/2024,08:28:54,11.28,5.98,73.62,157.47,13795.0,0.0,0.0,0.0,0.0,0.0
04/03/2024,08:34:41,11.28,6.0,73.62,157.44,13686.0,0.0,0.0,0.0,0.0,0.0
04/03/2024,08:40:29,11.28,6.0,73.62,157.44,13578.0,0.0,0.0,0.0,0.0,0.0
04/03/2024,08:46:16,11.28,6.0,73.62,157.42,13252.0,0.0,0.0,0.0,0.0,0.0
04/03/2024,08:52:03,11.28,6.0,73.62,157.42,13686.0,0.0,0.0,0.0,0.0,0.0
04/03/2024,08:57:49,11.28,6.01,73.62,157.41,13795.0,0.0,0.0,0.0,0.0,0.0
04/03/2024,09:03:37,11.28,6.02,73.62,157.39,13795.0,0.0,0.0,0.0,0.0,0.0
04/03/2024,09:09:24,11.28,6.02,73.62,157.37,13795.0,0.0,0.0,0.0,0.0,0.0
04/03/2024,09:15:11,11.28,6.01,73.62,157.37,13795.0,0.0,0.0,0.0,0.0,0.0
04/03/2024,09:20:58,11.28,6.02,52.3,157.35,14012.0,0.0,0.0,0.0,0.0,0.0
04/03/2024,09:26:44,11.28,6.02,73.62,157.34,14229.0,0.0,0.0,0.0,0.0,0.0
04/03/2024,09:32:31,11.28,6.021,73.62,157.32,13795.0,0.0,0.0,0.0,0.0,0.0
04/03/2024,09:38:19,11.28,6.02,73.62,157.28,13686.0,0.0,0.0,0.0,0.0,0.0
04/03/2024,09:44:06,11.28,6.03,73.62,157.26,13795.0,0.0,0.0,0.0,0.0,0.0
04/03/2024,09:49:53,11.28,6.03,73.56,157.26,13686.0,0.0,0.0,0.0,0.0,0.0
04/03/2024,09:55:39,11.29,6.01,73.56,157.27,13686.0,0.0,0.0,0.0,0.0,0.0
04/03/2024,10:01:26,11.28,6.01,73.56,157.27,14120.0,0.0,0.0,0.0,0.0,0.0
04/03/2024,10:07:13,11.28,6.02,73.56,157.27,13578.0,0.0,0.0,0.0,0.0,0.0
04/03/2024,10:13:00,11.28,6.04,52.3,157.28,13795.0,0.0,0.0,0.0,0.0,0.0
04/03/2024,10:18:48,11.28,6.03,73.56,157.31,14012.0,0.0,0.0,0.0,0.0,0.0
04/03/2024,10:24:35,11.28,6.03,73.56,157.34,13795.0,0.0,0.0,0.0,0.0,0.0
04/03/2024,10:30:21,11.28,6.04,73.56,157.35,14012.0,0.0,0.0,0.0,0.0,0.0
04/03/2024,10:36:08,11.28,6.03,73.56,157.35,13686.0,0.0,0.0,0.0,0.0,0.0
04/03/2024,10:41:55,11.29,6.04,73.56,157.38,13578.0,0.0,0.0,0.0,0.0,0.0
04/03/2024,10:47:42,11.29,6.04,73.53,157.37,13795.0,0.0,0.0,0.0,0.0,0.0
04/03/2024,10:53:30,11.28,6.04,73.53,157.36,13686.0,0.0,0.0,0.0,0.0,0.0
04/03/2024,10:59:16,11.28,6.02,73.53,157.37,13903.0,0.0,0.0,0.0,0.0,0.0
04/03/2024,11:05:03,6.03,6.03,73.47,157.35,14012.0,0.0,0.0,0.0,0.0,0.0
04/03/2024,11:10:50,11.28,6.04,73.47,157.34,13686.0,0.0,0.0,0.0,0.0,0.0
04/03/2024,11:16:37,11.29,6.04,73.42,157.32,14120.0,0.0,0.0,0.0,0.0,0.0
04/03/2024,11:22:24,11.28,6.03,73.42,157.3,13578.0,0.0,0.0,0.0,0.0,0.0
04/03/2024,11:28:12,11.29,6.04,73.36,157.27,14120.0,0.0,0.0,0.0,0.0,0.0
04/03/2024,11:33:58,6.05,6.05,73.36,157.27,14012.0,0.0,0.0,0.0,0.0,0.0
04/03/2024,11:39:45,11.29,6.04,73.36,157.26,13795.0,0.0,0.0,0.0,0.0,0.0
04/03/2024,11:45:32,11.29,6.03,73.27,157.26,13795.0,0.0,0.0,0.0,0.0,0.0
04/03/2024,11:51:19,11.29,6.05,73.22,157.25,13795.0,0.0,0.0,0.0,0.0,0.0
04/03/2024,11:57:07,11.29,6.04,73.22,157.22,14120.0,0.0,0.0,0.0,0.0,0.0
04/03/2024,12:02:53,11.29,6.06,52.34,157.23,14120.0,0.0,0.0,0.0,0.0,0.0
04/03/2024,12:08:40,11.29,6.04,73.18,157.25,13686.0,0.0,0.0,0.0,0.0,0.0
04/03/2024,12:14:27,11.29,6.06,73.08,157.25,13903.0,0.0,0.0,0.0,0.0,0.0
04/03/2024,12:20:14,11.29,6.04,73.04,157.24,13903.0,0.0,0.0,0.0,0.0,0.0
04/03/2024,12:26:01,11.29,6.06,72.99,157.25,14120.0,0.0,0.0,0.0,0.0,0.0
04/03/2024,12:31:48,11.29,6.05,72.93,157.26,13795.0,0.0,0.0,0.0,0.0,0.0
04/03/2024,12:37:35,11.29,6.04,72.9,157.25,13686.0,0.0,0.0,0.0,0.0,0.0
04/03/2024,12:43:22,11.29,6.041,72.84,157.25,13469.0,0.0,0.0,0.0,0.0,0.0
04/03/2024,12:49:09,11.29,6.04,72.79,157.28,13795.0,0.0,0.0,0.0,0.0,0.0
04/03/2024,12:54:56,11.29,6.06,72.73,157.29,13795.0,0.0,0.0,0.0,0.0,0.0
04/03/2024,13:00:43,11.29,6.04,52.32,157.31,13578.0,0.0,0.0,0.0,0.0,0.0
04/03/2024,13:06:30,11.29,6.06,72.59,157.32,13686.0,0.0,0.0,0.0,0.0,0.0
04/03/2024,13:12:17,6.06,6.06,72.55,157.33,14012.0,0.0,0.0,0.0,0.0,0.0
04/03/2024,13:18:04,11.29,6.04,72.5,157.35,13795.0,0.0,0.0,0.0,0.0,0.0
04/03/2024,13:23:51,11.3,6.05,72.5,157.39,13578.0,0.0,0.0,0.0,0.0,0.0
04/03/2024,13:29:38,11.29,6.06,72.41,157.41,13469.0,0.0,0.0,0.0,0.0,0.0
04/03/2024,13:35:24,11.29,6.07,72.36,157.42,13795.0,0.0,0.0,0.0,0.0,0.0
04/03/2024,13:41:11,11.29,6.081,72.3,157.43,13686.0,0.0,0.0,0.0,0.0,0.0
04/03/2024,13:46:58,11.29,6.06,72.21,157.44,13795.0,0.0,0.0,0.0,0.0,0.0
04/03/2024,13:52:45,11.29,6.06,72.16,157.44,13686.0,0.0,0.0,0.0,0.0,0.0
04/03/2024,13:58:33,11.29,6.07,72.1,157.46,13686.0,0.0,0.0,0.0,0.0,0.0
04/03/2024,14:04:20,11.29,6.06,72.07,157.47,13361.0,0.0,0.0,0.0,0.0,0.0
04/03/2024,14:10:06,11.29,6.07,72.01,157.47,13686.0,0.0,0.0,0.0,0.0,0.0
04/03/2024,14:15:53,11.29,6.07,71.92,157.47,13686.0,0.0,0.0,0.0,0.0,0.0
04/03/2024,14:21:40,6.06,6.06,71.92,157.47,13144.0,0.0,0.0,0.0,0.0,0.0
04/03/2024,14:27:27,11.29,6.06,71.87,157.51,13469.0,0.0,0.0,0.0,0.0,0.0
04/03/2024,14:33:15,11.3,6.07,71.87,157.51,13578.0,0.0,0.0,0.0,0.0,0.0
04/03/2024,14:39:01,11.29,6.07,71.82,157.54,13469.0,0.0,0.0,0.0,0.0,0.0
04/03/2024,14:44:48,11.29,6.08,71.73,157.55,13469.0,0.0,0.0,0.0,0.0,0.0
04/03/2024,14:50:35,11.3,6.07,71.73,157.56,13686.0,0.0,0.0,0.0,0.0,0.0
04/03/2024,14:56:22,11.3,6.08,71.67,157.58,13578.0,0.0,0.0,0.0,0.0,0.0
04/03/2024,15:02:10,11.3,6.08,71.67,157.61,13361.0,0.0,0.0,0.0,0.0,0.0
04/03/2024,15:07:56,11.29,6.09,71.58,157.63,13469.0,0.0,0.0,0.0,0.0,0.0
04/03/2024,15:13:43,11.3,6.09,71.58,157.63,14012.0,0.0,0.0,0.0,0.0,0.0
04/03/2024,15:19:30,11.3,6.06,71.53,157.65,13686.0,0.0,0.0,0.0,0.0,0.0
04/03/2024,15:25:17,11.3,6.07,71.53,157.64,13469.0,0.0,0.0,0.0,0.0,0.0
04/03/2024,15:31:04,6.08,6.08,71.47,157.65,13686.0,0.0,0.0,0.0,0.0,0.0
04/03/2024,15:36:52,11.3,6.09,71.47,157.66,13578.0,0.0,0.0,0.0,0.0,0.0
04/03/2024,15:42:38,11.31,6.09,71.47,157.67,13361.0,0.0,0.0,0.0,0.0,0.0
04/03/2024,15:48:25,11.3,6.09,71.44,157.67,13252.0,0.0,0.0,0.0,0.0,0.0
04/03/2024,15:54:12,11.3,6.09,71.44,157.68,13686.0,0.0,0.0,0.0,0.0,0.0
04/03/2024,15:59:59,11.3,6.09,71.44,157.68,13903.0,0.0,0.0,0.0,0.0,0.0
04/03/2024,16:05:46,11.3,6.09,71.44,157.7,13686.0,0.0,0.0,0.0,0.0,0.0
04/03/2024,16:11:33,11.3,6.111,71.44,157.69,13144.0,0.0,0.0,0.0,0.0,0.0
04/03/2024,16:17:20,11.3,6.12,71.44,157.69,13795.0,0.0,0.0,0.0,0.0,0.0
04/03/2024,16:23:07,11.3,6.09,71.44,157.69,13469.0,0.0,0.0,0.0,0.0,0.0
04/03/2024,16:28:54,11.31,6.11,71.44,157.7,13578.0,0.0,0.0,0.0,0.0,0.0
04/03/2024,16:34:41,11.3,6.11,71.44,157.7,13361.0,0.0,0.0,0.0,0.0,0.0
04/03/2024,16:40:28,2.0,6.11,71.44,157.69,13795.0,0.0,0.0,0.0,0.0,0.0
04/03/2024,16:46:14,11.31,6.1,71.44,157.66,13469.0,0.0,0.0,0.0,0.0,0.0
04/03/2024,16:52:02,11.3,6.12,71.44,157.67,13469.0,0.0,0.0,0.0,0.0,0.0
04/03/2024,16:57:49,11.3,6.13,71.44,157.67,13795.0,0.0,0.0,0.0,0.0,0.0
04/03/2024,17:03:36,11.3,6.1,71.44,157.65,13469.0,0.0,0.0,0.0,0.0,0.0
04/03/2024,17:09:23,11.3,6.12,52.36,157.66,13795.0,0.0,0.0,0.0,0.0,0.0
04/03/2024,17:15:09,11.3,6.1,71.44,157.66,13686.0,0.0,0.0,0.0,0.0,0.0
04/03/2024,17:20:56,11.31,6.12,71.44,157.65,13361.0,0.0,0.0,0.0,0.0,0.0
04/03/2024,17:26:43,11.31,6.12,71.44,157.67,13686.0,0.0,0.0,0.0,0.0,0.0
04/03/2024,17:32:31,11.32,6.13,71.44,157.67,13686.0,0.0,0.0,0.0,0.0,0.0
04/03/2024,17:38:18,11.31,6.12,71.44,157.68,13469.0,0.0,0.0,0.0,0.0,0.0
04/03/2024,17:44:05,11.31,6.14,71.44,157.66,13686.0,0.0,0.0,0.0,0.0,0.0
04/03/2024,17:49:51,6.12,6.12,71.44,157.66,13795.0,0.0,0.0,0.0,0.0,0.0
04/03/2024,17:55:38,11.3,6.13,71.44,157.66,13686.0,0.0,0.0,0.0,0.0,0.0
04/03/2024,18:01:26,11.31,6.15,71.44,157.66,13578.0,0.0,0.0,0.0,0.0,0.0
04/03/2024,18:07:13,11.31,6.15,71.44,157.66,13578.0,0.0,0.0,0.0,0.0,0.0
04/03/2024,18:13:00,11.31,6.14,71.44,157.66,13795.0,0.0,0.0,0.0,0.0,0.0
04/03/2024,18:18:46,11.31,6.13,71.38,157.64,13144.0,0.0,0.0,0.0,0.0,0.0
04/03/2024,18:24:33,11.31,6.17,71.38,157.63,13903.0,0.0,0.0,0.0,0.0,0.0
04/03/2024,18:30:20,11.31,6.16,71.38,157.63,13361.0,0.0,0.0,0.0,0.0,0.0
04/03/2024,18:36:08,11.31,6.15,71.38,157.61,13686.0,0.0,0.0,0.0,0.0,0.0
04/03/2024,18:41:55,11.31,6.15,71.38,157.6,13578.0,0.0,0.0,0.0,0.0,0.0
04/03/2024,18:47:41,11.31,6.14,71.38,157.6,13469.0,0.0,0.0,0.0,0.0,0.0
04/03/2024,18:53:28,11.32,6.16,71.38,157.59,13469.0,0.0,0.0,0.0,0.0,0.0
04/03/2024,18:59:15,11.31,6.15,71.38,157.59,13795.0,0.0,0.0,0.0,0.0,0.0
04/03/2024,19:05:02,11.31,6.17,71.33,157.59,13686.0,0.0,0.0,0.0,0.0,0.0
04/03/2024,19:10:50,11.32,6.18,71.33,157.59,14120.0,0.0,0.0,0.0,0.0,0.0
04/03/2024,19:16:37,11.32,6.18,71.33,157.58,13903.0,0.0,0.0,0.0,0.0,0.0
04/03/2024,19:22:23,6.19,6.19,71.29,157.57,13686.0,0.0,0.0,0.0,0.0,0.0
04/03/2024,19:28:10,11.31,6.19,71.29,157.57,14012.0,0.0,0.0,0.0,0.0,0.0
04/03/2024,19:33:57,11.32,6.2,71.19,157.58,13686.0,0.0,0.0,0.0,0.0,0.0
04/03/2024,19:39:44,11.32,6.2,71.19,157.57,13686.0,0.0,0.0,0.0,0.0,0.0
04/03/2024,19:45:32,11.33,6.19,71.15,157.58,13469.0,0.0,0.0,0.0,0.0,0.0
04/03/2024,19:51:18,11.32,6.19,71.15,157.58,13578.0,0.0,0.0,0.0,0.0,0.0
04/03/2024,19:57:05,11.32,6.2,71.04,157.56,13903.0,0.0,0.0,0.0,0.0,0.0
04/03/2024,20:02:52,11.32,6.21,70.99,157.55,13795.0,0.0,0.0,0.0,0.0,0.0
04/03/2024,20:08:39,11.33,6.21,70.95,157.53,13795.0,0.0,0.0,0.0,0.0,0.0
04/03/2024,20:14:26,11.32,6.2,70.9,157.52,14120.0,0.0,0.0,0.0,0.0,0.0
04/03/2024,20:20:14,11.32,6.2,70.81,157.53,13361.0,0.0,0.0,0.0,0.0,0.0
04/03/2024,20:26:00,11.32,6.21,70.7,157.52,13903.0,0.0,0.0,0.0,0.0,0.0
04/03/2024,20:31:47,11.32,6.22,52.38,157.51,13686.0,0.0,0.0,0.0,0.0,0.0
04/03/2024,20:37:34,11.34,6.22,70.56,157.51,13795.0,0.0,0.0,0.0,0.0,0.0
04/03/2024,20:43:21,11.32,6.22,70.52,157.53,13903.0,0.0,0.0,0.0,0.0,0.0
04/03/2024,20:49:08,11.32,6.22,70.41,157.52,14012.0,0.0,0.0,0.0,0.0,0.0
04/03/2024,20:54:55,11.32,6.23,70.36,157.51,13795.0,0.0,0.0,0.0,0.0,0.0
04/03/2024,21:00:42,11.33,6.24,70.27,157.52,14012.0,0.0,0.0,0.0,0.0,0.0
04/03/2024,21:06:29,11.32,6.24,70.21,157.5,13795.0,0.0,0.0,0.0,0.0,0.0
04/03/2024,21:12:16,11.32,6.23,52.38,157.49,14120.0,0.0,0.0,0.0,0.0,0.0
04/03/2024,21:18:03,11.33,6.25,70.07,157.49,13903.0,0.0,0.0,0.0,0.0,0.0
04/03/2024,21:23:49,6.24,6.24,70.03,157.48,14012.0,0.0,0.0,0.0,0.0,0.0
04/03/2024,21:29:37,11.33,6.24,69.93,157.48,14012.0,0.0,0.0,0.0,0.0,0.0
04/03/2024,21:35:24,11.33,6.24,69.87,157.47,14120.0,0.0,0.0,0.0,0.0,0.0
04/03/2024,21:41:11,11.32,6.25,69.84,157.45,13903.0,0.0,0.0,0.0,0.0,0.0
04/03/2024,21:46:58,11.33,6.26,69.78,157.45,14229.0,0.0,0.0,0.0,0.0,0.0
04/03/2024,21:52:45,11.33,6.251,69.73,157.44,13686.0,0.0,0.0,0.0,0.0,0.0
04/03/2024,21:58:31,11.33,6.25,69.69,157.44,14229.0,0.0,0.0,0.0,0.0,0.0
04/03/2024,22:04:19,11.33,6.26,69.64,157.45,14120.0,0.0,0.0,0.0,0.0,0.0
04/03/2024,22:10:06,11.33,6.25,69.64,157.43,14120.0,0.0,0.0,0.0,0.0,0.0
04/03/2024,22:15:53,11.33,6.25,69.55,157.42,13795.0,0.0,0.0,0.0,0.0,0.0
04/03/2024,22:21:40,11.34,6.26,69.55,157.43,14120.0,0.0,0.0,0.0,0.0,0.0
04/03/2024,22:27:26,11.33,6.24,69.55,157.39,14446.0,0.0,0.0,0.0,0.0,0.0
04/03/2024,22:33:13,11.33,6.27,69.49,157.37,13903.0,0.0,0.0,0.0,0.0,0.0
04/03/2024,22:39:00,11.33,6.26,69.44,157.36,13903.0,0.0,0.0,0.0,0.0,0.0
04/03/2024,22:44:48,11.33,6.271,69.44,157.34,14229.0,0.0,0.0,0.0,0.0,0.0
04/03/2024,22:50:35,11.33,6.27,69.4,157.35,14229.0,0.0,0.0,0.0,0.0,0.0
04/03/2024,22:56:22,11.33,6.26,69.4,157.34,13795.0,0.0,0.0,0.0,0.0,0.0
04/03/2024,23:02:08,11.33,6.27,69.35,157.32,14012.0,0.0,0.0,0.0,0.0,0.0
04/03/2024,23:07:55,11.33,6.27,69.35,157.31,14120.0,0.0,0.0,0.0,0.0,0.0
04/03/2024,23:13:42,11.33,6.27,69.35,157.29,14120.0,0.0,0.0,0.0,0.0,0.0
04/03/2024,23:19:30,11.33,6.27,69.3,157.28,13795.0,0.0,0.0,0.0,0.0,0.0
04/03/2024,23:25:17,6.26,6.26,69.3,157.27,14012.0,0.0,0.0,0.0,0.0,0.0
04/03/2024,23:31:03,11.33,6.28,69.3,157.25,14120.0,0.0,0.0,0.0,0.0,0.0
04/03/2024,23:36:50,11.33,6.26,69.3,157.25,14012.0,0.0,0.0,0.0,0.0,0.0
04/03/2024,23:42:37,11.33,6.28,69.3,157.24,14229.0,0.0,0.0,0.0,0.0,0.0
04/03/2024,23:48:25,11.33,6.29,69.3,157.23,14012.0,0.0,0.0,0.0,0.0,0.0
04/03/2024,23:54:12,11.33,6.3,69.24,157.23,14012.0,0.0,0.0,0.0,0.0,0.0
04/03/2024,23:59:59,11.33,6.28,69.24,157.2,14229.0,0.0,0.0,0.0,0.0,0.0
05/03/2024,00:00:00,11.33,6.28,69.24,157.2,14337.0,0.0,0.0,0.0,0.0,0.0
05/03/2024,00:05:46,11.33,6.3,69.24,157.21,13903.0,0.0,0.0,0.0,0.0,0.0
05/03/2024,00:11:33,11.34,6.27,69.24,157.21,14229.0,0.0,0.0,0.0,0.0,0.0
05/03/2024,00:17:20,11.33,6.28,69.24,157.21,14120.0,0.0,0.0,0.0,0.0,0.0
05/03/2024,00:23:08,11.33,6.28,69.24,157.19,13903.0,0.0,0.0,0.0,0.0,0.0
05/03/2024,00:28:55,11.33,6.3,69.24,157.19,14012.0,0.0,0.0,0.0,0.0,0.0
05/03/2024,00:34:41,11.33,6.29,52.39,157.19,14337.0,0.0,0.0,0.0,0.0,0.0
05/03/2024,00:40:28,11.33,6.28,69.3,157.17,14554.0,0.0,0.0,0.0,0.0,0.0
05/03/2024,00:46:15,11.33,6.28,69.3,157.16,14229.0,0.0,0.0,0.0,0.0,0.0
05/03/2024,00:52:02,11.33,6.27,69.3,157.17,14337.0,0.0,0.0,0.0,0.0,0.0
05/03/2024,00:57:50,11.31,6.27,69.24,157.17,14229.0,0.0,0.0,0.0,0.0,0.0
05/03/2024,01:03:36,11.32,6.27,69.24,157.18,14229.0,0.0,0.0,0.0,0.0,0.0
05/03/2024,01:09:23,11.32,6.28,69.3,157.18,14229.0,0.0,0.0,0.0,0.0,0.0
05/03/2024,01:15:10,11.32,6.21,69.3,157.19,14229.0,0.0,0.0,0.0,0.0,0.0
05/03/2024,01:20:57,11.31,6.28,69.3,157.18,14446.0,0.0,0.0,0.0,0.0,0.0
05/03/2024,01:26:45,11.32,6.27,69.35,157.19,13795.0,0.0,0.0,0.0,0.0,0.0
05/03/2024,01:32:31,11.32,6.28,69.35,157.19,14120.0,0.0,0.0,0.0,0.0,0.0
05/03/2024,01:38:18,11.31,6.27,69.35,157.2,14446.0,0.0,0.0,0.0,0.0,0.0
05/03/2024,01:44:05,11.31,6.26,52.38,157.21,14337.0,0.0,0.0,0.0,0.0,0.0
05/03/2024,01:49:52,11.31,6.25,69.4,157.24,14446.0,0.0,0.0,0.0,0.0,0.0
05/03/2024,01:55:40,6.27,6.27,69.44,157.26,14229.0,0.0,0.0,0.0,0.0,0.0
05/03/2024,02:01:26,11.31,6.26,69.55,157.26,14120.0,0.0,0.0,0.0,0.0,0.0
05/03/2024,02:07:13,11.31,6.3,69.58,157.27,13686.0,0.0,0.0,0.0,0.0,0.0
05/03/2024,02:13:00,11.31,6.31,69.58,157.28,13903.0,0.0,0.0,0.0,0.0,0.0
05/03/2024,02:18:47,11.31,6.3,69.69,157.31,14120.0,0.0,0.0,0.0,0.0,0.0
05/03/2024,02:24:34,11.31,6.321,69.78,157.31,14446.0,0.0,0.0,0.0,0.0,0.0
05/03/2024,02:30:21,11.31,6.32,69.93,157.32,14554.0,0.0,0.0,0.0,0.0,0.0
05/03/2024,02:36:08,11.31,6.32,69.98,157.33,13795.0,0.0,0.0,0.0,0.0,0.0
05/03/2024,02:41:55,11.31,6.32,70.12,157.34,14120.0,0.0,0.0,0.0,0.0,0.0
05/03/2024,02:47:42,11.31,6.31,70.21,157.35,14120.0,0.0,0.0,0.0,0.0,0.0
05/03/2024,02:53:29,11.3,6.311,70.36,157.36,14337.0,0.0,0.0,0.0,0.0,0.0
05/03/2024,02:59:16,11.31,6.31,70.47,157.37,14337.0,0.0,0.0,0.0,0.0,0.0
05/03/2024,03:05:03,6.31,6.31,70.61,157.39,13903.0,0.0,0.0,0.0,0.0,0.0
05/03/2024,03:10:50,11.31,6.3,70.7,157.39,14120.0,0.0,0.0,0.0,0.0,0.0
05/03/2024,03:16:37,11.3,6.29,70.84,157.41,14120.0,0.0,0.0,0.0,0.0,0.0
05/03/2024,03:22:24,11.3,6.3,70.99,157.42,13903.0,0.0,0.0,0.0,0.0,0.0
05/03/2024,03:28:11,11.3,6.31,71.1,157.44,14012.0,0.0,0.0,0.0,0.0,0.0
05/03/2024,03:33:58,6.29,6.29,71.15,157.45,13795.0,0.0,0.0,0.0,0.0,0.0
05/03/2024,03:39:45,11.3,6.28,71.24,157.46,13469.0,0.0,0.0,0.0,0.0,0.0
05/03/2024,03:45:32,11.3,6.29,71.29,157.48,14229.0,0.0,0.0,0.0,0.0,0.0
05/03/2024,03:51:19,11.29,6.28,52.32,157.49,14229.0,0.0,0.0,0.0,0.0,0.0
05/03/2024,03:57:05,11.29,6.27,71.33,157.49,14012.0,0.0,0.0,0.0,0.0,0.0
05/03/2024,04:02:53,6.26,6.26,71.33,157.5,13903.0,0.0,0.0,0.0,0.0,0.0
05/03/2024,04:08:40,11.29,6.26,71.38,157.51,13795.0,0.0,0.0,0.0,0.0,0.0
05/03/2024,04:14:27,11.29,6.25,71.38,157.53,14012.0,0.0,0.0,0.0,0.0,0.0
05/03/2024,04:20:14,11.29,6.25,71.38,157.56,13903.0,0.0,0.0,0.0,0.0,0.0
05/03/2024,04:26:00,11.29,6.23,71.38,157.56,14229.0,0.0,0.0,0.0,0.0,0.0
05/03/2024,04:31:47,11.28,6.24,71.44,157.57,13795.0,0.0,0.0,0.0,0.0,0.0
05/03/2024,04:37:35,11.28,6.22,71.44,157.59,14012.0,0.0,0.0,0.0,0.0,0.0
05/03/2024,04:43:22,11.28,6.211,71.44,157.62,13903.0,0.0,0.0,0.0,0.0,0.0
05/03/2024,04:49:09,11.28,6.21,71.44,157.64,13795.0,0.0,0.0,0.0,0.0,0.0
05/03/2024,04:54:55,11.28,6.2,71.44,157.64,13903.0,0.0,0.0,0.0,0.0,0.0
05/03/2024,05:00:42,11.27,6.19,71.44,157.65,13903.0,0.0,0.0,0.0,0.0,0.0
05/03/2024,05:06:30,11.27,6.19,71.44,157.67,14337.0,0.0,0.0,0.0,0.0,0.0
05/03/2024,05:12:17,11.28,6.19,71.44,157.66,13795.0,0.0,0.0,0.0,0.0,0.0
05/03/2024,05:18:04,11.27,6.18,71.44,157.67,14120.0,0.0,0.0,0.0,0.0,0.0
05/03/2024,05:23:50,11.27,6.171,71.44,157.67,14012.0,0.0,0.0,0.0,0.0,0.0
05/03/2024,05:29:37,11.27,6.16,71.44,157.7,14012.0,0.0,0.0,0.0,0.0,0.0
05/03/2024,05:35:25,11.27,6.17,71.53,157.7,13686.0,0.0,0.0,0.0,0.0,0.0
05/03/2024,05:41:12,11.27,6.16,71.58,157.7,13903.0,0.0,0.0,0.0,0.0,0.0
05/03/2024,05:46:59,11.27,6.15,71.62,157.7,13795.0,0.0,0.0,0.0,0.0,0.0
05/03/2024,05:52:45,11.27,6.14,52.27,157.7,14229.0,0.0,0.0,0.0,0.0,0.0
05/03/2024,05:58:32,11.26,6.15,71.82,157.71,14012.0,0.0,0.0,0.0,0.0,0.0
05/03/2024,06:04:19,11.26,6.14,71.96,157.72,13795.0,0.0,0.0,0.0,0.0,0.0
05/03/2024,06:10:06,11.26,6.13,72.07,157.73,13795.0,0.0,0.0,0.0,0.0,0.0
05/03/2024,06:15:54,11.26,6.12,72.21,157.72,14012.0,0.0,0.0,0.0,0.0,0.0
05/03/2024,06:21:41,11.26,6.11,72.36,157.72,13361.0,0.0,0.0,0.0,0.0,0.0
05/03/2024,06:27:27,11.26,6.12,72.41,157.7,13795.0,0.0,0.0,0.0,0.0,0.0
05/03/2024,06:33:14,11.26,6.111,72.64,157.69,14012.0,0.0,0.0,0.0,0.0,0.0
05/03/2024,06:39:01,11.26,6.09,72.73,157.69,13252.0,0.0,0.0,0.0,0.0,0.0
05/03/2024,06:44:49,11.26,6.09,72.9,157.69,13795.0,0.0,0.0,0.0,0.0,0.0
05/03/2024,06:50:36,11.25,6.09,72.99,157.69,13903.0,0.0,0.0,0.0,0.0,0.0
05/03/2024,06:56:22,11.25,6.09,73.08,157.69,13903.0,0.0,0.0,0.0,0.0,0.0
05/03/2024,07:02:09,11.25,6.07,73.13,157.7,14229.0,0.0,0.0,0.0,0.0,0.0
05/03/2024,07:07:56,11.25,6.08,73.22,157.71,14012.0,0.0,0.0,0.0,0.0,0.0
05/03/2024,07:13:43,11.25,6.08,73.27,157.71,13578.0,0.0,0.0,0.0,0.0,0.0
05/03/2024,07:19:30,11.25,6.08,73.33,157.71,14012.0,0.0,0.0,0.0,0.0,0.0
05/03/2024,07:25:17,11.25,6.07,73.36,157.7,13903.0,0.0,0.0,0.0,0.0,0.0
05/03/2024,07:31:04,11.25,6.06,73.42,157.7,13795.0,0.0,0.0,0.0,0.0,0.0
05/03/2024,07:36:51,11.25,6.07,73.42,157.68,14012.0,0.0,0.0,0.0,0.0,0.0
05/03/2024,07:42:38,11.25,6.061,73.47,157.67,14337.0,0.0,0.0,0.0,0.0,0.0
05/03/2024,07:48:26,11.25,6.07,73.53,157.67,13686.0,0.0,0.0,0.0,0.0,0.0
05/03/2024,07:54:12,11.25,6.07,73.53,157.65,14012.0,0.0,0.0,0.0,0.0,0.0
05/03/2024,07:59:59,11.25,6.06,73.53,157.62,13469.0,0.0,0.0,0.0,0.0,0.0
05/03/2024,08:05:46,11.24,6.06,73.56,157.61,13903.0,0.0,0.0,0.0,0.0,0.0
05/03/2024,08:11:33,11.25,6.05,73.56,157.6,13469.0,0.0,0.0,0.0,0.0,0.0
05/03/2024,08:17:21,11.25,6.05,73.56,157.6,13686.0,0.0,0.0,0.0,0.0,0.0
05/03/2024,08:23:07,11.25,,73.56,157.6,13795.0,0.0,0.0,0.0,0.0,0.0
05/03/2024,08:28:54,11.25,6.05,73.56,157.57,13903.0,0.0,0.0,0.0,0.0,0.0
05/03/2024,08:34:41,11.24,6.06,73.56,157.57,13686.0,0.0,0.0,0.0,0.0,0.0
05/03/2024,08:40:28,11.25,6.06,73.56,157.58,13686.0,0.0,0.0,0.0,0.0,0.0
05/03/2024,08:46:15,11.25,6.05,73.56,157.56,13795.0,0.0,0.0,0.0,0.0,0.0
05/03/2024,08:52:01,11.25,6.06,73.56,157.55,14012.0,0.0,0.0,0.0,0.0,0.0
05/03/2024,08:57:49,11.24,6.06,73.56,157.56,13686.0,0.0,0.0,0.0,0.0,0.0
05/03/2024,09:03:36,11.24,6.04,73.56,157.56,13469.0,0.0,0.0,0.0,0.0,0.0
05/03/2024,09:09:23,11.25,6.04,73.56,157.55,13903.0,0.0,0.0,0.0,0.0,0.0
05/03/2024,09:15:10,11.25,6.06,73.56,157.54,14012.0,0.0,0.0,0.0,0.0,0.0
05/03/2024,09:20:56,11.24,6.06,73.56,157.54,14229.0,0.0,0.0,0.0,0.0,0.0
05/03/2024,09:26:43,11.25,6.06,73.62,157.53,13469.0,0.0,0.0,0.0,0.0,0.0
05/03/2024,09:32:31,11.25,6.05,73.62,157.52,13795.0,0.0,0.0,0.0,0.0,0.0
05/03/2024,09:38:18,11.25,6.06,73.62,157.51,13578.0,0.0,0.0,0.0,0.0,0.0
05/03/2024,09:44:05,11.24,6.05,73.62,157.49,13578.0,0.0,0.0,0.0,0.0,0.0
05/03/2024,09:49:51,11.25,6.05,73.62,157.47,14120.0,0.0,0.0,0.0,0.0,0.0
05/03/2024,09:55:38,11.25,6.05,73.62,157.45,13903.0,0.0,0.0,0.0,0.0,0.0
05/03/2024,10:01:25,11.25,6.06,73.62,157.44,13686.0,0.0,0.0,0.0,0.0,0.0
05/03/2024,10:07:13,11.25,6.07,73.62,157.43,13795.0,0.0,0.0,0.0,0.0,0.0
05/03/2024,10:13:00,11.25,6.06,73.62,157.43,13686.0,0.0,0.0,0.0,0.0,0.0
05/03/2024,10:18:46,11.25,6.07,73.62,157.42,13795.0,0.0,0.0,0.0,0.0,0.0
05/03/2024,10:24:33,11.26,6.07,73.62,157.43,13795.0,0.0,0.0,0.0,0.0,0.0
05/03/2024,10:30:20,11.25,6.07,73.62,157.43,13795.0,0.0,0.0,0.0,0.0,0.0
05/03/2024,10:36:08,11.25,6.07,73.62,157.4,14012.0,0.0,0.0,0.0,0.0,0.0
05/03/2024,10:41:55,11.25,6.07,73.62,157.39,13795.0,0.0,0.0,0.0,0.0,0.0
05/03/2024,10:47:41,11.25,6.05,73.62,157.38,13795.0,0.0,0.0,0.0,0.0,0.0
05/03/2024,10:53:28,11.25,6.08,73.62,157.38,13903.0,0.0,0.0,0.0,0.0,0.0
05/03/2024,10:59:15,11.25,6.07,73.62,157.37,13686.0,0.0,0.0,0.0,0.0,0.0
05/03/2024,11:05:02,11.25,6.08,52.27,157.35,13903.0,0.0,0.0,0.0,0.0,0.0
05/03/2024,11:10:50,11.25,6.07,73.62,157.34,14012.0,0.0,0.0,0.0,0.0,0.0
05/03/2024,11:16:36,11.25,6.08,73.56,157.31,13795.0,0.0,0.0,0.0,0.0,0.0
05/03/2024,11:22:23,11.26,6.08,73.56,157.29,13795.0,0.0,0.0,0.0,0.0,0.0
05/03/2024,11:28:10,6.08,6.08,73.56,157.29,13795.0,0.0,0.0,0.0,0.0,0.0
05/03/2024,11:33:57,11.25,6.09,73.56,157.27,14012.0,0.0,0.0,0.0,0.0,0.0
05/03/2024,11:39:44,11.26,6.08,73.56,157.24,14012.0,0.0,0.0,0.0,0.0,0.0
05/03/2024,11:45:31,11.25,6.09,73.56,157.24,13903.0,0.0,0.0,0.0,0.0,0.0
05/03/2024,11:51:18,11.26,6.07,73.56,157.23,13795.0,0.0,0.0,0.0,0.0,0.0
05/03/2024,11:57:05,11.26,6.09,73.56,157.24,13361.0,0.0,0.0,0.0,0.0,0.0
05/03/2024,12:02:52,11.26,6.08,73.56,157.25,14012.0,0.0,0.0,0.0,0.0,0.0
05/03/2024,12:08:39,6.09,6.09,73.56,157.25,13795.0,0.0,0.0,0.0,0.0,0.0
05/03/2024,12:14:27,11.26,6.09,73.56,157.25,13795.0,0.0,0.0,0.0,0.0,0.0
05/03/2024,12:20:13,11.26,6.1,73.56,157.24,13686.0,0.0,0.0,0.0,0.0,0.0
05/03/2024,12:26:00,11.26,6.11,73.56,157.25,14120.0,0.0,0.0,0.0,0.0,0.0
05/03/2024,12:31:47,11.26,6.08,73.56,157.25,13578.0,0.0,0.0,0.0,0.0,0.0
05/03/2024,12:37:34,11.26,6.111,73.53,157.26,14120.0,0.0,0.0,0.0,0.0,0.0
05/03/2024,12:43:21,11.26,6.09,73.53,157.25,14120.0,0.0,0.0,0.0,0.0,0.0
05/03/2024,12:49:08,11.26,6.11,73.53,157.26,13686.0,0.0,0.0,0.0,0.0,0.0
05/03/2024,12:54:55,11.26,6.1,73.53,157.27,14012.0,0.0,0.0,0.0,0.0,0.0
05/03/2024,13:00:42,11.26,6.11,73.47,157.29,13686.0,0.0,0.0,0.0,0.0,0.0
05/03/2024,13:06:29,11.26,6.11,73.42,157.29,14012.0,0.0,0.0,0.0,0.0,0.0
05/03/2024,13:12:16,11.27,6.11,73.42,157.29,14012.0,0.0,0.0,0.0,0.0,0.0
05/03/2024,13:18:02,11.26,6.12,73.42,157.3,14120.0,0.0,0.0,0.0,0.0,0.0
05/03/2024,13:23:50,11.27,6.12,73.36,157.32,13361.0,0.0,0.0,0.0,0.0,0.0
05/03/2024,13:29:37,11.26,6.11,73.33,157.33,13795.0,0.0,0.0,0.0,0.0,0.0
05/03/2024,13:35:24,11.26,6.1,73.33,157.33,13903.0,0.0,0.0,0.0,0.0,0.0
05/03/2024,13:41:11,11.26,6.11,73.33,157.33,13469.0,0.0,0.0,0.0,0.0,0.0
05/03/2024,13:46:57,11.27,6.11,73.27,157.35,13686.0,0.0,0.0,0.0,0.0,0.0
05/03/2024,13:52:45,11.27,6.13,73.22,157.35,13795.0,0.0,0.0,0.0,0.0,0.0
05/03/2024,13:58:32,11.27,6.13,73.18,157.37,13578.0,0.0,0.0,0.0,0.0,0.0
05/03/2024,14:04:19,11.27,6.12,73.13,157.4,13795.0,0.0,0.0,0.0,0.0,0.0
05/03/2024,14:10:06,11.26,6.13,73.08,157.42,13578.0,0.0,0.0,0.0,0.0,0.0
05/03/2024,14:15:52,11.27,6.13,73.08,157.42,13795.0,0.0,0.0,0.0,0.0,0.0
05/03/2024,14:21:39,11.27,6.13,72.93,157.45,13469.0,0.0,0.0,0.0,0.0,0.0
05/03/2024,14:27:26,11.27,6.14,72.93,157.44,13903.0,0.0,0.0,0.0,0.0,0.0
05/03/2024,14:33:14,11.27,6.13,72.84,157.45,13795.0,0.0,0.0,0.0,0.0,0.0
05/03/2024,14:39:01,11.27,6.14,72.79,157.46,13686.0,0.0,0.0,0.0,0.0,0.0
05/03/2024,14:44:47,11.27,6.13,72.73,157.48,13469.0,0.0,0.0,0.0,0.0,0.0
05/03/2024,14:50:34,11.27,6.14,72.7,157.51,13578.0,0.0,0.0,0.0,0.0,0.0
05/03/2024,14:56:21,11.27,6.14,72.64,157.53,13578.0,0.0,0.0,0.0,0.0,0.0
05/03/2024,15:02:09,11.27,6.14,72.59,157.53,13469.0,0.0,0.0,0.0,0.0,0.0
05/03/2024,15:07:56,11.27,6.14,72.45,157.57,13903.0,0.0,0.0,0.0,0.0,0.0
05/03/2024,15:13:42,11.27,6.16,72.45,157.58,13469.0,0.0,0.0,0.0,0.0,0.0
05/03/2024,15:19:29,11.27,6.15,72.36,157.58,13469.0,0.0,0.0,0.0,0.0,0.0
05/03/2024,15:25:16,6.16,6.16,72.21,157.6,13903.0,0.0,0.0,0.0,0.0,0.0
05/03/2024,15:31:03,11.27,6.16,72.16,157.59,13686.0,0.0,0.0,0.0,0.0,0.0
05/03/2024,15:36:51,11.27,6.15,72.07,157.58,13469.0,0.0,0.0,0.0,0.0,0.0
05/03/2024,15:42:37,11.27,6.16,72.07,157.6,13686.0,0.0,0.0,0.0,0.0,0.0
05/03/2024,15:48:24,11.27,6.15,71.92,157.61,13578.0,0.0,0.0,0.0,0.0,0.0
05/03/2024,15:54:11,11.27,6.161,71.87,157.64,13686.0,0.0,0.0,0.0,0.0,0.0
05/03/2024,15:59:58,11.27,6.17,71.82,157.63,13469.0,0.0,0.0,0.0,0.0,0.0
05/03/2024,16:05:45,11.28,6.16,71.78,157.65,13686.0,0.0,0.0,0.0,0.0,0.0
05/03/2024,16:11:31,11.28,6.17,71.78,157.62,13795.0,0.0,0.0,0.0,0.0,0.0
05/03/2024,16:17:19,11.28,6.17,71.73,157.62,13578.0,0.0,0.0,0.0,0.0,0.0
05/03/2024,16:23:06,11.28,6.18,52.3,157.61,14012.0,0.0,0.0,0.0,0.0,0.0
05/03/2024,16:28:53,11.28,6.17,71.62,157.62,13795.0,0.0,0.0,0.0,0.0,0.0
05/03/2024,16:34:40,11.28,6.16,71.62,157.63,13686.0,0.0,0.0,0.0,0.0,0.0
05/03/2024,16:40:26,11.28,6.17,71.58,157.62,13361.0,0.0,0.0,0.0,0.0,0.0
05/03/2024,16:46:13,11.28,6.19,71.53,157.63,13903.0,0.0,0.0,0.0,0.0,0.0
05/03/2024,16:52:01,11.28,6.19,71.53,157.62,13578.0,0.0,0.0,0.0,0.0,0.0
05/03/2024,16:57:48,11.28,6.17,71.47,157.64,13686.0,0.0,0.0,0.0,0.0,0.0
05/03/2024,17:03:35,6.18,6.18,71.47,157.65,13469.0,0.0,0.0,0.0,0.0,0.0
05/03/2024,17:09:21,11.28,6.19,71.47,157.69,13795.0,0.0,0.0,0.0,0.0,0.0
05/03/2024,17:15:09,11.28,6.19,71.47,157.72,13578.0,0.0,0.0,0.0,0.0,0.0
05/03/2024,17:20:56,11.28,6.18,71.44,157.75,13686.0,0.0,0.0,0.0,0.0,0.0
05/03/2024,17:26:43,11.28,6.19,71.44,157.76,13686.0,0.0,0.0,0.0,0.0,0.0
05/03/2024,17:32:30,11.28,6.19,71.44,157.77,13361.0,0.0,0.0,0.0,0.0,0.0
05/03/2024,17:38:16,11.29,6.19,71.44,157.8,13578.0,0.0,0.0,0.0,0.0,0.0
05/03/2024,17:44:03,11.28,6.19,52.32,157.79,13686.0,0.0,0.0,0.0,0.0,0.0
05/03/2024,17:49:50,11.29,6.2,71.44,157.79,13361.0,0.0,0.0,0.0,0.0,0.0
05/03/2024,17:55:38,11.28,6.21,71.44,157.8,13795.0,0.0,0.0,0.0,0.0,0.0
05/03/2024,18:01:25,11.29,6.21,71.44,157.8,13795.0,0.0,0.0,0.0,0.0,0.0
05/03/2024,18:07:12,11.29,6.22,71.44,157.79,13795.0,0.0,0.0,0.0,0.0,0.0
05/03/2024,18:12:58,11.29,6.21,71.44,157.79,13469.0,0.0,0.0,0.0,0.0,0.0
05/03/2024,18:18:45,11.29,6.21,71.44,157.78,13578.0,0.0,0.0,0.0,0.0,0.0
05/03/2024,18:24:32,6.22,6.22,71.44,157.76,13686.0,0.0,0.0,0.0,0.0,0.0
05/03/2024,18:30:20,11.29,6.22,71.44,157.75,13795.0,0.0,0.0,0.0,0.0,0.0
05/03/2024,18:36:07,11.29,6.21,71.44,157.73,13686.0,0.0,0.0,0.0,0.0,0.0
05/03/2024,18:41:53,11.29,6.22,71.44,157.75,14012.0,0.0,0.0,0.0,0.0,0.0
05/03/2024,18:47:40,11.29,6.22,71.44,157.76,13578.0,0.0,0.0,0.0,0.0,0.0
05/03/2024,18:53:27,11.3,6.23,52.32,157.73,13578.0,0.0,0.0,0.0,0.0,0.0
05/03/2024,18:59:15,11.3,6.23,71.44,157.71,13686.0,0.0,0.0,0.0,0.0,0.0
05/03/2024,19:05:02,11.3,6.23,71.44,157.73,13795.0,0.0,0.0,0.0,0.0,0.0
05/03/2024,19:10:48,11.3,6.23,71.44,157.74,13686.0,0.0,0.0,0.0,0.0,0.0
05/03/2024,19:16:35,11.3,6.23,71.44,157.75,13795.0,0.0,0.0,0.0,0.0,0.0
05/03/2024,19:22:22,11.3,6.24,52.34,157.77,14012.0,0.0,0.0,0.0,0.0,0.0
05/03/2024,19:28:10,11.3,6.25,71.38,157.8,14229.0,0.0,0.0,0.0,0.0,0.0
05/03/2024,19:33:57,11.3,6.23,71.38,157.82,13795.0,0.0,0.0,0.0,0.0,0.0
05/03/2024,19:39:43,11.3,6.26,71.38,157.81,14012.0,0.0,0.0,0.0,0.0,0.0
05/03/2024,19:45:30,11.3,6.25,71.38,157.81,13686.0,0.0,0.0,0.0,0.0,0.0
05/03/2024,19:51:17,11.3,6.25,411.8,157.81,13903.0,0.0,0.0,0.0,0.0,0.0
05/03/2024,19:57:05,11.3,6.27,71.38,157.79,13903.0,0.0,0.0,0.0,0.0,0.0
05/03/2024,20:02:52,11.3,6.28,71.38,157.78,13795.0,0.0,0.0,0.0,0.0,0.0
05/03/2024,20:08:38,11.3,6.29,71.33,157.79,14229.0,0.0,0.0,0.0,0.0,0.0
05/03/2024,20:14:25,11.3,6.27,71.33,157.78,13686.0,0.0,0.0,0.0,0.0,0.0
05/03/2024,20:20:12,11.3,,71.33,157.76,13361.0,0.0,0.0,0.0,0.0,0.0
05/03/2024,20:26:00,11.3,6.28,71.29,157.76,13903.0,0.0,0.0,0.0,0.0,0.0
05/03/2024,20:31:47,11.3,6.28,71.29,157.76,13903.0,0.0,0.0,0.0,0.0,0.0
05/03/2024,20:37:33,11.31,6.28,71.29,157.74,14446.0,0.0,0.0,0.0,0.0,0.0
05/03/2024,20:43:20,11.3,6.28,71.24,157.74,14337.0,0.0,0.0,0.0,0.0,0.0
05/03/2024,20:49:07,11.31,6.281,71.19,157.75,13903.0,0.0,0.0,0.0,0.0,0.0
05/03/2024,20:54:55,11.3,6.3,71.19,157.73,14012.0,0.0,0.0,0.0,0.0,0.0
05/03/2024,21:00:42,11.31,6.29,71.15,157.75,14554.0,0.0,0.0,0.0,0.0,0.0
05/03/2024,21:06:28,11.31,6.3,71.15,157.76,14229.0,0.0,0.0,0.0,0.0,0.0
05/03/2024,21:12:15,11.31,6.29,71.1,157.77,14012.0,0.0,0.0,0.0,0.0,0.0
05/03/2024,21:18:02,11.31,6.29,71.04,157.75,13795.0,0.0,0.0,0.0,0.0,0.0
05/03/2024,21:23:50,11.31,6.29,70.99,157.74,13903.0,0.0,0.0,0.0,0.0,0.0
05/03/2024,21:29:37,21.61,6.31,70.9,157.74,13795.0,0.0,0.0,0.0,0.0,0.0
05/03/2024,21:35:23,11.31,6.3,70.84,157.73,14446.0,0.0,0.0,0.0,0.0,0.0
05/03/2024,21:41:10,11.31,6.31,70.81,157.71,14337.0,0.0,0.0,0.0,0.0,0.0
05/03/2024,21:46:58,11.31,6.3,70.7,157.69,14229.0,0.0,0.0,0.0,0.0,0.0
05/03/2024,21:52:45,11.31,6.31,70.66,157.68,14120.0,0.0,0.0,0.0,0.0,0.0
05/03/2024,21:58:32,11.31,6.3,70.66,157.68,14229.0,0.0,0.0,0.0,0.0,0.0
05/03/2024,22:04:18,11.31,6.33,70.56,157.68,14446.0,0.0,0.0,0.0,0.0,0.0
05/03/2024,22:10:05,11.31,6.31,70.56,157.69,14229.0,0.0,0.0,0.0,0.0,0.0
05/03/2024,22:15:53,11.31,6.32,70.52,157.68,14663.0,0.0,0.0,0.0,0.0,0.0
05/03/2024,22:21:40,11.31,6.33,70.41,157.66,14012.0,0.0,0.0,0.0,0.0,0.0
05/03/2024,22:27:27,11.31,6.31,70.41,157.66,14229.0,0.0,0.0,0.0,0.0,0.0
05/03/2024,22:33:13,11.31,6.32,70.36,157.65,14012.0,0.0,0.0,0.0,0.0,0.0
05/03/2024,22:39:00,11.31,6.31,70.36,157.64,14229.0,0.0,0.0,0.0,0.0,0.0
05/03/2024,22:44:48,11.31,6.33,70.32,157.62,14229.0,0.0,0.0,0.0,0.0,0.0
05/03/2024,22:50:35,11.31,6.32,70.27,157.62,14337.0,0.0,0.0,0.0,0.0,0.0
05/03/2024,22:56:22,11.31,6.32,70.18,157.61,14446.0,0.0,0.0,0.0,0.0,0.0
05/03/2024,23:02:08,6.33,6.33,70.18,157.62,14120.0,0.0,0.0,0.0,0.0,0.0
05/03/2024,23:07:55,11.31,6.33,70.18,157.61,14771.0,0.0,0.0,0.0,0.0,0.0
05/03/2024,23:13:43,11.31,6.34,70.18,157.59,14554.0,0.0,0.0,0.0,0.0,0.0
05/03/2024,23:19:30,11.31,6.34,70.12,157.58,14229.0,0.0,0.0,0.0,0.0,0.0
05/03/2024,23:25:17,11.31,6.33,70.12,157.58,14337.0,0.0,0.0,0.0,0.0,0.0
05/03/2024,23:31:03,11.31,6.34,70.12,157.56,14229.0,0.0,0.0,0.0,0.0,0.0
05/03/2024,23:36:50,11.31,6.34,70.07,157.56,14120.0,0.0,0.0,0.0,0.0,0.0
05/03/2024,23:42:37,6.34,6.34,70.07,157.55,14554.0,0.0,0.0,0.0,0.0,0.0
05/03/2024,23:48:25,11.31,6.34,70.03,157.57,14663.0,0.0,0.0,0.0,0.0,0.0
05/03/2024,23:54:12,11.31,6.34,70.07,157.55,14229.0,0.0,0.0,0.0,0.0,0.0
05/03/2024,23:59:59,11.31,6.36,70.07,157.55,14120.0,0.0,0.0,0.0,0.0,0.0
06/03/2024,00:00:00,11.31,6.36,70.07,157.56,14337.0,0.0,0.0,0.0,0.0,0.0
06/03/2024,00:05:46,11.31,6.34,70.07,157.54,14554.0,0.0,0.0,0.0,0.0,0.0
06/03/2024,00:11:34,11.31,6.32,52.34,157.56,14554.0,0.0,0.0,0.0,0.0,0.0
06/03/2024,00:17:21,11.3,6.33,70.18,157.55,14554.0,0.0,0.0,0.0,0.0,0.0
06/03/2024,00:23:08,6.33,6.33,70.18,157.56,14446.0,0.0,0.0,0.0,0.0,0.0
06/03/2024,00:28:55,11.3,6.33,70.18,157.55,14337.0,0.0,0.0,0.0,0.0,0.0
06/03/2024,00:34:43,11.3,6.34,70.27,157.56,14337.0,0.0,0.0,0.0,0.0,0.0
06/03/2024,00:40:29,11.3,6.33,70.27,157.56,14120.0,0.0,0.0,0.0,0.0,0.0
06/03/2024,00:46:16,11.3,6.33,70.32,157.56,14120.0,0.0,0.0,0.0,0.0,0.0
06/03/2024,00:52:03,11.3,6.32,70.36,157.56,14229.0,0.0,0.0,0.0,0.0,0.0
06/03/2024,00:57:50,11.3,6.31,70.47,157.59,14446.0,0.0,0.0,0.0,0.0,0.0
06/03/2024,01:03:38,11.3,6.32,70.52,157.61,79537.0,0.0,0.0,0.0,0.0,0.0
06/03/2024,01:09:25,11.29,6.32,70.61,157.6,63155.0,0.0,0.0,0.0,0.0,0.0
06/03/2024,01:15:12,11.26,6.31,70.61,157.59,57948.0,0.0,0.0,0.0,0.0,0.0
06/03/2024,01:20:58,11.27,6.29,70.7,157.58,55019.0,0.0,0.0,0.0,0.0,0.0
06/03/2024,01:26:45,11.26,6.29,70.75,157.61,52198.0,0.0,0.0,0.0,0.0,0.0
06/03/2024,01:32:33,11.27,6.271,70.84,157.57,49595.0,0.0,0.0,0.0,0.0,0.0
06/03/2024,01:38:20,11.26,6.27,70.95,157.55,47100.0,0.0,0.0,0.0,0.0,0.0
06/03/2024,01:44:07,11.26,6.29,71.1,157.52,45038.0,0.0,0.0,0.0,0.0,0.0
06/03/2024,01:49:54,11.27,6.27,71.15,157.54,42869.0,0.0,0.0,0.0,0.0,0.0
06/03/2024,01:55:42,11.27,6.26,71.24,157.55,40699.0,0.0,0.0,0.0,0.0,0.0
06/03/2024,02:01:28,11.27,6.26,71.29,157.55,39180.0,0.0,0.0,0.0,0.0,0.0
06/03/2024,02:07:15,11.27,6.26,71.29,157.54,37011.0,0.0,0.0,0.0,0.0,0.0
06/03/2024,02:13:02,11.27,6.26,71.33,157.54,36360.0,0.0,0.0,0.0,0.0,0.0
06/03/2024,02:18:49,11.27,6.25,71.38,157.55,34732.0,0.0,0.0,0.0,0.0,0.0
06/03/2024,02:24:36,11.27,6.23,71.38,157.55,33214.0,0.0,0.0,0.0,0.0,0.0
06/03/2024,02:30:24,11.27,6.24,71.38,157.56,31803.0,0.0,0.0,0.0,0.0,0.0
06/03/2024,02:36:11,11.27,6.23,71.38,157.57,30718.0,0.0,0.0,0.0,0.0,0.0
06/03/2024,02:41:57,11.27,6.23,71.38,157.57,29742.0,0.0,0.0,0.0,0.0,0.0
06/03/2024,02:47:44,11.27,6.22,71.44,157.58,28657.0,0.0,0.0,0.0,0.0,0.0
06/03/2024,02:53:31,11.27,6.23,71.44,157.58,28115.0,0.0,0.0,0.0,0.0,0.0
06/03/2024,02:59:18,11.27,6.21,71.44,157.57,26487.0,0.0,0.0,0.0,0.0,0.0
06/03/2024,03:05:06,11.27,6.2,71.44,157.57,26054.0,0.0,0.0,0.0,0.0,0.0
06/03/2024,03:10:53,11.26,6.21,71.44,157.56,25294.0,0.0,0.0,0.0,0.0,0.0
06/03/2024,03:16:40,11.26,6.2,71.44,157.56,24318.0,0.0,0.0,0.0,0.0,0.0
06/03/2024,03:22:26,11.26,6.19,71.44,157.56,23992.0,0.0,0.0,0.0,0.0,0.0
06/03/2024,03:28:13,11.26,6.2,71.44,157.56,23233.0,0.0,0.0,0.0,0.0,0.0
06/03/2024,03:34:00,11.26,6.18,71.44,157.56,22799.0,0.0,0.0,0.0,0.0,0.0
06/03/2024,03:39:48,11.26,6.19,71.44,157.56,22148.0,0.0,0.0,0.0,0.0,0.0
06/03/2024,03:45:35,11.26,6.18,71.47,157.57,21931.0,0.0,0.0,0.0,0.0,0.0
06/03/2024,03:51:22,11.26,6.18,71.53,157.57,21063.0,0.0,0.0,0.0,0.0,0.0
06/03/2024,03:57:09,11.26,6.18,71.58,157.58,20629.0,0.0,0.0,0.0,0.0,0.0
06/03/2024,04:02:55,11.27,6.18,71.67,157.58,20195.0,0.0,0.0,0.0,0.0,0.0
06/03/2024,04:08:43,11.25,6.16,71.78,157.6,19978.0,0.0,0.0,0.0,0.0,0.0
06/03/2024,04:14:30,11.26,6.16,71.92,157.62,19544.0,0.0,0.0,0.0,0.0,0.0
06/03/2024,04:20:17,11.25,6.16,72.07,157.63,19111.0,0.0,0.0,0.0,0.0,0.0
06/03/2024,04:26:04,6.15,6.15,72.16,157.64,18677.0,0.0,0.0,0.0,0.0,0.0
06/03/2024,04:31:51,11.25,6.14,72.36,157.64,18243.0,0.0,0.0,0.0,0.0,0.0
06/03/2024,04:37:39,11.25,6.13,72.64,157.64,18351.0,0.0,0.0,0.0,0.0,0.0
06/03/2024,04:43:25,11.25,6.15,73.22,157.66,17917.0,0.0,0.0,0.0,0.0,0.0
06/03/2024,04:49:12,11.25,6.16,72.9,157.66,17700.0,0.0,0.0,0.0,0.0,0.0
06/03/2024,04:54:59,11.24,6.15,73.08,157.69,17700.0,0.0,0.0,0.0,0.0,0.0
06/03/2024,05:00:46,11.24,6.16,73.22,157.69,17266.0,0.0,0.0,0.0,0.0,0.0
06/03/2024,05:06:33,11.25,6.15,73.33,157.69,17158.0,0.0,0.0,0.0,0.0,0.0
06/03/2024,05:12:21,11.24,6.15,73.36,157.7,17049.0,0.0,0.0,0.0,0.0,0.0
06/03/2024,05:18:08,11.24,6.14,73.47,157.7,17049.0,0.0,0.0,0.0,0.0,0.0
06/03/2024,05:23:54,11.24,6.14,73.47,157.71,16724.0,0.0,0.0,0.0,0.0,0.0
06/03/2024,05:29:41,11.24,6.14,73.53,157.7,16398.0,0.0,0.0,0.0,0.0,0.0
06/03/2024,05:35:28,11.24,6.15,73.56,157.7,16290.0,0.0,0.0,0.0,0.0,0.0
06/03/2024,05:41:16,11.24,6.12,73.56,157.69,16290.0,0.0,0.0,0.0,0.0,0.0
06/03/2024,05:47:03,11.23,6.11,73.56,157.67,15856.0,0.0,0.0,0.0,0.0,0.0
06/03/2024,05:52:50,11.23,6.11,73.56,157.66,15747.0,0.0,0.0,0.0,0.0,0.0
06/03/2024,05:58:37,11.23,6.1,73.56,157.65,15639.0,0.0,0.0,0.0,0.0,0.0
06/03/2024,06:04:23,11.23,6.1,73.62,157.65,15639.0,0.0,0.0,0.0,0.0,0.0
06/03/2024,06:10:10,11.23,6.1,73.62,157.64,15639.0,0.0,0.0,0.0,0.0,0.0
06/03/2024,06:15:57,11.23,6.08,73.62,157.64,15314.0,0.0,0.0,0.0,0.0,0.0
06/03/2024,06:21:45,11.23,6.09,73.62,157.63,15314.0,0.0,0.0,0.0,0.0,0.0
06/03/2024,06:27:32,11.23,6.08,73.62,157.63,15531.0,0.0,0.0,0.0,0.0,0.0
06/03/2024,06:33:19,11.23,6.08,73.62,157.64,14880.0,0.0,0.0,0.0,0.0,0.0
06/03/2024,06:39:06,11.24,6.05,73.62,157.62,15314.0,0.0,0.0,0.0,0.0,0.0
06/03/2024,06:44:52,11.23,6.01,73.62,157.61,15422.0,0.0,0.0,0.0,0.0,0.0
06/03/2024,06:50:40,11.23,5.99,73.67,157.62,14880.0,0.0,0.0,0.0,0.0,0.0
06/03/2024,06:56:27,11.23,5.98,52.21,157.61,15097.0,0.0,0.0,0.0,0.0,0.0
06/03/2024,07:02:14,11.22,5.98,73.96,157.61,14880.0,0.0,0.0,0.0,0.0,0.0
06/03/2024,07:08:01,6.01,6.01,73.81,157.61,14663.0,0.0,0.0,0.0,0.0,0.0
06/03/2024,07:13:48,11.21,6.03,73.96,157.62,14554.0,0.0,0.0,0.0,0.0,0.0
06/03/2024,07:19:35,11.21,6.03,74.05,157.62,14337.0,0.0,0.0,0.0,0.0,0.0
06/03/2024,07:25:21,9.64,6.03,74.25,157.62,14663.0,0.0,0.0,0.0,0.0,0.0
06/03/2024,07:31:09,8.98,6.05,74.44,157.6,14446.0,0.0,0.0,0.0,0.0,0.0
06/03/2024,07:36:56,8.6,6.08,74.59,157.61,14663.0,0.0,0.0,0.0,0.0,0.0
06/03/2024,07:42:43,8.35,6.11,74.73,157.61,14880.0,0.0,0.0,0.0,0.0,0.0
06/03/2024,07:48:30,8.11,6.08,74.82,157.6,14337.0,0.0,0.0,0.0,0.0,0.0
06/03/2024,07:54:17,7.93,6.12,43.02,157.59,14446.0,0.0,0.0,0.0,0.0,0.0
06/03/2024,08:00:04,7.79,6.11,75.07,157.58,14337.0,0.0,0.0,0.0,0.0,0.0
06/03/2024,08:05:50,7.69,6.1,75.16,157.56,14554.0,0.0,0.0,0.0,0.0,0.0
06/03/2024,08:11:37,7.59,6.1,75.22,157.55,14120.0,0.0,0.0,0.0,0.0,0.0
06/03/2024,08:17:24,71.0,6.15,75.31,157.54,14229.0,0.0,0.0,0.0,0.0,0.0
06/03/2024,08:23:11,7.46,6.14,75.31,157.53,13903.0,0.0,0.0,0.0,0.0,0.0
06/03/2024,08:28:58,7.41,6.12,75.36,157.53,14120.0,0.0,0.0,0.0,0.0,0.0
06/03/2024,08:34:45,7.36,6.14,75.42,157.54,14446.0,0.0,0.0,0.0,0.0,0.0
06/03/2024,08:40:31,7.33,6.16,75.45,157.53,14446.0,0.0,0.0,0.0,0.0,0.0
06/03/2024,08:46:19,71.0,6.16,75.45,157.53,14337.0,0.0,0.0,0.0,0.0,0.0
06/03/2024,08:52:06,7.27,6.15,75.45,157.51,14120.0,0.0,0.0,0.0,0.0,0.0
06/03/2024,08:57:53,7.25,6.14,75.45,157.5,14120.0,0.0,0.0,0.0,0.0,0.0
06/03/2024,09:03:40,7.22,6.15,75.51,157.49,14446.0,0.0,0.0,0.0,0.0,0.0
06/03/2024,09:09:27,7.21,6.12,75.51,157.47,14554.0,0.0,0.0,0.0,0.0,0.0
06/03/2024,09:15:14,7.2,6.14,43.03,157.46,14012.0,0.0,0.0,0.0,0.0,0.0
06/03/2024,09:21:00,7.18,6.14,75.51,157.45,14337.0,0.0,0.0,0.0,0.0,0.0
06/03/2024,09:26:47,7.17,6.16,75.51,157.46,13903.0,0.0,0.0,0.0,0.0,0.0
06/03/2024,09:32:34,7.16,6.14,75.45,157.45,14012.0,0.0,0.0,0.0,0.0,0.0
06/03/2024,09:38:21,71.0,6.13,75.51,157.45,14120.0,0.0,0.0,0.0,0.0,0.0
06/03/2024,09:44:08,7.14,6.13,75.51,157.45,14229.0,0.0,0.0,0.0,0.0,0.0
06/03/2024,09:49:55,7.14,6.14,75.51,157.44,14446.0,0.0,0.0,0.0,0.0,0.0
06/03/2024,09:55:42,7.12,6.15,75.51,157.45,14229.0,0.0,0.0,0.0,0.0,0.0
06/03/2024,10:01:29,71.0,6.12,75.51,157.44,14229.0,0.0,0.0,0.0,0.0,0.0
06/03/2024,10:07:16,7.11,6.16,75.45,157.42,14229.0,0.0,0.0,0.0,0.0,0.0
06/03/2024,10:13:03,7.1,6.18,75.45,157.42,14229.0,0.0,0.0,0.0,0.0,0.0
06/03/2024,10:18:50,7.1,6.15,75.45,157.41,14120.0,0.0,0.0,0.0,0.0,0.0
06/03/2024,10:24:37,7.09,6.18,75.42,157.4,14012.0,0.0,0.0,0.0,0.0,0.0
06/03/2024,10:30:24,7.09,6.16,75.36,157.42,14120.0,0.0,0.0,0.0,0.0,0.0
06/03/2024,10:36:11,7.09,6.16,75.36,157.42,14229.0,0.0,0.0,0.0,0.0,0.0
06/03/2024,10:41:57,7.08,6.15,75.36,157.42,14012.0,0.0,0.0,0.0,0.0,0.0
06/03/2024,10:47:44,7.08,6.17,75.31,157.42,14012.0,0.0,0.0,0.0,0.0,0.0
06/03/2024,10:53:31,7.08,6.2,75.27,157.42,13795.0,0.0,0.0,0.0,0.0,0.0
06/03/2024,10:59:18,7.07,6.16,75.27,157.41,14229.0,0.0,0.0,0.0,0.0,0.0
06/03/2024,11:05:06,7.07,6.11,75.22,157.41,13686.0,0.0,0.0,0.0,0.0,0.0
06/03/2024,11:10:53,7.07,6.14,75.16,157.41,14229.0,0.0,0.0,0.0,0.0,0.0
06/03/2024,11:16:40,7.07,6.15,75.16,157.4,13795.0,0.0,0.0,0.0,0.0,0.0
06/03/2024,11:22:26,7.06,6.16,75.11,157.41,14229.0,0.0,0.0,0.0,0.0,0.0
06/03/2024,11:28:13,71.0,6.19,75.02,157.4,14120.0,0.0,0.0,0.0,0.0,0.0
06/03/2024,11:34:00,7.06,6.22,74.97,157.39,14771.0,0.0,0.0,0.0,0.0,0.0
06/03/2024,11:39:47,7.06,6.23,74.93,157.38,14012.0,0.0,0.0,0.0,0.0,0.0
06/03/2024,11:45:34,7.05,6.22,74.93,157.38,13903.0,0.0,0.0,0.0,0.0,0.0
06/03/2024,11:51:21,7.05,6.19,74.79,157.37,14120.0,0.0,0.0,0.0,0.0,0.0
06/03/2024,11:57:09,71.0,6.17,74.73,157.36,14229.0,0.0,0.0,0.0,0.0,0.0
06/03/2024,12:02:55,7.05,6.2,74.68,157.37,13903.0,0.0,0.0,0.0,0.0,0.0
06/03/2024,12:08:42,7.05,6.2,74.62,157.38,14120.0,0.0,0.0,0.0,0.0,0.0
06/03/2024,12:14:29,7.05,6.22,74.59,157.38,14120.0,0.0,0.0,0.0,0.0,0.0
06/03/2024,12:20:16,6.21,6.21,74.48,157.37,14120.0,0.0,0.0,0.0,0.0,0.0
06/03/2024,12:26:03,7.04,6.21,74.39,157.38,14337.0,0.0,0.0,0.0,0.0,0.0
06/03/2024,12:31:50,7.05,6.22,74.34,157.39,14120.0,0.0,0.0,0.0,0.0,0.0
06/03/2024,12:37:37,7.05,6.21,74.3,157.39,13903.0,0.0,0.0,0.0,0.0,0.0
06/03/2024,12:43:23,7.05,6.23,74.16,157.39,13686.0,0.0,0.0,0.0,0.0,0.0
06/03/2024,12:49:10,7.04,6.27,74.1,157.39,14229.0,0.0,0.0,0.0,0.0,0.0
06/03/2024,12:54:58,7.04,6.24,74.05,157.4,13795.0,0.0,0.0,0.0,0.0,0.0
06/03/2024,13:00:45,7.05,6.25,73.99,157.4,14337.0,0.0,0.0,0.0,0.0,0.0
06/03/2024,13:06:32,7.04,6.23,73.85,157.39,13795.0,0.0,0.0,0.0,0.0,0.0
06/03/2024,13:12:19,7.04,6.26,73.81,157.41,14012.0,0.0,0.0,0.0,0.0,0.0
06/03/2024,13:18:06,7.04,6.26,73.81,157.42,14012.0,0.0,0.0,0.0,0.0,0.0
06/03/2024,13:23:52,7.04,6.27,73.76,157.43,13795.0,0.0,0.0,0.0,0.0,0.0
06/03/2024,13:29:39,7.04,6.27,73.71,157.43,13795.0,0.0,0.0,0.0,0.0,0.0
06/03/2024,13:35:26,7.04,6.26,73.71,157.43,14120.0,0.0,0.0,0.0,0.0,0.0
06/03/2024,13:41:13,7.04,6.26,73.71,157.43,14120.0,0.0,0.0,0.0,0.0,0.0
06/03/2024,13:47:00,71.0,6.29,73.71,157.44,14012.0,0.0,0.0,0.0,0.0,0.0
06/03/2024,13:52:48,7.04,6.27,73.67,157.44,14012.0,0.0,0.0,0.0,0.0,0.0
06/03/2024,13:58:35,7.04,6.24,73.62,157.45,14120.0,0.0,0.0,0.0,0.0,0.0
06/03/2024,14:04:21,7.03,6.25,73.62,157.45,14012.0,0.0,0.0,0.0,0.0,0.0
06/03/2024,14:10:08,7.03,6.26,73.62,157.45,13686.0,0.0,0.0,0.0,0.0,0.0
06/03/2024,14:15:55,7.03,6.28,73.62,157.45,13795.0,0.0,0.0,0.0,0.0,0.0
06/03/2024,14:21:42,7.03,6.32,73.62,157.45,13903.0,0.0,0.0,0.0,0.0,0.0
06/03/2024,14:27:29,7.03,6.3,73.62,157.47,13686.0,0.0,0.0,0.0,0.0,0.0
06/03/2024,14:33:16,7.03,6.33,73.62,157.46,13903.0,0.0,0.0,0.0,0.0,0.0
06/03/2024,14:39:03,7.03,6.26,73.62,157.47,13795.0,0.0,0.0,0.0,0.0,0.0
06/03/2024,14:44:49,7.03,6.25,73.62,157.48,14012.0,0.0,0.0,0.0,0.0,0.0
06/03/2024,14:50:36,7.03,6.29,43.3,157.49,13903.0,0.0,0.0,0.0,0.0,0.0
06/03/2024,14:56:24,7.03,6.3,73.62,157.49,13686.0,0.0,0.0,0.0,0.0,0.0
06/03/2024,15:02:11,7.03,6.3,73.62,157.49,13686.0,0.0,0.0,0.0,0.0,0.0
06/03/2024,15:07:58,7.03,6.26,73.62,157.5,13795.0,0.0,0.0,0.0,0.0,0.0
06/03/2024,15:13:45,7.03,6.28,73.62,157.51,13903.0,0.0,0.0,0.0,0.0,0.0
06/03/2024,15:19:32,7.04,6.29,73.62,157.52,14012.0,0.0,0.0,0.0,0.0,0.0
06/03/2024,15:25:18,7.04,6.31,73.62,157.53,13903.0,0.0,0.0,0.0,0.0,0.0
06/03/2024,15:31:05,7.04,6.31,73.62,157.54,14012.0,0.0,0.0,0.0,0.0,0.0
06/03/2024,15:36:52,7.04,6.29,73.62,157.55,13795.0,0.0,0.0,0.0,0.0,0.0
06/03/2024,15:42:39,7.04,6.32,73.62,157.55,13903.0,0.0,0.0,0.0,0.0,0.0
06/03/2024,15:48:26,71.0,6.32,73.62,157.55,14012.0,0.0,0.0,0.0,0.0,0.0
06/03/2024,15:54:13,7.04,6.33,73.62,157.56,13795.0,0.0,0.0,0.0,0.0,0.0
06/03/2024,16:00:00,7.04,6.31,73.62,157.57,13903.0,0.0,0.0,0.0,0.0,0.0
06/03/2024,16:05:46,7.04,6.31,73.62,157.59,14012.0,0.0,0.0,0.0,0.0,0.0
06/03/2024,16:11:34,7.04,6.34,73.62,157.59,13795.0,0.0,0.0,0.0,0.0,0.0
06/03/2024,16:17:21,7.04,6.36,43.45,157.6,14012.0,0.0,0.0,0.0,0.0,0.0
06/03/2024,16:23:08,7.04,6.34,73.62,157.59,14012.0,0.0,0.0,0.0,0.0,0.0
06/03/2024,16:28:55,7.04,6.38,73.62,157.61,14012.0,0.0,0.0,0.0,0.0,0.0
06/03/2024,16:34:42,7.04,6.32,73.62,157.6,13252.0,0.0,0.0,0.0,0.0,0.0
06/03/2024,16:40:28,7.04,6.34,73.56,157.58,14012.0,0.0,0.0,0.0,0.0,20.0
06/03/2024,16:46:15,7.05,6.38,73.56,157.56,13795.0,0.0,0.0,0.0,0.0,20.0
06/03/2024,16:52:02,7.04,6.35,73.56,157.59,13903.0,0.0,0.0,0.0,0.0,20.0
06/03/2024,16:57:49,7.04,6.34,73.56,157.62,14337.0,0.0,0.0,0.0,0.0,20.0
06/03/2024,17:03:36,7.05,6.34,73.56,157.63,14120.0,0.0,0.0,0.0,0.0,20.0
06/03/2024,17:09:23,7.05,6.36,73.56,157.64,14337.0,0.0,0.0,0.0,0.0,20.0
06/03/2024,17:15:10,7.04,6.36,73.56,157.64,14120.0,0.0,0.0,0.0,0.0,20.0
06/03/2024,17:20:56,7.05,6.34,73.56,157.64,14337.0,0.0,0.0,0.0,0.0,20.0
06/03/2024,17:26:44,7.05,6.32,73.56,157.64,13903.0,0.0,0.0,0.0,0.0,20.0
06/03/2024,17:32:31,7.05,6.35,73.56,157.66,14120.0,0.0,0.0,0.0,0.0,20.0
06/03/2024,17:38:18,7.05,6.31,73.56,157.65,13795.0,0.0,0.0,0.0,0.0,20.0
06/03/2024,17:44:05,7.05,6.36,73.56,157.64,14120.0,0.0,0.0,0.0,0.0,20.0
06/03/2024,17:49:52,7.05,6.37,73.56,157.65,14337.0,0.0,0.0,0.0,0.0,20.0
06/03/2024,17:55:39,7.05,6.35,73.56,157.66,14229.0,0.0,0.0,0.0,0.0,20.0
06/03/2024,18:01:25,71.0,6.37,73.56,157.65,14012.0,0.0,0.0,0.0,0.0,20.0
06/03/2024,18:07:12,7.05,6.42,73.56,157.65,14012.0,0.0,0.0,0.0,0.0,20.0
06/03/2024,18:12:59,7.05,6.38,73.53,157.64,14012.0,0.0,0.0,0.0,0.0,20.0
06/03/2024,18:18:47,7.05,6.32,73.53,157.63,13795.0,0.0,0.0,0.0,0.0,20.0
06/03/2024,18:24:34,7.06,6.33,73.53,157.6,14337.0,0.0,0.0,0.0,0.0,20.0
06/03/2024,18:30:21,7.06,6.37,73.53,157.59,14120.0,0.0,0.0,0.0,0.0,20.0
06/03/2024,18:36:08,7.06,6.36,73.47,157.59,13686.0,0.0,0.0,0.0,0.0,20.0
06/03/2024,18:41:54,7.06,6.37,73.47,157.59,14120.0,0.0,0.0,0.0,0.0,20.0
06/03/2024,18:47:41,7.06,6.37,73.47,157.58,14229.0,0.0,0.0,0.0,0.0,20.0
06/03/2024,18:53:28,7.08,6.32,73.42,157.59,14229.0,0.0,0.0,0.0,0.0,20.0
06/03/2024,18:59:15,7.06,6.31,73.42,157.6,14446.0,0.0,0.0,0.0,0.0,20.0
06/03/2024,19:05:02,7.06,6.33,73.36,157.62,14446.0,0.0,0.0,0.0,0.0,20.0
06/03/2024,19:10:50,7.06,6.35,73.36,157.6,14554.0,0.0,0.0,0.0,0.0,20.0
06/03/2024,19:16:37,7.06,6.36,73.36,157.61,14771.0,0.0,0.0,0.0,0.0,20.0
06/03/2024,19:22:23,7.07,6.38,73.33,157.6,14663.0,0.0,0.0,0.0,0.0,20.0
06/03/2024,19:28:10,71.0,6.39,73.33,157.6,14771.0,0.0,0.0,0.0,0.0,20.0
06/03/2024,19:33:57,7.07,6.42,73.27,157.54,14120.0,0.0,0.0,0.0,0.0,20.0
06/03/2024,19:39:44,7.08,6.39,73.27,157.54,14880.0,0.0,0.0,0.0,0.0,20.0
06/03/2024,19:45:31,7.08,6.35,73.22,157.54,14337.0,0.0,0.0,0.0,0.0,20.0
06/03/2024,19:51:19,71.0,6.35,73.22,157.5,14663.0,0.0,0.0,0.0,0.0,20.0
06/03/2024,19:57:06,7.08,6.36,73.22,157.48,14663.0,0.0,0.0,0.0,0.0,20.0
06/03/2024,20:02:52,7.08,6.4,73.18,157.46,14337.0,0.0,0.0,0.0,0.0,20.0
06/03/2024,20:08:39,7.08,6.39,73.13,157.46,14663.0,0.0,0.0,0.0,0.0,20.0
06/03/2024,20:14:26,7.08,6.4,73.13,157.46,14554.0,0.0,0.0,0.0,0.0,20.0
06/03/2024,20:20:13,7.09,6.4,73.08,157.46,14663.0,0.0,0.0,0.0,0.0,20.0
06/03/2024,20:26:00,7.09,6.36,73.08,157.45,14988.0,0.0,0.0,0.0,0.0,20.0
06/03/2024,20:31:47,7.09,6.36,73.08,157.46,14663.0,0.0,0.0,0.0,0.0,20.0
06/03/2024,20:37:34,7.09,6.4,73.08,157.44,14337.0,0.0,0.0,0.0,0.0,20.0
06/03/2024,20:43:20,71.0,6.41,73.04,157.43,14554.0,0.0,0.0,0.0,0.0,20.0
06/03/2024,20:49:08,7.09,6.38,72.99,157.44,14229.0,0.0,0.0,0.0,0.0,20.0
06/03/2024,20:54:55,7.09,6.36,72.93,157.44,15205.0,0.0,0.0,0.0,0.0,20.0
06/03/2024,21:00:42,7.09,6.41,72.93,157.32,14771.0,0.0,0.0,0.0,0.0,20.0
06/03/2024,21:06:29,7.09,6.39,72.9,157.17,14988.0,0.0,0.0,0.0,0.0,20.0
06/03/2024,21:12:16,7.09,6.36,72.84,157.06,14988.0,0.0,0.0,0.0,0.0,20.0
06/03/2024,21:18:03,7.07,6.37,43.47,156.97,15205.0,0.0,0.0,0.0,0.0,20.0
06/03/2024,21:23:49,7.09,6.37,72.7,156.89,15205.0,0.0,0.0,0.0,0.0,20.0
06/03/2024,21:29:37,7.08,6.35,72.64,156.86,14771.0,0.0,0.0,0.0,0.0,20.0
06/03/2024,21:35:24,7.1,6.39,72.64,156.84,15314.0,0.0,0.0,0.0,0.0,20.0
06/03/2024,21:41:11,7.13,6.38,72.64,156.83,14988.0,0.0,0.0,0.0,0.0,20.0
06/03/2024,21:46:58,7.14,6.41,43.54,156.79,14880.0,0.0,0.0,0.0,0.0,20.0
06/03/2024,21:52:45,7.16,6.38,72.5,156.87,14663.0,0.0,0.0,0.0,0.0,20.0
06/03/2024,21:58:32,7.17,6.45,72.5,157.0,14988.0,0.0,0.0,0.0,0.0,20.0
06/03/2024,22:04:18,7.18,6.45,72.45,157.08,15205.0,0.0,0.0,0.0,0.0,20.0
06/03/2024,22:10:05,7.18,6.42,72.41,157.11,14880.0,0.0,0.0,0.0,0.0,20.0
06/03/2024,22:15:53,7.2,6.41,35.6,157.12,14988.0,0.0,0.0,0.0,0.0,20.0
06/03/2024,22:21:40,7.2,6.41,72.3,157.17,15422.0,0.0,0.0,0.0,0.0,20.0
06/03/2024,22:27:27,7.21,6.38,72.3,157.2,15097.0,0.0,0.0,0.0,0.0,20.0
06/03/2024,22:33:14,7.21,6.38,72.25,157.19,15205.0,0.0,0.0,0.0,0.0,20.0
06/03/2024,22:39:01,7.22,6.38,72.25,157.19,14554.0,0.0,0.0,0.0,0.0,20.0
06/03/2024,22:44:47,7.22,6.4,43.52,157.18,15097.0,0.0,0.0,0.0,0.0,20.0
06/03/2024,22:50:34,7.22,6.43,72.21,157.17,14771.0,0.0,0.0,0.0,0.0,20.0
06/03/2024,22:56:21,7.22,6.46,72.21,157.17,15422.0,0.0,0.0,0.0,0.0,20.0
06/03/2024,23:02:09,7.23,6.41,72.16,157.17,15205.0,0.0,0.0,0.0,0.0,20.0
06/03/2024,23:07:56,7.24,6.42,72.16,157.18,15097.0,0.0,0.0,0.0,0.0,20.0
06/03/2024,23:13:43,71.0,6.41,72.1,157.19,14988.0,0.0,0.0,0.0,0.0,0.0
06/03/2024,23:19:30,7.25,6.42,72.1,157.19,15205.0,0.0,0.0,0.0,0.0,0.0
06/03/2024,23:25:16,7.25,6.44,72.1,157.23,14988.0,0.0,0.0,0.0,0.0,0.0
06/03/2024,23:31:03,7.26,6.4,72.16,157.27,14988.0,0.0,0.0,0.0,0.0,0.0
06/03/2024,23:36:50,7.26,6.39,72.16,157.28,14880.0,0.0,0.0,0.0,0.0,0.0
06/03/2024,23:42:37,7.26,6.42,72.21,157.31,14988.0,0.0,0.0,0.0,0.0,0.0
06/03/2024,23:48:24,7.26,6.41,72.25,157.3,15097.0,0.0,0.0,0.0,0.0,0.0
06/03/2024,23:54:12,7.26,6.44,72.25,157.32,14988.0,0.0,0.0,0.0,0.0,0.0
06/03/2024,23:59:59,7.26,6.41,72.21,157.31,14988.0,0.0,0.0,0.0,0.0,0.0
07/03/2024,00:00:00,7.26,6.41,72.21,157.32,14880.0,0.0,0.0,0.0,0.0,0.0
07/03/2024,00:04:52,7.26,6.43,72.21,157.31,19002.0,0.0,0.0,0.0,0.0,0.0
07/03/2024,00:09:43,7.26,6.43,72.25,157.31,20521.0,0.0,0.0,0.0,0.0,0.0
07/03/2024,00:14:37,7.26,6.45,72.3,157.32,20195.0,0.0,0.0,0.0,0.0,0.0
07/03/2024,00:19:28,7.26,6.42,72.36,157.32,19111.0,0.0,0.0,0.0,0.0,0.0
07/03/2024,00:24:20,71.0,6.43,72.45,157.31,19002.0,0.0,0.0,0.0,0.0,0.0
07/03/2024,00:29:13,7.27,6.45,72.55,157.32,18677.0,0.0,0.0,0.0,0.0,0.0
07/03/2024,00:34:05,7.27,6.42,72.59,157.32,18243.0,0.0,0.0,0.0,0.0,0.0
07/03/2024,00:38:57,7.27,6.41,72.7,157.33,18026.0,0.0,0.0,0.0,0.0,0.0
07/03/2024,00:43:50,7.27,6.38,72.73,157.35,17700.0,0.0,0.0,0.0,0.0,0.0
07/03/2024,00:48:42,7.27,6.34,72.79,157.35,17809.0,0.0,0.0,0.0,0.0,0.0
07/03/2024,00:53:34,7.28,6.35,72.84,157.36,17158.0,0.0,0.0,0.0,0.0,0.0
07/03/2024,00:58:27,7.28,6.38,72.99,157.38,17049.0,0.0,0.0,0.0,0.0,32.0
07/03/2024,01:03:19,71.0,6.37,73.04,157.39,16724.0,0.0,0.0,0.0,0.0,0.0
07/03/2024,01:08:11,7.29,6.34,73.18,157.37,16724.0,0.0,0.0,0.0,0.0,0.0
07/03/2024,01:13:04,7.29,6.4,73.22,157.38,16615.0,0.0,0.0,0.0,0.0,0.0
07/03/2024,01:17:56,7.29,6.39,73.22,157.35,16724.0,0.0,0.0,0.0,0.0,0.0
07/03/2024,01:22:48,7.29,6.43,73.27,157.37,16181.0,0.0,0.0,0.0,0.0,0.0
07/03/2024,01:27:41,7.3,6.4,73.36,157.38,16073.0,0.0,0.0,0.0,0.0,0.0
07/03/2024,01:32:32,7.3,6.39,73.42,157.41,16181.0,0.0,0.0,0.0,0.0,0.0
07/03/2024,01:37:24,7.3,6.38,73.42,157.39,16290.0,0.0,0.0,0.0,0.0,0.0
07/03/2024,01:42:17,7.3,6.39,73.47,157.37,16073.0,0.0,0.0,0.0,0.0,0.0
07/03/2024,01:47:09,7.3,6.38,73.53,157.36,15422.0,0.0,0.0,0.0,0.0,0.0
07/03/2024,01:52:01,7.31,6.35,73.56,157.34,15856.0,0.0,0.0,0.0,0.0,0.0
07/03/2024,01:56:54,7.32,6.34,73.56,157.34,15856.0,0.0,0.0,0.0,0.0,0.0
07/03/2024,02:01:46,7.31,6.36,73.56,157.34,15422.0,0.0,0.0,0.0,0.0,0.0
07/03/2024,02:06:38,7.31,6.36,73.56,157.34,15531.0,0.0,0.0,0.0,0.0,0.0
07/03/2024,02:11:31,7.31,6.36,73.56,157.34,15531.0,0.0,0.0,0.0,0.0,0.0
07/03/2024,02:16:23,7.32,6.34,73.56,157.35,15314.0,0.0,0.0,0.0,0.0,0.0
07/03/2024,02:21:16,7.32,6.34,73.62,157.37,15314.0,0.0,0.0,0.0,0.0,0.0
07/03/2024,02:26:08,7.32,6.34,73.62,157.37,15314.0,0.0,0.0,0.0,0.0,0.0
07/03/2024,02:31:00,7.33,6.35,73.62,157.36,14988.0,0.0,0.0,0.0,0.0,0.0
07/03/2024,02:35:53,71.0,6.34,73.62,157.37,14988.0,0.0,0.0,0.0,0.0,0.0
07/03/2024,02:40:45,7.33,6.34,73.62,157.37,15205.0,0.0,0.0,0.0,0.0,0.0
07/03/2024,02:45:37,7.33,6.32,73.62,157.37,14880.0,0.0,0.0,0.0,0.0,0.0
07/03/2024,02:50:30,7.33,6.31,73.62,157.37,15205.0,0.0,0.0,0.0,0.0,0.0
07/03/2024,02:55:22,7.33,6.29,73.62,157.39,14880.0,0.0,0.0,0.0,0.0,0.0
07/03/2024,03:00:13,7.33,6.31,73.62,157.4,14880.0,0.0,0.0,0.0,0.0,0.0
07/03/2024,03:05:06,7.33,6.32,73.62,157.43,14663.0,0.0,0.0,0.0,0.0,0.0
07/03/2024,03:09:58,7.33,6.28,73.62,157.43,14880.0,0.0,0.0,0.0,0.0,0.0
07/03/2024,03:14:50,7.33,6.29,43.32,157.45,14446.0,0.0,0.0,0.0,0.0,0.0
07/03/2024,03:19:43,7.32,6.3,73.62,157.46,14663.0,0.0,0.0,0.0,0.0,0.0
07/03/2024,03:24:35,7.32,6.32,73.62,157.48,14988.0,0.0,0.0,0.0,0.0,0.0
07/03/2024,03:29:27,7.31,6.34,73.62,157.47,14554.0,0.0,0.0,0.0,0.0,0.0
07/03/2024,03:34:20,7.31,6.34,73.62,157.44,14446.0,0.0,0.0,0.0,0.0,0.0
07/03/2024,03:39:12,7.31,6.34,73.62,157.45,14554.0,0.0,0.0,0.0,0.0,0.0
07/03/2024,03:44:04,7.3,6.36,73.62,157.45,14663.0,0.0,0.0,0.0,0.0,0.0
07/03/2024,03:48:57,7.3,6.35,73.56,157.44,14663.0,0.0,0.0,0.0,0.0,0.0
07/03/2024,03:53:49,7.29,6.38,73.56,157.44,14446.0,0.0,0.0,0.0,0.0,0.0
07/03/2024,03:58:41,7.29,6.38,73.53,157.44,14554.0,0.0,0.0,0.0,0.0,0.0
07/03/2024,04:03:34,7.29,6.39,73.53,157.45,14337.0,0.0,0.0,0.0,0.0,0.0
07/03/2024,04:08:26,71.0,6.4,73.53,157.46,14446.0,0.0,0.0,0.0,0.0,0.0
07/03/2024,04:13:18,7.3,6.37,73.53,157.45,14554.0,0.0,0.0,0.0,0.0,0.0
07/03/2024,04:18:11,7.3,6.38,73.53,157.45,14554.0,0.0,0.0,0.0,0.0,0.0
07/03/2024,04:23:03,7.3,6.38,73.53,157.48,14229.0,0.0,0.0,0.0,0.0,0.0
07/03/2024,04:27:54,7.31,6.35,73.53,157.48,14554.0,0.0,0.0,0.0,0.0,0.0
07/03/2024,04:32:47,71.0,6.36,73.53,157.48,14337.0,0.0,0.0,0.0,0.0,0.0
07/03/2024,04:37:39,7.33,6.26,73.56,157.47,14771.0,0.0,0.0,0.0,0.0,0.0
07/03/2024,04:42:32,7.33,6.26,73.56,157.47,14554.0,0.0,0.0,0.0,0.0,0.0
07/03/2024,04:47:24,7.33,6.24,73.56,157.47,14446.0,0.0,0.0,0.0,0.0,0.0
07/03/2024,04:52:16,7.33,6.25,73.56,157.48,14880.0,0.0,0.0,0.0,0.0,0.0
07/03/2024,04:57:09,7.33,6.24,73.56,157.47,14120.0,0.0,0.0,0.0,0.0,0.0
07/03/2024,05:02:01,7.33,6.25,73.56,157.46,14229.0,0.0,0.0,0.0,0.0,0.0
07/03/2024,05:06:53,7.34,6.24,73.62,157.44,14446.0,0.0,0.0,0.0,0.0,0.0
07/03/2024,05:11:46,7.34,6.23,73.62,157.45,14446.0,0.0,0.0,0.0,0.0,0.0
07/03/2024,05:16:38,7.34,6.23,73.62,157.44,14446.0,0.0,0.0,0.0,0.0,0.0
07/03/2024,05:21:30,7.35,6.22,73.62,157.43,14771.0,0.0,0.0,0.0,0.0,0.0
07/03/2024,05:26:23,7.36,6.24,73.62,157.43,14554.0,0.0,0.0,0.0,0.0,0.0
07/03/2024,05:31:15,7.36,6.22,73.62,157.44,14337.0,0.0,0.0,0.0,0.0,0.0
07/03/2024,05:36:07,7.37,6.21,73.62,157.42,14012.0,0.0,0.0,0.0,0.0,0.0
07/03/2024,05:41:00,7.38,6.21,73.67,157.42,14337.0,0.0,0.0,0.0,0.0,0.0
07/03/2024,05:45:52,7.38,6.2,73.71,157.43,14229.0,0.0,0.0,0.0,0.0,0.0
07/03/2024,05:50:44,7.38,6.2,73.76,157.43,14120.0,0.0,0.0,0.0,0.0,0.0
07/03/2024,05:55:37,7.38,6.18,73.96,157.42,14120.0,0.0,0.0,0.0,0.0,0.0
07/03/2024,06:00:29,7.37,6.16,74.05,157.41,14446.0,0.0,0.0,0.0,0.0,0.0
07/03/2024,06:05:21,7.34,6.21,74.39,157.41,14012.0,0.0,0.0,0.0,0.0,0.0
07/03/2024,06:10:14,7.35,6.19,74.79,157.39,14337.0,0.0,0.0,0.0,0.0,0.0
07/03/2024,06:15:06,7.35,6.22,75.07,157.38,14337.0,0.0,0.0,0.0,0.0,0.0
07/03/2024,06:19:57,7.35,6.27,75.31,157.37,14337.0,0.0,0.0,0.0,0.0,0.0
07/03/2024,06:24:51,7.35,6.34,75.45,157.35,13795.0,0.0,0.0,0.0,0.0,0.0
07/03/2024,06:29:42,7.36,6.43,75.6,157.35,14337.0,0.0,0.0,0.0,0.0,0.0
07/03/2024,06:34:34,7.36,6.44,75.65,157.35,14229.0,0.0,0.0,0.0,0.0,0.0
07/03/2024,06:39:27,7.36,6.43,75.7,157.35,14120.0,0.0,0.0,0.0,0.0,0.0
07/03/2024,06:44:19,7.36,6.46,75.74,157.35,14229.0,0.0,0.0,0.0,0.0,0.0
07/03/2024,06:49:12,7.37,6.5,75.79,157.34,13903.0,0.0,0.0,0.0,0.0,0.0
07/03/2024,06:54:04,7.37,6.47,75.79,157.33,14446.0,0.0,0.0,0.0,0.0,0.0
07/03/2024,06:58:56,7.37,6.34,75.79,157.33,14337.0,0.0,0.0,0.0,0.0,0.0
07/03/2024,07:03:49,7.35,6.3,75.79,157.32,14446.0,0.0,0.0,0.0,0.0,0.0
07/03/2024,07:08:41,7.35,6.19,75.79,157.31,14229.0,0.0,0.0,0.0,0.0,0.0
07/03/2024,07:13:33,71.0,6.15,75.79,157.28,14120.0,0.0,0.0,0.0,0.0,0.0
07/03/2024,07:18:26,7.35,6.14,75.79,157.29,14229.0,0.0,0.0,0.0,0.0,0.0
07/03/2024,07:23:18,7.34,6.1,75.79,157.28,13795.0,0.0,0.0,0.0,0.0,0.0
07/03/2024,07:28:10,7.34,6.13,75.79,157.24,14012.0,0.0,0.0,0.0,0.0,0.0
07/03/2024,07:33:03,7.34,6.12,75.79,157.25,14337.0,0.0,0.0,0.0,0.0,0.0
07/03/2024,07:37:54,7.34,6.12,43.02,157.24,14120.0,0.0,0.0,0.0,0.0,0.0
07/03/2024,07:42:46,7.34,6.1,75.85,157.23,14120.0,0.0,0.0,0.0,0.0,0.0
07/03/2024,07:47:39,7.34,6.13,75.9,157.22,14337.0,0.0,0.0,0.0,0.0,0.0
07/03/2024,07:52:31,7.34,6.12,75.94,157.2,14012.0,0.0,0.0,0.0,0.0,0.0
07/03/2024,07:57:23,7.34,6.12,75.99,157.18,14229.0,0.0,0.0,0.0,0.0,0.0
07/03/2024,08:02:16,7.33,6.1,76.05,157.15,13795.0,0.0,0.0,0.0,0.0,0.0
07/03/2024,08:07:08,7.33,6.1,76.08,157.18,14012.0,0.0,0.0,0.0,0.0,0.0
07/03/2024,08:12:00,7.34,6.13,76.14,157.14,13903.0,0.0,0.0,0.0,0.0,0.0
07/03/2024,08:16:53,7.34,6.11,43.0,157.13,13903.0,0.0,0.0,0.0,0.0,0.0
07/03/2024,08:21:45,7.34,6.1,76.19,157.12,14229.0,0.0,0.0,0.0,0.0,0.0
07/03/2024,08:26:37,7.33,6.1,76.28,157.11,14229.0,0.0,0.0,0.0,0.0,0.0
07/03/2024,08:31:30,7.33,6.12,76.28,157.11,14446.0,0.0,0.0,0.0,0.0,0.0
07/03/2024,08:36:22,7.33,6.09,76.28,157.1,14012.0,0.0,0.0,0.0,0.0,0.0
07/03/2024,08:41:14,7.33,6.07,76.33,157.09,14120.0,0.0,0.0,0.0,0.0,0.0
07/03/2024,08:46:07,7.32,6.09,76.37,157.06,14229.0,0.0,0.0,0.0,0.0,0.0
07/03/2024,08:50:59,7.33,6.13,76.37,157.08,14120.0,0.0,0.0,0.0,0.0,0.0
07/03/2024,08:55:51,7.31,6.13,76.42,157.07,14120.0,0.0,0.0,0.0,0.0,0.0
07/03/2024,09:00:44,7.33,6.12,76.42,157.06,14120.0,0.0,0.0,0.0,0.0,0.0
07/03/2024,09:05:36,7.31,6.1,76.48,157.04,13903.0,0.0,0.0,0.0,0.0,0.0
07/03/2024,09:10:29,71.0,6.12,76.48,157.02,14120.0,0.0,0.0,0.0,0.0,0.0
07/03/2024,09:15:21,7.31,6.13,76.48,156.99,14120.0,0.0,0.0,0.0,0.0,0.0
07/03/2024,09:20:12,7.31,6.14,76.48,156.97,14012.0,0.0,0.0,0.0,0.0,0.0
07/03/2024,09:25:05,7.32,6.11,76.48,156.95,14229.0,0.0,0.0,0.0,0.0,0.0
07/03/2024,09:29:57,7.32,6.13,76.48,156.92,13903.0,0.0,0.0,0.0,0.0,0.0
07/03/2024,09:34:49,7.31,6.12,76.48,156.9,14120.0,0.0,0.0,0.0,0.0,0.0
07/03/2024,09:39:42,7.31,6.17,76.48,156.9,14337.0,0.0,0.0,0.0,0.0,0.0
07/03/2024,09:44:34,7.31,6.13,76.42,156.87,14229.0,0.0,0.0,0.0,0.0,0.0
07/03/2024,09:49:26,7.3,6.15,76.42,156.84,14120.0,0.0,0.0,0.0,0.0,0.0
07/03/2024,09:54:19,7.3,6.13,76.42,156.82,13903.0,0.0,0.0,0.0,0.0,0.0
07/03/2024,09:59:11,7.3,6.16,76.37,156.8,14012.0,0.0,0.0,0.0,0.0,0.0
07/03/2024,10:04:03,7.3,6.16,76.33,156.78,14120.0,0.0,0.0,0.0,0.0,0.0
07/03/2024,10:08:56,7.3,6.13,76.33,156.75,14120.0,0.0,0.0,0.0,0.0,0.0
07/03/2024,10:13:48,7.3,6.17,76.33,156.73,14229.0,0.0,0.0,0.0,0.0,0.0
07/03/2024,10:18:40,7.3,6.12,76.33,156.72,14120.0,0.0,0.0,0.0,0.0,0.0
07/03/2024,10:23:33,7.3,6.13,76.33,156.71,13795.0,0.0,0.0,0.0,0.0,0.0
07/03/2024,10:28:24,7.3,6.12,76.33,156.69,14120.0,0.0,0.0,0.0,0.0,0.0
07/03/2024,10:33:16,71.0,6.14,76.28,156.67,14120.0,0.0,0.0,0.0,0.0,0.0
07/03/2024,10:38:09,7.3,6.18,76.28,156.65,14229.0,0.0,0.0,0.0,0.0,0.0
07/03/2024,10:43:01,7.3,6.16,76.28,156.62,14446.0,0.0,0.0,0.0,0.0,0.0
07/03/2024,10:47:53,71.0,6.13,76.23,156.59,14229.0,0.0,0.0,0.0,0.0,0.0
07/03/2024,10:52:46,7.3,6.15,76.19,156.58,14120.0,0.0,0.0,0.0,0.0,0.0
07/03/2024,10:57:38,7.3,6.16,76.14,156.57,14012.0,0.0,0.0,0.0,0.0,0.0
07/03/2024,11:02:30,7.3,6.14,76.08,156.55,14120.0,0.0,0.0,0.0,0.0,0.0
07/03/2024,11:07:23,7.31,6.15,76.08,156.54,14120.0,0.0,0.0,0.0,0.0,0.0
07/03/2024,11:12:15,7.29,6.15,76.08,156.52,14337.0,0.0,0.0,0.0,0.0,0.0
07/03/2024,11:17:08,7.29,6.15,76.05,156.53,14012.0,0.0,0.0,0.0,0.0,0.0
07/03/2024,11:22:00,7.29,6.17,76.05,156.52,14120.0,0.0,0.0,0.0,0.0,0.0
07/03/2024,11:26:52,7.29,6.18,75.99,156.51,13903.0,0.0,0.0,0.0,0.0,0.0
07/03/2024,11:31:45,7.29,6.18,75.99,156.5,14012.0,0.0,0.0,0.0,0.0,0.0
07/03/2024,11:36:37,7.29,6.19,43.14,156.48,14337.0,0.0,0.0,0.0,0.0,0.0
07/03/2024,11:41:29,7.29,6.15,75.9,156.48,14120.0,0.0,0.0,0.0,0.0,0.0
07/03/2024,11:46:22,7.29,6.15,75.9,156.47,13903.0,0.0,0.0,0.0,0.0,0.0
07/03/2024,11:51:14,7.29,6.13,75.9,156.47,13903.0,0.0,0.0,0.0,0.0,0.0
07/03/2024,11:56:05,7.29,6.15,75.9,156.47,14012.0,0.0,0.0,0.0,0.0,0.0
07/03/2024,12:00:58,7.3,6.14,75.9,156.46,14229.0,0.0,0.0,0.0,0.0,0.0
07/03/2024,12:05:50,7.29,6.17,75.9,156.47,14229.0,0.0,0.0,0.0,0.0,0.0
07/03/2024,12:10:42,7.29,6.22,75.85,156.48,14337.0,0.0,0.0,0.0,0.0,0.0
07/03/2024,12:15:35,7.29,6.23,75.85,156.48,14012.0,0.0,0.0,0.0,0.0,0.0
07/03/2024,12:20:27,7.29,6.18,75.85,156.47,14120.0,0.0,0.0,0.0,0.0,0.0
07/03/2024,12:25:19,7.29,6.2,75.79,156.48,14012.0,0.0,0.0,0.0,0.0,0.0
07/03/2024,12:30:12,7.29,6.22,75.79,156.49,14229.0,0.0,0.0,0.0,0.0,0.0
07/03/2024,12:35:04,7.3,6.2,75.79,156.48,14012.0,0.0,0.0,0.0,0.0,0.0
07/03/2024,12:39:56,7.29,6.18,75.79,156.48,14229.0,0.0,0.0,0.0,0.0,0.0
07/03/2024,12:44:49,7.29,6.16,75.79,156.48,13686.0,0.0,0.0,0.0,0.0,0.0
07/03/2024,12:49:41,7.28,6.21,75.79,156.49,13795.0,0.0,0.0,0.0,0.0,0.0
07/03/2024,12:54:33,7.28,6.21,75.79,156.5,14012.0,0.0,0.0,0.0,0.0,0.0
07/03/2024,12:59:26,7.28,6.17,43.11,156.5,13903.0,0.0,0.0,0.0,0.0,0.0
07/03/2024,13:04:18,7.27,6.21,75.79,156.51,14012.0,0.0,0.0,0.0,0.0,0.0
07/03/2024,13:09:10,7.27,6.22,75.79,156.51,13903.0,0.0,0.0,0.0,0.0,0.0
07/03/2024,13:14:03,7.27,6.21,75.79,156.53,14229.0,0.0,0.0,0.0,0.0,0.0
07/03/2024,13:18:55,7.28,6.19,75.79,156.55,14012.0,0.0,0.0,0.0,0.0,0.0
07/03/2024,13:23:47,7.28,6.2,75.79,156.56,14012.0,0.0,0.0,0.0,0.0,0.0
07/03/2024,13:28:40,7.27,6.23,75.79,156.56,14012.0,0.0,0.0,0.0,0.0,0.0
07/03/2024,13:33:31,7.27,6.24,75.79,156.54,14012.0,0.0,0.0,0.0,0.0,0.0
07/03/2024,13:38:24,7.27,6.28,75.79,156.56,14229.0,0.0,0.0,0.0,0.0,0.0
07/03/2024,13:43:16,7.27,6.25,75.79,156.56,14229.0,0.0,0.0,0.0,0.0,0.0
07/03/2024,13:48:08,7.27,6.22,75.79,156.59,13686.0,0.0,0.0,0.0,0.0,0.0
07/03/2024,13:53:01,7.27,6.26,45.09,156.58,14120.0,0.0,0.0,0.0,0.0,0.0
07/03/2024,13:57:53,7.26,6.24,75.79,156.6,14446.0,0.0,0.0,0.0,0.0,0.0
07/03/2024,14:02:45,7.26,6.28,75.79,156.6,13903.0,0.0,0.0,0.0,0.0,0.0
07/03/2024,14:07:38,7.26,6.28,75.79,156.61,14012.0,0.0,0.0,0.0,0.0,0.0
07/03/2024,14:12:30,7.26,6.27,75.79,156.62,14229.0,0.0,0.0,0.0,0.0,0.0
07/03/2024,14:17:22,7.26,6.25,75.79,156.61,14229.0,0.0,0.0,0.0,0.0,0.0
07/03/2024,14:22:15,7.26,6.23,75.79,156.61,14120.0,0.0,0.0,0.0,0.0,0.0
07/03/2024,14:27:07,7.26,6.24,75.79,156.62,14120.0,0.0,0.0,0.0,0.0,0.0
07/03/2024,14:31:59,7.25,6.28,75.79,156.61,13795.0,0.0,0.0,0.0,0.0,0.0
07/03/2024,14:36:52,7.25,6.22,75.79,156.62,13686.0,0.0,0.0,0.0,0.0,0.0
07/03/2024,14:41:44,7.25,6.25,75.79,156.62,13903.0,0.0,0.0,0.0,0.0,0.0
07/03/2024,14:46:36,7.26,6.27,75.79,156.62,13686.0,0.0,0.0,0.0,0.0,0.0
07/03/2024,14:51:29,7.25,6.28,75.79,156.62,13795.0,0.0,0.0,0.0,0.0,0.0
07/03/2024,14:56:21,7.26,6.27,75.79,156.62,13903.0,0.0,0.0,0.0,0.0,0.0
07/03/2024,15:01:13,7.25,6.24,75.79,156.61,14012.0,0.0,0.0,0.0,0.0,0.0
07/03/2024,15:06:05,7.26,6.25,75.79,156.62,14012.0,0.0,0.0,0.0,0.0,0.0
07/03/2024,15:10:57,7.25,6.26,75.74,156.63,13578.0,0.0,0.0,0.0,0.0,0.0
07/03/2024,15:15:49,7.25,6.23,75.74,156.64,13903.0,0.0,0.0,0.0,0.0,0.0
07/03/2024,15:20:42,7.25,6.29,75.74,156.64,13795.0,0.0,0.0,0.0,0.0,0.0
07/03/2024,15:25:34,7.25,6.3,75.74,156.65,13903.0,0.0,0.0,0.0,0.0,0.0
07/03/2024,15:30:26,7.24,6.29,75.74,156.65,14120.0,0.0,0.0,0.0,0.0,0.0
07/03/2024,15:35:19,7.24,6.26,75.74,156.66,13686.0,0.0,0.0,0.0,0.0,0.0
07/03/2024,15:40:11,7.24,6.31,75.74,156.65,13686.0,0.0,0.0,0.0,0.0,0.0
07/03/2024,15:45:04,7.24,6.39,75.74,156.65,13578.0,0.0,0.0,0.0,0.0,0.0
07/03/2024,15:49:56,7.24,6.3,75.74,156.66,13686.0,0.0,0.0,0.0,0.0,0.0
07/03/2024,15:54:48,7.24,6.34,75.7,156.66,14012.0,0.0,0.0,0.0,0.0,0.0
07/03/2024,15:59:41,7.23,6.3,75.7,156.66,13578.0,0.0,0.0,0.0,0.0,0.0
07/03/2024,16:04:33,7.24,6.34,75.7,156.67,14012.0,0.0,0.0,0.0,0.0,0.0
07/03/2024,16:09:25,7.24,6.37,75.7,156.69,13903.0,0.0,0.0,0.0,0.0,0.0
07/03/2024,16:14:18,7.24,6.27,75.65,156.69,14012.0,0.0,0.0,0.0,0.0,0.0
07/03/2024,16:19:09,7.24,6.32,75.65,156.69,13795.0,0.0,0.0,0.0,0.0,0.0
07/03/2024,16:24:01,7.25,6.29,75.65,156.69,13686.0,0.0,0.0,0.0,0.0,0.0
07/03/2024,16:28:54,7.24,6.28,75.6,156.71,13795.0,0.0,0.0,0.0,0.0,0.0
07/03/2024,16:33:46,7.24,6.35,75.6,156.71,13903.0,0.0,0.0,0.0,0.0,0.0
07/03/2024,16:38:38,7.23,6.33,75.56,156.72,13795.0,0.0,0.0,0.0,0.0,0.0
07/03/2024,16:43:31,7.23,6.25,75.56,156.73,13795.0,0.0,0.0,0.0,0.0,0.0
07/03/2024,16:48:23,7.23,6.29,75.45,156.72,13578.0,0.0,0.0,0.0,0.0,0.0
07/03/2024,16:53:15,7.23,6.36,75.45,156.71,13578.0,0.0,0.0,0.0,0.0,0.0
07/03/2024,16:58:08,7.23,6.36,45.01,156.71,13578.0,0.0,0.0,0.0,0.0,0.0
07/03/2024,17:03:00,7.23,6.31,75.45,156.71,13686.0,0.0,0.0,0.0,0.0,0.0
07/03/2024,17:07:52,7.22,6.31,75.42,156.72,13795.0,0.0,0.0,0.0,0.0,0.0
07/03/2024,17:12:45,7.0,6.33,75.42,156.73,14012.0,0.0,0.0,0.0,0.0,0.0
07/03/2024,17:17:37,7.22,6.36,75.31,156.72,13795.0,0.0,0.0,0.0,0.0,0.0
07/03/2024,17:22:29,7.22,6.3,75.31,156.72,13578.0,0.0,0.0,0.0,0.0,0.0
07/03/2024,17:27:22,7.22,6.31,75.27,156.69,14337.0,0.0,0.0,0.0,0.0,0.0
07/03/2024,17:32:14,7.22,6.32,75.16,156.7,13903.0,0.0,0.0,0.0,0.0,0.0
07/03/2024,17:37:06,7.22,6.36,75.11,156.69,13795.0,0.0,0.0,0.0,0.0,0.0
07/03/2024,17:41:59,7.22,6.36,75.11,156.68,14012.0,0.0,0.0,0.0,0.0,0.0
07/03/2024,17:46:51,7.22,6.33,75.07,156.67,13795.0,0.0,0.0,0.0,0.0,0.0
07/03/2024,17:51:43,7.24,6.39,43.5,156.66,13795.0,0.0,0.0,0.0,0.0,0.0
07/03/2024,17:56:36,7.22,6.37,74.93,156.65,13903.0,0.0,0.0,0.0,0.0,0.0
07/03/2024,18:01:28,7.22,6.34,74.88,156.66,13903.0,0.0,0.0,0.0,0.0,0.0
07/03/2024,18:06:21,7.22,6.35,74.82,156.65,14012.0,0.0,0.0,0.0,0.0,0.0
07/03/2024,18:11:12,7.21,6.41,74.79,156.64,13903.0,0.0,0.0,0.0,0.0,0.0
07/03/2024,18:16:04,7.21,6.37,74.62,156.63,14120.0,0.0,0.0,0.0,0.0,0.0
07/03/2024,18:20:57,7.21,6.32,74.62,156.63,14012.0,0.0,0.0,0.0,0.0,0.0
07/03/2024,18:25:49,7.21,6.35,74.53,156.64,13795.0,0.0,0.0,0.0,0.0,0.0
07/03/2024,18:30:41,7.21,6.31,43.36,156.63,14120.0,0.0,0.0,0.0,0.0,0.0
07/03/2024,18:35:34,7.21,6.37,74.53,156.65,13795.0,0.0,0.0,0.0,0.0,0.0
07/03/2024,18:40:26,7.21,6.39,74.44,156.64,14229.0,0.0,0.0,0.0,0.0,0.0
07/03/2024,18:45:18,7.21,6.37,74.39,156.64,13903.0,0.0,0.0,0.0,0.0,0.0
07/03/2024,18:50:11,7.21,6.34,74.34,156.63,14012.0,0.0,0.0,0.0,0.0,0.0
07/03/2024,18:55:03,7.2,6.35,74.3,156.63,14012.0,0.0,0.0,0.0,0.0,0.0
07/03/2024,18:59:55,71.0,6.37,74.19,156.61,13903.0,0.0,0.0,0.0,0.0,0.0
07/03/2024,19:04:48,7.2,6.37,74.19,156.62,13686.0,0.0,0.0,0.0,0.0,0.0
07/03/2024,19:09:40,7.2,6.45,74.19,156.63,13795.0,0.0,0.0,0.0,0.0,0.0
07/03/2024,19:14:32,7.21,6.45,74.16,156.63,14012.0,0.0,0.0,0.0,0.0,0.0
07/03/2024,19:19:25,7.2,6.45,74.05,156.65,14012.0,0.0,0.0,0.0,0.0,0.0
07/03/2024,19:24:17,7.2,6.51,74.1,156.64,13686.0,0.0,0.0,0.0,0.0,0.0
07/03/2024,19:29:09,7.2,6.53,74.05,156.63,14120.0,0.0,0.0,0.0,0.0,0.0
07/03/2024,19:34:02,7.2,6.51,73.99,156.63,14446.0,0.0,0.0,0.0,0.0,0.0
07/03/2024,19:38:54,7.2,6.44,73.96,156.64,14120.0,0.0,0.0,0.0,0.0,0.0
07/03/2024,19:43:46,7.2,6.49,73.96,156.63,14229.0,0.0,0.0,0.0,0.0,0.0
07/03/2024,19:48:38,7.2,6.41,73.96,156.62,14446.0,0.0,0.0,0.0,0.0,0.0
07/03/2024,19:53:30,7.19,6.51,73.9,156.61,13903.0,0.0,0.0,0.0,0.0,0.0
07/03/2024,19:58:22,7.19,6.47,73.85,156.61,14120.0,0.0,0.0,0.0,0.0,0.0
07/03/2024,20:03:15,7.19,6.45,73.85,156.64,13903.0,0.0,0.0,0.0,0.0,0.0
07/03/2024,20:08:07,7.19,6.4,73.81,156.69,14120.0,0.0,0.0,0.0,0.0,0.0
07/03/2024,20:13:00,7.19,6.49,73.81,156.72,14229.0,0.0,0.0,0.0,0.0,0.0
08/03/2024,12:29:53,,,,,,,,,,
08/03/2024,12:29:59,7.97,7.42,71.44,215.92,234.0,24.0,0.0,0.0,0.0,0.0
08/03/2024,12:30:06,7.96,7.42,71.44,216.16,126.0,25.0,0.0,0.0,0.0,0.0
08/03/2024,12:30:12,7.97,7.42,71.44,215.98,17.0,25.0,0.0,0.0,0.0,0.0
08/03/2024,12:30:18,7.97,7.42,71.44,215.85,234.0,25.0,0.0,0.0,0.0,0.0
08/03/2024,12:30:25,7.97,7.42,71.44,215.81,343.0,25.0,0.0,0.0,0.0,0.0
08/03/2024,12:30:32,7.96,7.42,71.44,215.85,-200.0,25.0,0.0,0.0,0.0,0.0
08/03/2024,12:30:38,7.96,7.42,71.44,215.93,-91.0,25.0,0.0,0.0,0.0,0.0
08/03/2024,12:30:45,7.97,7.43,71.44,216.08,17.0,25.0,0.0,0.0,0.0,0.0
08/03/2024,12:30:51,7.96,7.43,71.44,216.03,-200.0,25.0,0.0,0.0,0.0,0.0
08/03/2024,12:30:58,7.97,7.42,71.44,215.81,-200.0,25.0,0.0,0.0,0.0,0.0
08/03/2024,12:31:05,7.96,7.43,71.44,215.8,126.0,25.0,0.0,0.0,0.0,0.0
08/03/2024,12:31:11,7.96,7.43,71.44,215.96,-91.0,25.0,0.0,0.0,0.0,0.0
08/03/2024,12:31:18,7.96,7.43,71.44,211.55,17.0,25.0,0.0,0.0,0.0,0.0
08/03/2024,12:31:24,7.97,7.42,71.44,216.06,451.0,25.0,0.0,0.0,0.0,0.0
08/03/2024,12:31:31,7.96,7.42,71.44,215.79,-742.0,25.0,0.0,0.0,0.0,0.0
08/03/2024,12:31:38,7.97,7.42,71.44,216.08,-91.0,25.0,0.0,0.0,0.0,0.0
08/03/2024,12:31:44,7.96,7.42,71.44,216.14,17.0,25.0,0.0,0.0,0.0,0.0
08/03/2024,12:31:51,7.98,7.42,71.44,215.8,451.0,25.0,0.0,0.0,0.0,0.0
08/03/2024,12:31:57,7.96,7.42,71.44,216.12,234.0,25.0,0.0,0.0,0.0,0.0
08/03/2024,12:32:03,7.96,7.42,71.44,215.88,-200.0,25.0,0.0,0.0,0.0,0.0
08/03/2024,12:32:11,7.97,7.42,71.44,216.27,17.0,25.0,0.0,0.0,0.0,0.0
08/03/2024,12:32:17,7.97,7.42,71.44,216.26,-525.0,25.0,0.0,0.0,0.0,0.0
08/03/2024,12:32:24,7.96,7.42,71.44,216.05,-634.0,25.0,0.0,0.0,0.0,0.0
08/03/2024,12:32:30,7.96,7.42,71.44,216.11,234.0,25.0,0.0,0.0,0.0,0.0
08/03/2024,12:32:36,7.96,7.42,71.44,216.14,1211.0,25.0,0.0,0.0,0.0,0.0
08/03/2024,12:32:44,7.97,7.42,71.44,216.05,1211.0,25.0,0.0,0.0,0.0,0.0
08/03/2024,12:32:50,7.96,7.42,71.44,215.88,1644.0,25.0,0.0,0.0,0.0,0.0
08/03/2024,12:32:57,7.97,7.42,71.44,215.78,1644.0,25.0,0.0,0.0,0.0,0.0
08/03/2024,12:33:03,7.97,7.42,71.44,215.94,885.0,25.0,0.0,0.0,0.0,0.0
08/03/2024,12:33:09,7.96,7.42,71.44,215.93,560.0,25.0,0.0,0.0,0.0,0.0
08/03/2024,12:33:16,7.97,7.42,71.44,215.87,1427.0,25.0,0.0,0.0,0.0,0.0
08/03/2024,12:33:23,7.97,7.42,71.44,216.13,1753.0,25.0,0.0,0.0,0.0,0.0
08/03/2024,12:33:30,7.97,7.42,71.44,215.93,1536.0,25.0,0.0,0.0,0.0,0.0
08/03/2024,12:33:36,7.96,7.42,71.44,216.08,1644.0,25.0,0.0,0.0,0.0,0.0
08/03/2024,12:33:42,7.96,7.42,71.44,215.95,2078.0,25.0,0.0,0.0,0.0,0.0
08/03/2024,12:33:49,7.96,7.42,71.44,215.76,1970.0,25.0,0.0,0.0,0.0,0.0
08/03/2024,12:33:56,7.97,7.42,71.44,215.99,1644.0,25.0,0.0,0.0,0.0,0.0
08/03/2024,12:34:02,7.96,7.42,71.44,215.93,1644.0,25.0,0.0,0.0,0.0,0.0
08/03/2024,12:34:09,7.96,7.42,71.44,216.01,2078.0,25.0,0.0,0.0,0.0,0.0
08/03/2024,12:34:15,7.96,7.42,71.44,215.63,2187.0,25.0,0.0,0.0,0.0,0.0
08/03/2024,12:34:22,7.96,7.42,71.44,216.03,2512.0,25.0,0.0,0.0,0.0,0.0
08/03/2024,12:34:29,7.96,7.42,71.44,216.0,2621.0,25.0,0.0,0.0,0.0,0.0
08/03/2024,12:34:35,7.96,7.42,71.44,215.86,2404.0,25.0,0.0,0.0,0.0,0.0
08/03/2024,12:34:42,7.96,7.42,71.44,215.93,2729.0,25.0,0.0,0.0,0.0,0.0
08/03/2024,12:34:48,7.96,7.42,71.44,216.12,2512.0,25.0,0.0,0.0,0.0,0.0
08/03/2024,12:34:55,7.96,7.42,71.44,215.87,2512.0,25.0,0.0,0.0,0.0,0.0
08/03/2024,12:35:02,7.96,7.42,71.44,215.99,2621.0,25.0,0.0,0.0,0.0,0.0
08/03/2024,12:35:08,7.96,7.42,71.44,215.91,2838.0,25.0,0.0,0.0,0.0,0.0
08/03/2024,12:35:15,7.96,7.43,71.44,215.89,3272.0,25.0,0.0,0.0,0.0,0.0
08/03/2024,12:35:21,7.95,7.43,71.44,216.06,2838.0,25.0,0.0,0.0,0.0,0.0
08/03/2024,12:35:28,7.97,7.43,71.44,215.87,3055.0,25.0,0.0,0.0,0.0,0.0
08/03/2024,12:35:35,7.95,7.43,71.44,215.94,3163.0,25.0,0.0,0.0,0.0,0.0
08/03/2024,12:35:41,7.95,7.43,71.44,215.75,2404.0,25.0,0.0,0.0,0.0,0.0
08/03/2024,12:35:48,7.95,7.43,71.44,215.73,3380.0,25.0,0.0,0.0,0.0,0.0
08/03/2024,12:35:54,7.95,7.43,71.44,215.86,2946.0,25.0,0.0,0.0,0.0,0.0
08/03/2024,12:36:00,7.96,7.43,71.44,216.02,3272.0,25.0,0.0,0.0,0.0,0.0
08/03/2024,12:36:07,7.95,7.42,71.44,215.99,3597.0,25.0,0.0,0.0,0.0,0.0
08/03/2024,12:36:14,7.95,7.42,71.44,216.05,3163.0,25.0,0.0,0.0,0.0,0.0
08/03/2024,12:36:21,7.94,7.42,71.44,215.84,3597.0,25.0,0.0,0.0,0.0,0.0
08/03/2024,12:36:27,7.95,7.42,71.44,215.76,3272.0,25.0,0.0,0.0,0.0,0.0
08/03/2024,12:36:33,7.94,7.42,71.44,215.63,3489.0,25.0,0.0,0.0,0.0,0.0
08/03/2024,12:36:40,7.94,7.41,71.44,215.95,3380.0,25.0,0.0,0.0,0.0,0.0
08/03/2024,12:36:47,7.94,7.41,71.44,215.7,3272.0,25.0,0.0,0.0,0.0,0.0
08/03/2024,12:36:54,7.94,7.41,71.44,211.51,4140.0,25.0,0.0,0.0,0.0,0.0
08/03/2024,12:37:00,7.93,7.41,71.44,211.51,2838.0,25.0,0.0,0.0,0.0,0.0
08/03/2024,12:37:06,7.94,7.41,71.44,211.47,3706.0,25.0,0.0,0.0,0.0,0.0
08/03/2024,12:37:13,7.93,7.41,71.44,215.64,3380.0,25.0,0.0,0.0,0.0,0.0
08/03/2024,12:37:20,7.93,7.41,71.44,215.72,3706.0,25.0,0.0,0.0,0.0,0.0
08/03/2024,12:37:26,7.93,7.41,71.44,215.8,4899.0,25.0,0.0,0.0,0.0,0.0
08/03/2024,12:37:33,7.93,7.4,71.44,215.94,5007.0,25.0,0.0,0.0,0.0,0.0
08/03/2024,12:37:39,7.93,7.41,71.44,215.84,3814.0,25.0,0.0,0.0,0.0,0.0
08/03/2024,12:37:46,7.92,7.41,71.44,215.91,4682.0,25.0,0.0,0.0,0.0,0.0
08/03/2024,12:37:53,7.92,7.41,71.44,215.85,4140.0,25.0,0.0,0.0,0.0,0.0
08/03/2024,12:37:59,7.92,7.41,71.44,216.1,4140.0,25.0,0.0,0.0,0.0,0.0
08/03/2024,12:38:06,7.92,7.41,71.44,215.91,3597.0,25.0,0.0,0.0,0.0,0.0
08/03/2024,12:38:12,7.91,7.41,71.44,215.94,4248.0,25.0,0.0,0.0,0.0,0.0
08/03/2024,12:38:18,7.91,7.41,71.44,215.94,4357.0,25.0,0.0,0.0,0.0,0.0
08/03/2024,12:38:26,7.91,7.41,71.44,216.0,4031.0,25.0,0.0,0.0,0.0,0.0
08/03/2024,12:38:32,7.91,7.41,71.44,216.02,3597.0,25.0,0.0,0.0,0.0,0.0
08/03/2024,12:38:39,7.9,7.41,71.44,216.05,4465.0,25.0,0.0,0.0,0.0,0.0
08/03/2024,12:38:45,7.9,7.41,71.44,215.87,4357.0,25.0,0.0,0.0,0.0,0.0
08/03/2024,12:38:51,7.9,7.41,71.44,215.91,3923.0,25.0,0.0,0.0,0.0,0.0
08/03/2024,12:38:59,7.89,7.41,71.44,215.84,3706.0,25.0,0.0,0.0,0.0,0.0
08/03/2024,12:39:05,7.91,7.41,71.44,215.75,4140.0,25.0,0.0,0.0,0.0,0.0
08/03/2024,12:39:12,7.89,7.41,71.44,215.97,4574.0,25.0,0.0,0.0,0.0,0.0
08/03/2024,12:39:18,7.89,7.4,71.44,215.94,4031.0,25.0,0.0,0.0,0.0,0.0
08/03/2024,12:39:24,7.89,7.41,71.44,215.86,4465.0,25.0,0.0,0.0,0.0,0.0
08/03/2024,12:39:31,7.87,7.4,71.44,215.71,4357.0,25.0,0.0,0.0,0.0,0.0
08/03/2024,12:39:38,7.88,7.4,71.44,215.88,4574.0,25.0,0.0,0.0,0.0,0.0
08/03/2024,12:39:45,7.88,7.4,71.44,216.02,4248.0,25.0,0.0,0.0,0.0,0.0
08/03/2024,12:39:51,7.87,7.4,71.44,215.84,4574.0,25.0,0.0,0.0,0.0,0.0
08/03/2024,12:39:57,7.87,7.4,71.44,215.91,4899.0,25.0,0.0,0.0,0.0,0.0
08/03/2024,12:40:04,7.87,7.4,71.44,215.85,4140.0,25.0,0.0,0.0,0.0,0.0
08/03/2024,12:40:11,7.87,7.4,71.44,215.89,4682.0,25.0,0.0,0.0,0.0,0.0
08/03/2024,12:40:18,7.87,7.4,71.44,215.85,4248.0,25.0,0.0,0.0,0.0,0.0
08/03/2024,12:40:24,7.87,7.4,71.44,216.03,4574.0,25.0,0.0,0.0,0.0,0.0
08/03/2024,12:40:30,7.86,7.39,71.44,216.02,4574.0,25.0,0.0,0.0,0.0,0.0
08/03/2024,12:40:37,7.86,7.39,71.44,215.87,4574.0,25.0,0.0,0.0,0.0,0.0
08/03/2024,12:40:44,7.85,7.4,71.44,215.94,4682.0,25.0,0.0,0.0,0.0,0.0
08/03/2024,12:40:50,7.85,7.39,71.44,215.84,4248.0,25.0,0.0,0.0,0.0,0.0
08/03/2024,12:40:57,7.85,7.39,71.44,215.68,4899.0,25.0,0.0,0.0,0.0,0.0
08/03/2024,12:41:03,7.85,7.4,71.44,216.19,4791.0,25.0,0.0,0.0,0.0,0.0
08/03/2024,12:41:10,7.84,7.4,71.44,215.98,4248.0,25.0,0.0,0.0,0.0,0.0
08/03/2024,12:41:17,7.84,7.4,71.44,216.17,4248.0,25.0,0.0,0.0,0.0,0.0
08/03/2024,12:41:23,7.84,7.39,71.44,216.06,4682.0,25.0,0.0,0.0,0.0,0.0
08/03/2024,12:41:30,7.82,7.39,71.44,215.72,4574.0,25.0,0.0,0.0,0.0,0.0
08/03/2024,12:41:36,7.83,7.39,71.44,215.86,4465.0,25.0,0.0,0.0,0.0,0.0
08/03/2024,12:41:42,7.83,7.39,71.44,215.83,3923.0,25.0,0.0,0.0,0.0,0.0
08/03/2024,12:41:50,7.82,7.38,71.44,215.81,4248.0,25.0,0.0,0.0,0.0,0.0
08/03/2024,12:41:56,7.83,7.38,71.44,216.29,4682.0,25.0,0.0,0.0,0.0,0.0
08/03/2024,12:42:03,7.82,7.38,71.44,215.93,4357.0,25.0,0.0,0.0,0.0,0.0
08/03/2024,12:42:09,7.81,7.38,71.44,215.91,4574.0,25.0,0.0,0.0,0.0,0.0
08/03/2024,12:42:15,7.81,7.38,71.44,215.93,4899.0,25.0,0.0,0.0,0.0,0.0
08/03/2024,12:42:22,7.81,7.38,71.44,215.81,4899.0,25.0,0.0,0.0,0.0,0.0
08/03/2024,12:42:29,7.8,7.38,71.44,216.1,4465.0,25.0,0.0,0.0,0.0,0.0
08/03/2024,12:42:36,7.8,7.37,71.44,216.09,4791.0,25.0,0.0,0.0,0.0,0.0
08/03/2024,12:42:42,7.8,7.37,71.44,215.83,4682.0,25.0,0.0,0.0,0.0,0.0
08/03/2024,12:42:48,7.79,7.37,71.47,216.2,5007.0,25.0,0.0,0.0,0.0,0.0
08/03/2024,12:42:55,7.79,7.37,71.47,216.17,4574.0,25.0,0.0,0.0,0.0,0.0
08/03/2024,12:43:02,7.79,7.36,71.47,216.1,4248.0,25.0,0.0,0.0,0.0,0.0
08/03/2024,12:43:09,7.78,7.36,71.47,216.04,4682.0,25.0,0.0,0.0,0.0,0.0
08/03/2024,12:43:15,7.78,7.36,71.47,215.93,4574.0,25.0,0.0,0.0,0.0,0.0
08/03/2024,12:43:21,7.78,7.37,71.47,215.79,5441.0,25.0,0.0,0.0,0.0,0.0
08/03/2024,12:43:28,7.78,7.36,71.47,215.79,5007.0,25.0,0.0,0.0,0.0,0.0
08/03/2024,12:43:35,7.77,7.36,71.47,215.98,4357.0,25.0,0.0,0.0,0.0,0.0
08/03/2024,12:43:41,7.77,7.36,71.47,215.94,5116.0,25.0,0.0,0.0,0.0,0.0
08/03/2024,12:43:48,7.77,7.36,71.47,215.95,5116.0,25.0,0.0,0.0,0.0,0.0
08/03/2024,12:43:54,7.76,7.36,71.47,215.68,5333.0,25.0,0.0,0.0,0.0,0.0
08/03/2024,12:44:01,7.76,7.36,71.47,215.84,4791.0,25.0,0.0,0.0,0.0,0.0
08/03/2024,12:44:08,7.76,7.36,71.47,215.88,4899.0,25.0,0.0,0.0,0.0,0.0
08/03/2024,12:44:14,7.76,7.36,71.47,215.96,5007.0,25.0,0.0,0.0,0.0,0.0
08/03/2024,12:44:21,7.75,7.36,71.47,216.07,5116.0,25.0,0.0,0.0,0.0,0.0
08/03/2024,12:44:27,7.75,7.36,71.47,215.97,5116.0,25.0,0.0,0.0,0.0,0.0
08/03/2024,12:44:34,7.74,7.37,71.47,216.11,4465.0,25.0,0.0,0.0,0.0,0.0
08/03/2024,12:44:41,7.74,7.36,71.47,215.87,5116.0,25.0,0.0,0.0,0.0,0.0
08/03/2024,12:44:47,7.74,7.36,71.47,215.92,5007.0,25.0,0.0,0.0,0.0,0.0
08/03/2024,12:44:54,7.74,7.36,71.47,216.15,5007.0,25.0,0.0,0.0,0.0,0.0
08/03/2024,12:45:00,7.73,7.36,71.47,216.11,5007.0,25.0,0.0,0.0,0.0,0.0
08/03/2024,12:45:06,7.73,7.36,71.47,216.03,5224.0,25.0,0.0,0.0,0.0,0.0
08/03/2024,12:45:13,7.73,7.36,71.47,215.97,4574.0,25.0,0.0,0.0,0.0,0.0
08/03/2024,12:45:20,7.72,7.35,71.47,216.08,5116.0,25.0,0.0,0.0,0.0,0.0
08/03/2024,12:45:27,7.72,7.36,71.47,215.96,4682.0,25.0,0.0,0.0,0.0,0.0
08/03/2024,12:45:33,7.72,7.35,71.47,216.12,5224.0,25.0,0.0,0.0,0.0,0.0
08/03/2024,12:45:39,7.72,7.35,71.47,215.98,4682.0,25.0,0.0,0.0,0.0,0.0
08/03/2024,12:45:46,7.71,7.35,71.47,215.96,5333.0,25.0,0.0,0.0,0.0,0.0
08/03/2024,12:45:53,7.71,7.35,71.47,215.99,5333.0,25.0,0.0,0.0,0.0,0.0
08/03/2024,12:46:00,7.71,7.35,71.47,216.15,4899.0,25.0,0.0,0.0,0.0,0.0
08/03/2024,12:46:06,7.7,7.35,71.47,216.17,4791.0,25.0,0.0,0.0,0.0,0.0
08/03/2024,12:46:12,7.7,7.36,71.47,216.17,4682.0,25.0,0.0,0.0,0.0,0.0
08/03/2024,12:46:19,7.7,7.36,71.47,216.0,4682.0,25.0,0.0,0.0,0.0,0.0
08/03/2024,12:46:26,7.7,7.36,71.47,216.11,5333.0,25.0,0.0,0.0,0.0,0.0
08/03/2024,12:46:32,7.69,7.36,71.47,215.98,5224.0,25.0,0.0,0.0,0.0,0.0
08/03/2024,12:46:39,7.69,7.35,71.47,216.08,5116.0,25.0,0.0,0.0,0.0,0.0
08/03/2024,12:46:45,7.68,7.36,71.47,215.94,5116.0,25.0,0.0,0.0,0.0,0.0
08/03/2024,12:46:52,7.68,7.36,71.47,215.85,5224.0,25.0,0.0,0.0,0.0,0.0
08/03/2024,12:46:59,7.68,7.35,71.53,216.26,5224.0,25.0,0.0,0.0,0.0,0.0
08/03/2024,12:47:05,7.68,7.36,71.53,215.79,5224.0,25.0,0.0,0.0,0.0,0.0
08/03/2024,12:47:12,7.68,7.36,71.53,215.95,5007.0,25.0,0.0,0.0,0.0,0.0
08/03/2024,12:47:18,7.67,7.35,71.53,216.24,5333.0,25.0,0.0,0.0,0.0,0.0
08/03/2024,12:47:24,7.67,7.35,71.53,216.16,5224.0,25.0,0.0,0.0,0.0,0.0
08/03/2024,12:47:32,7.66,7.35,71.53,215.91,5333.0,25.0,0.0,0.0,0.0,0.0
08/03/2024,12:47:38,7.66,7.35,71.53,216.06,5007.0,25.0,0.0,0.0,0.0,0.0
08/03/2024,12:47:45,7.65,7.34,71.53,215.99,5007.0,25.0,0.0,0.0,0.0,0.0
08/03/2024,12:47:51,7.65,7.34,71.53,215.89,5224.0,25.0,0.0,0.0,0.0,0.0
08/03/2024,12:47:57,7.65,7.34,71.53,216.01,5007.0,25.0,0.0,0.0,0.0,0.0
08/03/2024,12:48:05,7.64,7.34,71.53,215.92,5007.0,25.0,0.0,0.0,0.0,0.0
08/03/2024,12:48:11,7.65,7.34,71.53,216.23,5007.0,25.0,0.0,0.0,0.0,0.0
08/03/2024,12:48:18,7.64,7.33,71.53,216.08,5333.0,25.0,0.0,0.0,0.0,0.0
08/03/2024,12:48:24,7.64,7.33,71.53,216.1,5658.0,25.0,0.0,0.0,0.0,0.0
08/03/2024,12:48:30,7.64,7.33,71.53,216.1,4574.0,25.0,0.0,0.0,0.0,0.0
08/03/2024,12:48:37,7.63,7.33,71.53,215.77,5224.0,25.0,0.0,0.0,0.0,0.0
08/03/2024,12:48:44,7.63,7.33,71.53,215.73,5116.0,25.0,0.0,0.0,0.0,0.0
08/03/2024,12:48:50,7.62,7.33,71.53,216.06,5116.0,25.0,0.0,0.0,0.0,0.0
08/03/2024,12:48:57,7.62,7.33,71.53,215.72,5441.0,25.0,0.0,0.0,0.0,0.0
08/03/2024,12:49:03,7.62,7.33,71.53,216.14,5116.0,25.0,0.0,0.0,0.0,0.0
08/03/2024,12:49:10,7.61,7.33,71.53,215.97,5441.0,25.0,0.0,0.0,0.0,0.0
08/03/2024,12:49:17,7.61,7.33,71.53,215.85,4899.0,25.0,0.0,0.0,0.0,0.0
08/03/2024,12:49:23,7.61,7.33,71.53,216.14,5224.0,25.0,0.0,0.0,0.0,0.0
08/03/2024,12:49:30,7.61,7.33,71.53,215.85,5224.0,25.0,0.0,0.0,0.0,0.0
08/03/2024,12:49:36,7.6,7.33,71.53,215.95,4682.0,25.0,0.0,0.0,0.0,0.0
08/03/2024,12:49:42,7.6,7.33,71.53,216.12,5116.0,25.0,0.0,0.0,0.0,0.0
08/03/2024,12:49:50,7.6,7.33,71.53,216.13,5441.0,25.0,0.0,0.0,0.0,0.0
08/03/2024,12:49:56,7.59,7.33,71.53,215.87,5658.0,25.0,0.0,0.0,0.0,0.0
08/03/2024,12:50:03,7.59,7.33,71.53,216.12,5658.0,25.0,0.0,0.0,0.0,0.0
08/03/2024,12:50:09,7.59,7.33,71.53,216.32,5550.0,25.0,0.0,0.0,0.0,0.0
08/03/2024,12:50:15,7.58,7.33,71.53,215.86,4791.0,25.0,0.0,0.0,0.0,0.0
08/03/2024,12:50:23,7.6,7.33,71.53,215.96,5116.0,25.0,0.0,0.0,0.0,0.0
08/03/2024,12:50:29,7.58,7.33,71.53,216.03,5550.0,25.0,0.0,0.0,0.0,0.0
08/03/2024,12:50:36,7.58,7.33,71.53,215.83,5116.0,25.0,0.0,0.0,0.0,0.0
08/03/2024,12:50:42,7.57,7.33,71.53,215.95,5767.0,25.0,0.0,0.0,0.0,0.0
08/03/2024,12:50:48,7.57,7.33,71.58,216.2,5333.0,25.0,0.0,0.0,0.0,0.0
08/03/2024,12:50:56,7.57,7.33,71.58,215.9,5550.0,25.0,0.0,0.0,0.0,0.0
08/03/2024,12:51:02,7.56,7.33,71.58,215.79,4791.0,25.0,0.0,0.0,0.0,0.0
08/03/2024,12:51:09,7.56,7.33,71.58,215.55,5333.0,25.0,0.0,0.0,0.0,0.0
08/03/2024,12:51:15,7.56,7.33,71.58,215.84,5658.0,25.0,0.0,0.0,0.0,0.0
08/03/2024,12:51:21,7.55,7.33,71.58,216.07,5550.0,25.0,0.0,0.0,0.0,0.0
08/03/2024,12:51:28,7.55,7.33,71.58,215.98,5333.0,25.0,0.0,0.0,0.0,0.0
08/03/2024,12:51:35,7.55,7.33,71.58,215.94,5550.0,25.0,0.0,0.0,0.0,0.0
08/03/2024,12:51:41,7.55,7.33,71.58,215.93,5658.0,25.0,0.0,0.0,0.0,0.0
08/03/2024,12:51:48,7.54,7.33,71.58,215.85,5767.0,25.0,0.0,0.0,0.0,0.0
08/03/2024,12:51:54,7.54,7.34,71.58,215.87,5767.0,25.0,0.0,0.0,0.0,0.0
08/03/2024,12:52:01,7.53,7.34,71.58,215.84,5658.0,25.0,0.0,0.0,0.0,0.0
08/03/2024,12:52:08,7.53,7.34,71.58,215.65,5007.0,25.0,0.0,0.0,0.0,0.0
08/03/2024,12:52:14,7.53,7.34,71.58,216.16,4791.0,25.0,0.0,0.0,0.0,0.0
08/03/2024,12:52:21,7.53,7.34,71.58,215.81,5984.0,25.0,0.0,0.0,0.0,0.0
08/03/2024,12:52:27,7.52,7.34,71.58,215.87,5224.0,25.0,0.0,0.0,0.0,0.0
08/03/2024,12:52:33,7.52,7.34,71.58,215.88,5875.0,25.0,0.0,0.0,0.0,0.0
08/03/2024,12:52:41,7.51,7.34,71.58,215.69,5441.0,25.0,0.0,0.0,0.0,0.0
08/03/2024,12:52:47,7.51,7.34,71.58,215.92,5007.0,25.0,0.0,0.0,0.0,0.0
08/03/2024,12:52:54,7.51,7.34,71.58,215.98,5658.0,25.0,0.0,0.0,0.0,0.0
08/03/2024,12:53:00,7.51,7.34,71.58,215.77,5767.0,25.0,0.0,0.0,0.0,0.0
08/03/2024,12:53:06,7.51,7.34,71.58,215.97,5875.0,25.0,0.0,0.0,0.0,0.0
08/03/2024,12:53:14,7.5,7.34,71.58,215.91,5658.0,25.0,0.0,0.0,0.0,0.0
08/03/2024,12:53:20,7.5,7.34,71.58,215.97,5767.0,25.0,0.0,0.0,0.0,0.0
08/03/2024,12:53:27,7.49,7.34,71.58,215.81,5875.0,25.0,0.0,0.0,0.0,0.0
08/03/2024,12:53:33,7.49,7.34,71.58,215.99,5007.0,25.0,0.0,0.0,0.0,0.0
08/03/2024,12:53:39,7.49,7.34,71.58,215.79,5333.0,25.0,0.0,0.0,0.0,0.0
08/03/2024,12:53:47,7.49,7.34,71.58,215.78,5875.0,25.0,0.0,0.0,0.0,0.0
08/03/2024,12:53:53,7.48,7.34,71.58,216.1,5984.0,25.0,0.0,0.0,0.0,0.0
08/03/2024,12:53:59,7.49,7.34,71.62,215.73,5333.0,25.0,0.0,0.0,0.0,0.0
08/03/2024,12:54:06,7.48,7.34,71.62,216.05,5224.0,25.0,0.0,0.0,0.0,0.0
08/03/2024,12:54:12,7.47,7.34,71.62,215.9,6201.0,25.0,0.0,0.0,0.0,0.0
08/03/2024,12:54:19,7.47,7.34,71.62,215.82,5875.0,25.0,0.0,0.0,0.0,0.0
08/03/2024,12:54:26,7.47,7.34,71.62,215.71,5875.0,25.0,0.0,0.0,0.0,0.0
08/03/2024,12:54:32,7.47,7.34,71.62,215.89,5984.0,25.0,0.0,0.0,0.0,0.0
08/03/2024,12:54:39,7.46,7.33,71.62,216.15,5658.0,25.0,0.0,0.0,0.0,0.0
08/03/2024,12:54:45,7.46,7.33,71.62,216.07,5767.0,25.0,0.0,0.0,0.0,0.0
08/03/2024,12:54:52,7.45,7.34,71.62,215.92,5116.0,25.0,0.0,0.0,0.0,0.0
08/03/2024,12:54:59,7.45,7.34,71.62,216.05,5441.0,25.0,0.0,0.0,0.0,0.0
08/03/2024,12:55:05,7.45,7.34,71.62,216.03,5441.0,25.0,0.0,0.0,0.0,0.0
08/03/2024,12:55:12,7.45,7.33,71.62,215.85,5767.0,25.0,0.0,0.0,0.0,0.0
08/03/2024,12:55:18,7.44,7.33,71.62,216.09,5116.0,25.0,0.0,0.0,0.0,0.0
08/03/2024,12:55:24,7.44,7.33,71.62,215.89,5658.0,25.0,0.0,0.0,0.0,0.0
08/03/2024,12:55:32,7.43,7.33,71.62,215.98,5658.0,25.0,0.0,0.0,0.0,0.0
08/03/2024,12:55:38,7.43,7.33,71.62,216.01,5007.0,25.0,0.0,0.0,0.0,0.0
08/03/2024,12:55:45,7.43,7.33,71.62,215.96,6309.0,25.0,0.0,0.0,0.0,0.0
08/03/2024,12:55:51,7.43,7.33,71.62,215.71,5767.0,25.0,0.0,0.0,0.0,0.0
08/03/2024,12:55:57,7.43,7.33,71.62,216.03,5984.0,25.0,0.0,0.0,0.0,0.0
08/03/2024,12:56:05,7.42,7.33,71.62,216.01,5550.0,25.0,0.0,0.0,0.0,0.0
08/03/2024,12:56:11,7.42,7.33,71.62,215.85,5984.0,25.0,0.0,0.0,0.0,0.0
08/03/2024,12:56:18,7.42,7.33,71.62,215.92,6201.0,25.0,0.0,0.0,0.0,0.0
08/03/2024,12:56:24,7.41,7.33,71.67,215.9,6201.0,25.0,0.0,0.0,0.0,0.0
08/03/2024,12:56:30,7.41,7.32,71.67,215.87,5441.0,25.0,0.0,0.0,0.0,0.0
08/03/2024,12:56:38,7.41,7.32,71.67,216.13,6309.0,25.0,0.0,0.0,0.0,0.0
08/03/2024,12:56:44,7.4,7.33,71.67,216.08,5441.0,25.0,0.0,0.0,0.0,0.0
08/03/2024,12:56:50,7.4,7.33,71.67,215.87,5658.0,25.0,0.0,0.0,0.0,0.0
08/03/2024,12:56:57,7.4,7.33,71.67,215.83,6092.0,25.0,0.0,0.0,0.0,0.0
08/03/2024,12:57:03,7.39,7.33,71.67,215.97,6201.0,25.0,0.0,0.0,0.0,0.0
08/03/2024,12:57:11,7.39,7.33,71.67,216.12,6092.0,25.0,0.0,0.0,0.0,0.0
09/03/2024,00:00:00,10.91,7.99,20.75,9.99,15097.0,15.0,0.0,0.0,0.0,0.0
09/03/2024,00:05:46,10.91,7.98,20.75,9.99,14554.0,15.0,0.0,0.0,0.0,0.0
09/03/2024,00:11:33,10.91,7.99,20.72,9.99,14663.0,15.0,0.0,0.0,0.0,0.0
09/03/2024,00:17:21,10.91,8.01,20.72,9.99,14663.0,15.0,0.0,0.0,0.0,0.0
09/03/2024,00:23:07,10.91,8.01,20.72,9.99,14446.0,15.0,0.0,0.0,0.0,0.0
09/03/2024,00:28:55,10.91,8.0,20.69,9.99,14337.0,15.0,0.0,0.0,0.0,0.0
09/03/2024,00:34:41,10.92,8.0,20.69,9.99,14554.0,15.0,0.0,0.0,0.0,0.0
09/03/2024,00:40:28,10.92,8.01,20.69,9.99,14771.0,15.0,0.0,0.0,0.0,0.0
09/03/2024,00:46:15,10.92,8.01,20.69,9.99,14988.0,15.0,0.0,0.0,0.0,0.0
09/03/2024,00:52:02,10.92,8.01,20.69,9.99,14771.0,15.0,0.0,0.0,0.0,0.0
09/03/2024,00:57:50,10.92,8.01,20.69,9.99,14663.0,15.0,0.0,0.0,0.0,0.0
09/03/2024,01:03:36,10.92,8.03,20.69,9.99,14446.0,15.0,0.0,0.0,0.0,0.0
09/03/2024,01:09:23,10.92,8.01,20.69,9.99,14771.0,15.0,0.0,0.0,0.0,0.0
09/03/2024,01:15:10,10.92,8.0,20.69,9.99,14663.0,15.0,0.0,0.0,0.0,0.0
09/03/2024,01:20:57,10.92,8.0,20.69,9.99,14663.0,15.0,0.0,0.0,0.0,0.0
09/03/2024,01:26:44,10.92,8.01,20.69,9.99,14663.0,15.0,0.0,0.0,0.0,0.0
09/03/2024,01:32:31,10.92,8.01,20.69,9.99,15097.0,15.0,0.0,0.0,0.0,0.0
09/03/2024,01:38:18,10.91,8.02,20.69,9.99,14880.0,15.0,0.0,0.0,0.0,0.0
09/03/2024,01:44:05,10.92,8.02,20.69,9.99,15097.0,15.0,0.0,0.0,0.0,0.0
09/03/2024,01:49:52,10.91,8.02,20.69,9.99,14880.0,15.0,0.0,0.0,0.0,0.0
09/03/2024,01:55:39,10.91,8.01,20.69,9.99,14880.0,15.0,0.0,0.0,0.0,0.0
09/03/2024,02:01:26,10.92,8.04,20.69,9.99,14988.0,15.0,0.0,0.0,0.0,0.0
09/03/2024,02:07:13,10.93,8.01,20.69,9.99,15097.0,15.0,0.0,0.0,0.0,0.0
09/03/2024,02:13:00,10.91,8.02,20.69,9.99,15205.0,15.0,0.0,0.0,0.0,0.0
09/03/2024,02:18:47,10.92,8.05,20.69,9.99,14880.0,15.0,0.0,0.0,0.0,0.0
09/03/2024,02:24:34,10.92,8.02,20.69,9.99,14554.0,15.0,0.0,0.0,0.0,0.0
09/03/2024,02:30:21,10.91,8.03,20.69,9.99,14988.0,15.0,0.0,0.0,0.0,0.0
09/03/2024,02:36:07,10.91,8.03,20.69,9.99,14771.0,15.0,0.0,0.0,0.0,0.0
09/03/2024,02:41:55,10.91,8.03,20.69,9.99,14554.0,15.0,0.0,0.0,0.0,0.0
09/03/2024,02:47:42,10.91,8.01,20.69,9.99,15097.0,15.0,0.0,0.0,0.0,0.0
09/03/2024,02:53:29,10.92,8.04,20.69,9.99,14880.0,15.0,0.0,0.0,0.0,0.0
09/03/2024,02:59:16,10.93,8.03,20.69,9.99,14880.0,15.0,0.0,0.0,0.0,0.0
09/03/2024,03:05:02,10.92,8.03,20.69,9.99,14663.0,15.0,0.0,0.0,0.0,0.0
09/03/2024,03:10:50,10.91,8.05,20.69,9.99,14988.0,15.0,0.0,0.0,0.0,0.0
09/03/2024,03:16:36,10.92,8.04,20.69,9.99,14988.0,15.0,0.0,0.0,0.0,0.0
09/03/2024,03:22:24,10.91,8.03,20.69,9.99,14446.0,15.0,0.0,0.0,0.0,0.0
09/03/2024,03:28:11,10.91,8.02,20.69,9.99,14663.0,15.0,0.0,0.0,0.0,0.0
09/03/2024,03:33:57,10.92,8.03,20.69,9.99,14229.0,15.0,0.0,0.0,0.0,0.0
09/03/2024,03:39:45,10.91,8.04,20.69,9.99,14554.0,15.0,0.0,0.0,0.0,0.0
09/03/2024,03:45:31,10.92,8.05,20.69,9.99,15205.0,15.0,0.0,0.0,0.0,0.0
09/03/2024,03:51:19,10.91,8.04,20.69,9.99,14663.0,15.0,0.0,0.0,0.0,0.0
09/03/2024,03:57:05,10.91,8.02,20.69,9.99,14663.0,15.0,0.0,0.0,0.0,0.0
09/03/2024,04:02:52,10.91,8.05,20.69,9.99,14988.0,15.0,0.0,0.0,0.0,0.0
09/03/2024,04:08:40,10.91,8.03,20.69,9.99,14771.0,15.0,0.0,0.0,0.0,0.0
09/03/2024,04:14:26,10.91,8.06,20.69,9.99,14554.0,15.0,0.0,0.0,0.0,0.0
09/03/2024,04:20:14,10.91,8.04,20.69,9.99,14880.0,15.0,0.0,0.0,0.0,0.0
09/03/2024,04:26:00,10.91,8.05,20.69,9.99,14771.0,15.0,0.0,0.0,0.0,0.0
09/03/2024,04:31:47,10.9,8.04,20.69,9.99,15097.0,15.0,0.0,0.0,0.0,0.0
09/03/2024,04:37:35,10.9,8.05,20.69,9.99,14771.0,15.0,0.0,0.0,0.0,0.0
09/03/2024,04:43:21,10.9,8.03,20.69,9.99,14880.0,15.0,0.0,0.0,0.0,0.0
09/03/2024,04:49:09,10.89,8.05,20.69,9.99,14988.0,15.0,0.0,0.0,0.0,0.0
09/03/2024,04:54:55,10.89,8.05,20.69,9.99,14880.0,15.0,0.0,0.0,0.0,0.0
09/03/2024,05:00:42,10.88,8.03,20.69,9.99,14771.0,15.0,0.0,0.0,0.0,0.0
09/03/2024,05:06:29,10.87,8.06,20.69,9.99,14663.0,15.0,0.0,0.0,0.0,0.0
09/03/2024,05:12:16,10.87,8.04,20.69,9.99,14988.0,15.0,0.0,0.0,0.0,0.0
09/03/2024,05:18:04,10.86,8.04,20.69,9.99,14880.0,15.0,0.0,0.0,0.0,0.0
09/03/2024,05:23:50,10.87,8.03,20.69,9.99,14988.0,15.0,0.0,0.0,0.0,0.0
09/03/2024,05:29:37,10.86,8.03,20.69,9.99,15205.0,15.0,0.0,0.0,0.0,0.0
09/03/2024,05:35:24,10.86,8.02,20.69,9.99,14880.0,15.0,0.0,0.0,0.0,0.0
09/03/2024,05:41:11,10.88,8.03,20.69,9.99,14663.0,15.0,0.0,0.0,0.0,0.0
09/03/2024,05:46:59,10.88,8.03,20.69,9.99,14880.0,15.0,0.0,0.0,0.0,0.0
09/03/2024,05:52:45,10.88,8.03,20.69,9.99,14554.0,15.0,0.0,0.0,0.0,0.0
09/03/2024,05:58:32,10.89,8.03,20.69,9.99,14771.0,15.0,0.0,0.0,0.0,0.0
09/03/2024,06:04:19,10.89,8.02,20.69,9.99,14880.0,15.0,0.0,0.0,0.0,0.0
09/03/2024,06:10:06,10.89,8.04,20.69,9.99,14880.0,15.0,0.0,0.0,0.0,0.0
09/03/2024,06:15:54,10.9,8.05,20.69,9.99,14554.0,15.0,0.0,0.0,0.0,0.0
09/03/2024,06:21:40,10.9,8.04,20.69,9.99,14880.0,15.0,0.0,0.0,0.0,0.0
09/03/2024,06:27:27,10.9,8.02,20.69,9.99,14663.0,15.0,0.0,0.0,0.0,0.0
09/03/2024,06:33:14,10.9,8.03,20.69,9.99,14554.0,15.0,0.0,0.0,0.0,0.0
09/03/2024,06:39:01,10.9,8.02,20.69,9.99,14446.0,15.0,0.0,0.0,0.0,0.0
09/03/2024,06:44:48,10.91,8.02,20.69,9.99,14880.0,15.0,0.0,0.0,0.0,0.0
09/03/2024,06:50:35,10.9,8.04,20.69,9.99,14229.0,15.0,0.0,0.0,0.0,0.0
09/03/2024,06:56:22,10.91,8.01,20.69,9.99,14446.0,15.0,0.0,0.0,0.0,0.0
09/03/2024,07:02:09,10.9,8.03,20.69,9.99,14446.0,15.0,0.0,0.0,0.0,0.0
09/03/2024,07:07:56,10.91,8.03,20.69,9.99,14663.0,15.0,0.0,0.0,0.0,0.0
09/03/2024,07:13:43,10.91,8.05,20.69,9.99,14337.0,15.0,0.0,0.0,0.0,0.0
09/03/2024,07:19:30,10.91,8.03,20.69,9.99,14880.0,15.0,0.0,0.0,0.0,0.0
09/03/2024,07:25:16,10.91,8.03,20.69,9.99,15097.0,15.0,0.0,0.0,0.0,0.0
09/03/2024,07:31:04,10.9,8.05,20.69,9.99,14446.0,15.0,0.0,0.0,0.0,0.0
09/03/2024,07:36:51,10.9,8.04,20.69,9.99,14663.0,15.0,0.0,0.0,0.0,0.0
09/03/2024,07:42:38,10.9,8.02,20.69,9.99,14771.0,15.0,0.0,0.0,0.0,0.0
09/03/2024,07:48:25,10.9,8.03,20.69,9.99,14771.0,15.0,0.0,0.0,0.0,0.0
09/03/2024,07:54:11,10.91,8.05,20.69,9.99,14988.0,15.0,0.0,0.0,0.0,0.0
09/03/2024,07:59:59,10.9,8.03,20.69,9.99,14337.0,15.0,0.0,0.0,0.0,0.0
09/03/2024,08:05:46,10.9,8.04,20.69,9.99,14663.0,15.0,0.0,0.0,0.0,0.0
09/03/2024,08:11:33,10.9,8.04,20.69,9.99,14446.0,15.0,0.0,0.0,0.0,0.0
09/03/2024,08:17:20,10.9,8.03,20.69,9.99,14554.0,15.0,0.0,0.0,0.0,0.0
09/03/2024,08:23:06,10.91,8.04,20.69,9.99,14880.0,15.0,0.0,0.0,0.0,0.0
09/03/2024,08:28:54,10.9,8.05,20.69,9.99,14446.0,15.0,0.0,0.0,0.0,0.0
09/03/2024,08:34:41,10.9,8.04,20.69,9.99,14337.0,15.0,0.0,0.0,0.0,0.0
09/03/2024,08:40:28,10.91,8.05,20.69,9.99,14663.0,15.0,0.0,0.0,0.0,0.0
09/03/2024,08:46:15,10.9,8.03,20.69,9.99,14771.0,15.0,0.0,0.0,0.0,0.0
09/03/2024,08:52:01,10.9,8.06,20.69,9.99,14554.0,15.0,0.0,0.0,0.0,0.0
09/03/2024,08:57:49,10.92,8.05,20.69,9.99,14446.0,15.0,0.0,0.0,0.0,0.0
09/03/2024,09:03:36,10.91,8.04,20.69,9.99,14337.0,15.0,0.0,0.0,0.0,0.0
09/03/2024,09:09:23,10.9,8.06,20.69,9.99,14337.0,15.0,0.0,0.0,0.0,0.0
09/03/2024,09:15:10,10.9,8.04,20.69,9.99,14771.0,15.0,0.0,0.0,0.0,0.0
09/03/2024,09:20:56,10.89,8.04,20.69,9.99,14663.0,15.0,0.0,0.0,0.0,0.0
09/03/2024,09:26:44,10.89,8.04,20.69,9.99,14229.0,15.0,0.0,0.0,0.0,0.0
09/03/2024,09:32:30,10.88,8.04,20.69,9.99,14012.0,15.0,0.0,0.0,0.0,0.0
09/03/2024,09:38:18,10.88,8.03,20.69,9.99,14446.0,15.0,0.0,0.0,0.0,0.0
09/03/2024,09:44:04,10.88,8.01,20.69,9.99,14229.0,15.0,0.0,0.0,0.0,0.0
09/03/2024,09:49:51,10.89,8.03,20.69,9.99,14120.0,15.0,0.0,0.0,0.0,0.0
09/03/2024,09:55:39,10.88,8.03,20.69,9.99,14663.0,15.0,0.0,0.0,0.0,0.0
09/03/2024,10:01:25,10.87,8.01,20.69,9.99,14012.0,15.0,0.0,0.0,0.0,0.0
09/03/2024,10:07:13,10.88,8.03,20.69,9.99,14446.0,15.0,0.0,0.0,0.0,0.0
09/03/2024,10:12:59,10.88,8.01,20.69,9.99,14446.0,15.0,0.0,0.0,0.0,0.0
09/03/2024,10:18:46,10.88,8.01,20.69,9.99,14120.0,15.0,0.0,0.0,0.0,0.0
09/03/2024,10:24:34,10.89,8.01,20.69,9.99,14012.0,15.0,0.0,0.0,0.0,0.0
09/03/2024,10:30:20,10.89,8.0,20.69,9.99,13686.0,15.0,0.0,0.0,0.0,0.0
09/03/2024,10:36:08,10.89,8.01,20.69,9.99,13903.0,15.0,0.0,0.0,0.0,0.0
09/03/2024,10:41:54,10.9,8.0,20.69,9.99,13903.0,15.0,0.0,0.0,0.0,0.0
09/03/2024,10:47:41,10.9,7.99,20.72,9.99,13795.0,15.0,0.0,0.0,0.0,0.0
09/03/2024,10:53:28,10.9,8.0,20.72,9.99,13686.0,15.0,0.0,0.0,0.0,0.0
09/03/2024,10:59:15,10.9,7.98,20.72,9.99,13903.0,15.0,0.0,0.0,0.0,0.0
09/03/2024,11:05:03,10.9,7.98,20.72,9.99,13686.0,15.0,0.0,0.0,0.0,0.0
09/03/2024,11:10:49,10.9,7.98,20.72,9.99,13903.0,15.0,0.0,0.0,0.0,0.0
09/03/2024,11:16:36,10.9,8.0,20.75,9.99,14120.0,15.0,0.0,0.0,0.0,0.0
09/03/2024,11:22:23,10.89,7.97,20.78,9.99,14120.0,15.0,0.0,0.0,0.0,0.0
09/03/2024,11:28:10,10.89,7.99,20.78,9.99,14012.0,15.0,0.0,0.0,0.0,0.0
09/03/2024,11:33:58,10.89,7.99,20.8,9.99,13578.0,15.0,0.0,0.0,0.0,0.0
09/03/2024,11:39:44,10.9,7.98,20.83,9.99,13903.0,15.0,0.0,0.0,0.0,0.0
09/03/2024,11:45:31,10.89,7.97,20.83,9.99,14120.0,15.0,0.0,0.0,0.0,0.0
09/03/2024,11:51:18,10.9,7.97,20.88,9.99,13469.0,15.0,0.0,0.0,0.0,0.0
09/03/2024,11:57:05,10.89,7.97,20.88,9.99,13686.0,15.0,0.0,0.0,0.0,0.0
09/03/2024,12:02:52,10.89,7.96,20.91,9.99,14012.0,15.0,0.0,0.0,0.0,0.0
09/03/2024,12:08:39,10.89,7.97,20.91,9.99,13686.0,15.0,0.0,0.0,0.0,0.0
09/03/2024,12:14:27,10.89,7.94,20.96,9.99,13361.0,15.0,0.0,0.0,0.0,0.0
09/03/2024,12:20:13,10.89,7.93,20.99,9.99,13903.0,15.0,0.0,0.0,0.0,0.0
09/03/2024,12:26:00,10.89,7.96,20.99,9.99,13686.0,15.0,0.0,0.0,0.0,0.0
09/03/2024,12:31:48,10.9,7.96,21.02,9.99,13903.0,15.0,0.0,0.0,0.0,0.0
09/03/2024,12:37:34,10.9,7.95,21.04,9.99,13795.0,15.0,0.0,0.0,0.0,0.0
09/03/2024,12:43:22,10.9,7.95,21.04,9.99,13795.0,15.0,0.0,0.0,0.0,0.0
09/03/2024,12:49:08,10.9,7.96,21.04,9.99,13469.0,15.0,0.0,0.0,0.0,0.0
09/03/2024,12:54:55,10.9,7.95,21.1,9.99,13578.0,15.0,0.0,0.0,0.0,0.0
09/03/2024,13:00:42,10.9,7.94,21.13,9.99,13903.0,15.0,0.0,0.0,0.0,0.0
09/03/2024,13:06:29,10.9,7.94,21.15,9.99,13469.0,15.0,0.0,0.0,0.0,0.0
09/03/2024,13:12:17,10.9,7.94,21.15,9.99,13469.0,15.0,0.0,0.0,0.0,0.0
09/03/2024,13:18:03,10.9,7.94,21.18,9.99,13252.0,15.0,0.0,0.0,0.0,0.0
09/03/2024,13:23:50,10.9,7.94,21.21,9.99,13903.0,15.0,0.0,0.0,0.0,0.0
09/03/2024,13:29:37,10.9,7.93,21.23,9.99,14012.0,15.0,0.0,0.0,0.0,0.0
09/03/2024,13:35:24,10.91,7.94,21.29,9.99,14012.0,15.0,0.0,0.0,0.0,0.0
09/03/2024,13:41:12,10.91,7.93,21.29,9.99,14120.0,15.0,0.0,0.0,0.0,0.0
09/03/2024,13:46:58,10.9,7.93,21.31,9.99,13686.0,15.0,0.0,0.0,0.0,0.0
09/03/2024,13:52:45,10.9,7.94,21.34,9.99,14012.0,15.0,0.0,0.0,0.0,0.0
09/03/2024,13:58:32,10.91,7.93,21.34,9.99,13795.0,15.0,0.0,0.0,0.0,0.0
09/03/2024,14:04:19,10.9,7.95,21.37,9.99,13252.0,15.0,0.0,0.0,0.0,0.0
09/03/2024,14:10:06,10.9,7.93,21.4,9.99,13795.0,15.0,0.0,0.0,0.0,0.0
09/03/2024,14:15:53,10.91,7.92,21.4,9.99,13578.0,15.0,0.0,0.0,0.0,0.0
09/03/2024,14:21:40,10.9,7.91,21.42,9.99,13578.0,15.0,0.0,0.0,0.0,0.0
09/03/2024,14:27:27,10.9,7.93,21.42,9.99,13144.0,15.0,0.0,0.0,0.0,0.0
09/03/2024,14:33:14,10.91,7.91,21.45,9.99,13795.0,15.0,0.0,0.0,0.0,0.0
09/03/2024,14:39:01,10.91,7.93,21.45,9.99,13361.0,15.0,0.0,0.0,0.0,0.0
09/03/2024,14:44:48,10.9,7.93,21.45,9.99,13578.0,15.0,0.0,0.0,0.0,0.0
09/03/2024,14:50:35,10.91,7.93,21.48,9.99,13903.0,15.0,0.0,0.0,0.0,0.0
09/03/2024,14:56:22,10.91,7.91,21.5,9.99,13361.0,15.0,0.0,0.0,0.0,0.0
09/03/2024,15:02:09,10.91,7.92,21.5,9.99,13795.0,15.0,0.0,0.0,0.0,0.0
09/03/2024,15:07:56,10.91,7.92,21.53,9.99,13903.0,15.0,0.0,0.0,0.0,0.0
09/03/2024,15:13:43,10.91,7.92,21.53,9.99,13469.0,15.0,0.0,0.0,0.0,0.0
09/03/2024,15:19:30,10.91,7.92,21.53,9.99,13578.0,15.0,0.0,0.0,0.0,0.0
09/03/2024,15:25:17,10.91,7.9,21.56,9.99,13903.0,15.0,0.0,0.0,0.0,0.0
09/03/2024,15:31:04,10.91,7.92,21.56,9.99,13144.0,15.0,0.0,0.0,0.0,0.0
09/03/2024,15:36:51,10.91,7.92,21.56,9.99,13578.0,15.0,0.0,0.0,0.0,0.0
09/03/2024,15:42:38,10.91,7.91,21.56,9.99,13578.0,15.0,0.0,0.0,0.0,0.0
09/03/2024,15:48:24,10.91,7.9,21.56,9.99,13469.0,15.0,0.0,0.0,0.0,0.0
09/03/2024,15:54:12,10.91,7.91,21.58,9.99,13469.0,15.0,0.0,0.0,0.0,0.0
09/03/2024,15:59:58,10.91,7.91,21.58,9.99,13361.0,15.0,0.0,0.0,0.0,0.0
09/03/2024,16:05:46,10.91,7.93,21.58,9.99,13361.0,15.0,0.0,0.0,0.0,0.0
09/03/2024,16:11:33,10.91,7.9,21.58,9.99,13469.0,15.0,0.0,0.0,0.0,0.0
09/03/2024,16:17:19,10.91,7.9,21.58,9.99,13252.0,15.0,0.0,0.0,0.0,0.0
09/03/2024,16:23:07,10.91,7.9,21.58,9.99,13469.0,15.0,0.0,0.0,0.0,0.0
09/03/2024,16:28:53,10.91,7.93,21.56,9.99,13469.0,15.0,0.0,0.0,0.0,0.0
09/03/2024,16:34:41,10.91,7.92,21.56,9.99,13469.0,15.0,0.0,0.0,0.0,0.0
09/03/2024,16:40:28,10.92,7.91,21.58,9.99,13578.0,15.0,0.0,0.0,0.0,0.0
09/03/2024,16:46:14,10.92,7.92,21.58,9.99,13903.0,15.0,0.0,0.0,0.0,0.0
09/03/2024,16:52:02,10.92,7.92,21.58,9.99,13903.0,15.0,0.0,0.0,0.0,0.0
09/03/2024,16:57:48,10.92,7.92,21.58,9.99,13578.0,15.0,0.0,0.0,0.0,0.0
09/03/2024,17:03:36,10.92,7.91,21.58,9.99,13361.0,15.0,0.0,0.0,0.0,0.0
09/03/2024,17:09:23,10.92,7.92,21.58,9.99,13252.0,15.0,0.0,0.0,0.0,0.0
09/03/2024,17:15:09,10.92,7.92,21.56,9.99,13795.0,15.0,0.0,0.0,0.0,0.0
09/03/2024,17:20:57,10.92,7.91,21.58,9.99,13361.0,15.0,0.0,0.0,0.0,0.0
09/03/2024,17:26:43,10.93,7.91,21.56,9.99,13578.0,15.0,0.0,0.0,0.0,0.0
09/03/2024,17:32:31,10.92,7.9,21.56,9.99,13252.0,15.0,0.0,0.0,0.0,0.0
09/03/2024,17:38:17,10.92,7.9,21.56,9.99,12818.0,15.0,0.0,0.0,0.0,0.0
09/03/2024,17:44:04,10.92,7.9,21.56,9.99,13361.0,15.0,0.0,0.0,0.0,0.0
09/03/2024,17:49:52,10.92,7.92,21.53,9.99,13252.0,15.0,0.0,0.0,0.0,0.0
09/03/2024,17:55:38,10.92,7.91,21.56,9.99,13252.0,15.0,0.0,0.0,0.0,0.0
09/03/2024,18:01:26,10.92,7.91,21.53,9.99,12927.0,15.0,0.0,0.0,0.0,0.0
09/03/2024,18:07:12,10.92,7.92,21.53,9.99,13144.0,15.0,0.0,0.0,0.0,0.0
09/03/2024,18:12:59,10.93,7.91,21.53,9.99,13469.0,15.0,0.0,0.0,0.0,0.0
09/03/2024,18:18:47,10.93,7.91,21.5,9.99,13144.0,15.0,0.0,0.0,0.0,0.0
09/03/2024,18:24:33,10.94,7.91,21.5,9.99,13144.0,15.0,0.0,0.0,0.0,0.0
09/03/2024,18:30:21,10.94,7.92,21.5,9.99,12710.0,15.0,0.0,0.0,0.0,0.0
09/03/2024,18:36:07,10.94,7.91,21.48,9.99,13035.0,15.0,0.0,0.0,0.0,0.0
09/03/2024,18:41:54,10.94,7.91,21.45,9.99,13035.0,15.0,0.0,0.0,0.0,0.0
09/03/2024,18:47:41,10.94,7.91,21.45,9.99,13252.0,15.0,0.0,0.0,0.0,0.0
09/03/2024,18:53:28,10.94,7.93,21.42,9.99,13469.0,15.0,0.0,0.0,0.0,0.0
09/03/2024,18:59:16,10.94,7.92,21.42,9.99,13144.0,15.0,0.0,0.0,0.0,0.0
09/03/2024,19:05:02,10.94,7.93,21.37,9.99,13144.0,15.0,0.0,0.0,0.0,0.0
09/03/2024,19:10:49,10.94,7.91,21.37,9.99,13252.0,15.0,0.0,0.0,0.0,0.0
09/03/2024,19:16:36,10.94,7.92,21.37,9.99,13252.0,15.0,0.0,0.0,0.0,0.0
09/03/2024,19:22:23,10.94,7.95,21.34,9.99,13252.0,15.0,0.0,0.0,0.0,0.0
09/03/2024,19:28:10,10.94,7.94,21.31,9.99,13469.0,15.0,0.0,0.0,0.0,0.0
09/03/2024,19:33:57,10.94,7.94,21.29,9.99,12818.0,15.0,0.0,0.0,0.0,0.0
09/03/2024,19:39:44,10.94,7.92,21.29,9.99,13035.0,15.0,0.0,0.0,0.0,0.0
09/03/2024,19:45:31,10.93,7.93,21.26,9.99,13252.0,15.0,0.0,0.0,0.0,0.0
09/03/2024,19:51:18,10.93,7.93,21.23,9.99,13361.0,15.0,0.0,0.0,0.0,0.0
09/03/2024,19:57:05,10.93,7.93,21.26,9.99,13361.0,15.0,0.0,0.0,0.0,0.0
09/03/2024,20:02:52,10.92,7.94,21.26,9.99,13361.0,15.0,0.0,0.0,0.0,0.0
09/03/2024,20:08:38,10.94,7.94,21.29,9.99,13578.0,15.0,0.0,0.0,0.0,0.0
09/03/2024,20:14:26,10.92,7.93,21.29,9.99,13361.0,15.0,0.0,0.0,0.0,0.0
09/03/2024,20:20:13,10.92,7.93,21.26,9.99,13144.0,15.0,0.0,0.0,0.0,0.0
09/03/2024,20:26:00,10.92,7.95,21.26,9.99,13252.0,15.0,0.0,0.0,0.0,0.0
09/03/2024,20:31:47,10.92,7.93,21.26,9.99,13252.0,15.0,0.0,0.0,0.0,0.0
09/03/2024,20:37:33,10.92,7.93,21.29,9.99,13144.0,15.0,0.0,0.0,0.0,0.0
09/03/2024,20:43:21,10.92,7.95,21.34,9.99,13144.0,15.0,0.0,0.0,0.0,0.0
09/03/2024,20:49:07,10.93,7.93,21.31,9.99,13144.0,15.0,0.0,0.0,0.0,0.0
09/03/2024,20:54:55,10.93,7.93,21.31,9.99,12927.0,15.0,0.0,0.0,0.0,0.0
09/03/2024,21:00:41,10.94,7.93,21.31,9.99,13469.0,15.0,0.0,0.0,0.0,0.0
09/03/2024,21:06:28,10.94,7.94,21.31,9.99,13252.0,15.0,0.0,0.0,0.0,0.0
09/03/2024,21:12:16,10.94,7.94,21.29,9.99,13361.0,15.0,0.0,0.0,0.0,0.0
09/03/2024,21:18:02,10.94,7.93,21.31,9.99,12927.0,15.0,0.0,0.0,0.0,0.0
09/03/2024,21:23:50,10.95,7.94,21.31,9.99,13144.0,15.0,0.0,0.0,0.0,0.0
09/03/2024,21:29:36,10.94,7.95,21.31,9.99,13144.0,15.0,0.0,0.0,0.0,0.0
09/03/2024,21:35:23,10.95,7.93,21.31,9.99,13469.0,15.0,0.0,0.0,0.0,0.0
09/03/2024,21:41:11,10.95,7.94,21.31,9.99,13144.0,15.0,0.0,0.0,0.0,0.0
09/03/2024,21:46:57,10.95,7.93,21.31,9.99,13144.0,15.0,0.0,0.0,0.0,0.0
09/03/2024,21:52:45,10.94,7.94,21.31,9.99,13469.0,15.0,0.0,0.0,0.0,0.0
09/03/2024,21:58:31,10.94,7.94,21.34,9.99,13035.0,15.0,0.0,0.0,0.0,0.0
09/03/2024,22:04:18,10.94,7.94,21.34,9.99,13144.0,15.0,0.0,0.0,0.0,0.0
09/03/2024,22:10:06,10.94,7.94,21.29,9.99,13361.0,15.0,0.0,0.0,0.0,0.0
09/03/2024,22:15:52,10.95,7.95,21.29,9.99,13469.0,15.0,0.0,0.0,0.0,0.0
09/03/2024,22:21:40,10.94,7.95,21.26,9.99,13795.0,15.0,0.0,0.0,0.0,0.0
09/03/2024,22:27:26,10.94,7.95,21.21,9.99,13686.0,15.0,0.0,0.0,0.0,0.0
09/03/2024,22:33:13,10.94,7.95,21.21,9.99,13686.0,15.0,0.0,0.0,0.0,0.0
09/03/2024,22:39:01,10.94,7.94,21.15,9.99,13361.0,15.0,0.0,0.0,0.0,0.0
09/03/2024,22:44:47,10.94,7.95,21.1,9.99,13578.0,15.0,0.0,0.0,0.0,0.0
09/03/2024,22:50:35,10.93,7.97,21.07,9.99,13686.0,15.0,0.0,0.0,0.0,0.0
09/03/2024,22:56:21,10.93,7.96,21.07,9.99,13578.0,15.0,0.0,0.0,0.0,0.0
09/03/2024,23:02:08,10.93,7.94,21.04,9.99,13686.0,15.0,0.0,0.0,0.0,0.0
09/03/2024,23:07:56,10.93,7.95,21.04,9.99,13795.0,15.0,0.0,0.0,0.0,0.0
09/03/2024,23:13:42,10.93,7.95,21.04,9.99,13686.0,15.0,0.0,0.0,0.0,0.0
09/03/2024,23:19:30,10.93,7.96,20.96,9.99,13361.0,15.0,0.0,0.0,0.0,0.0
09/03/2024,23:25:16,10.93,7.96,20.96,9.99,13578.0,15.0,0.0,0.0,0.0,0.0
09/03/2024,23:31:03,10.93,7.96,20.94,9.99,13361.0,15.0,0.0,0.0,0.0,0.0
09/03/2024,23:36:50,10.93,7.97,20.91,9.99,13578.0,15.0,0.0,0.0,0.0,0.0
09/03/2024,23:42:37,10.93,7.98,20.91,9.99,13469.0,15.0,0.0,0.0,0.0,0.0
09/03/2024,23:48:24,10.93,7.97,20.91,9.99,13252.0,15.0,0.0,0.0,0.0,0.0
09/03/2024,23:54:11,10.93,7.98,20.88,9.99,13469.0,15.0,0.0,0.0,0.0,0.0
09/03/2024,23:59:59,10.93,7.97,20.88,9.99,13903.0,15.0,0.0,0.0,0.0,0.0
10/03/2024,00:00:00,10.93,7.97,20.88,9.99,14012.0,15.0,0.0,0.0,0.0,0.0
10/03/2024,00:05:46,10.93,7.99,20.86,9.99,13686.0,15.0,0.0,0.0,0.0,0.0
10/03/2024,00:11:33,10.93,7.98,20.83,9.99,13578.0,15.0,0.0,0.0,0.0,0.0
10/03/2024,00:17:20,10.93,7.98,20.83,9.99,13686.0,15.0,0.0,0.0,0.0,0.0
10/03/2024,00:23:07,10.92,7.99,20.83,9.99,13361.0,15.0,0.0,0.0,0.0,0.0
10/03/2024,00:28:55,10.92,7.96,20.8,9.99,13469.0,15.0,0.0,0.0,0.0,0.0
10/03/2024,00:34:41,10.92,7.98,20.8,9.99,13469.0,15.0,0.0,0.0,0.0,0.0
10/03/2024,00:40:28,10.93,7.98,20.78,9.99,13361.0,15.0,0.0,0.0,0.0,0.0
10/03/2024,00:46:15,10.92,7.98,20.78,9.99,13469.0,15.0,0.0,0.0,0.0,0.0
10/03/2024,00:52:02,10.93,7.98,20.78,9.99,13903.0,15.0,0.0,0.0,0.0,0.0
10/03/2024,00:57:49,10.93,8.0,20.78,9.99,13469.0,15.0,0.0,0.0,0.0,0.0
10/03/2024,01:03:36,10.93,7.98,20.78,9.99,13469.0,15.0,0.0,0.0,0.0,0.0
10/03/2024,01:09:22,10.93,7.98,20.75,9.99,13578.0,15.0,0.0,0.0,0.0,0.0
10/03/2024,01:15:10,10.93,7.99,20.75,9.99,13795.0,15.0,0.0,0.0,0.0,0.0
10/03/2024,01:20:57,10.93,7.98,20.75,9.99,13686.0,15.0,0.0,0.0,0.0,0.0
10/03/2024,01:26:44,10.93,7.97,20.75,9.99,13578.0,15.0,0.0,0.0,0.0,0.0
10/03/2024,01:32:31,10.93,7.98,20.75,9.99,13795.0,15.0,0.0,0.0,0.0,0.0
10/03/2024,01:38:17,10.93,7.99,20.75,9.99,13469.0,15.0,0.0,0.0,0.0,0.0
10/03/2024,01:44:05,10.93,7.98,20.72,9.99,13252.0,15.0,0.0,0.0,0.0,0.0
10/03/2024,01:49:52,10.93,7.98,20.72,9.99,13361.0,15.0,0.0,0.0,0.0,0.0
10/03/2024,01:55:39,10.93,7.99,20.72,9.99,13578.0,15.0,0.0,0.0,0.0,0.0
10/03/2024,02:01:26,10.93,8.0,20.72,9.99,13686.0,15.0,0.0,0.0,0.0,0.0
10/03/2024,02:07:12,10.93,7.99,20.72,9.99,13686.0,15.0,0.0,0.0,0.0,0.0
10/03/2024,02:13:00,10.94,7.99,20.72,9.99,13578.0,15.0,0.0,0.0,0.0,0.0
10/03/2024,02:18:46,10.93,7.99,20.69,9.99,13795.0,15.0,0.0,0.0,0.0,0.0
10/03/2024,02:24:34,10.93,8.01,20.69,9.99,13144.0,15.0,0.0,0.0,0.0,0.0
10/03/2024,02:30:21,10.94,7.98,20.69,9.99,13361.0,15.0,0.0,0.0,0.0,0.0
10/03/2024,02:36:07,10.94,8.0,20.69,9.99,13578.0,15.0,0.0,0.0,0.0,0.0
10/03/2024,02:41:55,10.94,7.99,20.69,9.99,13469.0,15.0,0.0,0.0,0.0,0.0
10/03/2024,02:47:41,10.94,7.99,20.69,9.99,13686.0,15.0,0.0,0.0,0.0,0.0
10/03/2024,02:53:29,10.94,8.0,20.69,9.99,13795.0,15.0,0.0,0.0,0.0,0.0
10/03/2024,02:59:15,10.94,8.01,20.69,9.99,13795.0,15.0,0.0,0.0,0.0,0.0
10/03/2024,03:05:02,10.94,7.99,20.69,9.99,14012.0,15.0,0.0,0.0,0.0,0.0
10/03/2024,03:10:50,10.94,7.99,20.69,9.99,13686.0,15.0,0.0,0.0,0.0,0.0
10/03/2024,03:16:36,10.94,8.01,20.69,9.99,13252.0,15.0,0.0,0.0,0.0,0.0
10/03/2024,03:22:24,10.94,8.0,20.69,9.99,13469.0,15.0,0.0,0.0,0.0,0.0
10/03/2024,03:28:10,10.94,7.99,20.69,9.99,13469.0,15.0,0.0,0.0,0.0,0.0
10/03/2024,03:33:58,10.93,7.99,20.69,9.99,13252.0,15.0,0.0,0.0,0.0,0.0
10/03/2024,03:39:44,10.93,7.99,20.69,9.99,13469.0,15.0,0.0,0.0,0.0,0.0
10/03/2024,03:45:31,10.94,7.99,20.69,9.99,13903.0,15.0,0.0,0.0,0.0,0.0
10/03/2024,03:51:19,10.94,8.01,20.69,9.99,13469.0,15.0,0.0,0.0,0.0,0.0
10/03/2024,03:57:05,10.94,8.0,20.69,9.99,13903.0,15.0,0.0,0.0,0.0,0.0
10/03/2024,04:02:53,10.94,8.0,20.69,9.99,13361.0,15.0,0.0,0.0,0.0,0.0
10/03/2024,04:08:39,10.94,8.01,20.69,9.99,13361.0,15.0,0.0,0.0,0.0,0.0
10/03/2024,04:14:26,10.94,7.98,20.69,9.99,13252.0,15.0,0.0,0.0,0.0,0.0
10/03/2024,04:20:13,10.94,7.98,20.69,9.99,13686.0,15.0,0.0,0.0,0.0,0.0
10/03/2024,04:26:00,10.94,8.0,20.69,9.99,13361.0,15.0,0.0,0.0,0.0,0.0
10/03/2024,04:31:48,10.93,8.02,20.69,9.99,13795.0,15.0,0.0,0.0,0.0,0.0
10/03/2024,04:37:34,10.93,7.99,20.69,9.99,13903.0,15.0,0.0,0.0,0.0,0.0
10/03/2024,04:43:21,10.93,8.0,20.69,9.99,13469.0,15.0,0.0,0.0,0.0,0.0
10/03/2024,04:49:08,10.93,8.01,20.69,9.99,13469.0,15.0,0.0,0.0,0.0,0.0
10/03/2024,04:54:55,10.93,8.01,20.69,9.99,13144.0,15.0,0.0,0.0,0.0,0.0
10/03/2024,05:00:43,10.94,8.0,20.69,9.99,13578.0,15.0,0.0,0.0,0.0,0.0
10/03/2024,05:06:29,10.94,8.01,20.69,9.99,13903.0,15.0,0.0,0.0,0.0,0.0
10/03/2024,05:12:16,10.94,8.01,20.69,9.99,13361.0,15.0,0.0,0.0,0.0,0.0
10/03/2024,05:18:03,10.94,8.0,20.69,9.99,13578.0,15.0,0.0,0.0,0.0,0.0
10/03/2024,05:23:50,10.94,7.99,20.69,9.99,13469.0,15.0,0.0,0.0,0.0,0.0
10/03/2024,05:29:37,10.94,8.02,20.69,9.99,13578.0,15.0,0.0,0.0,0.0,0.0
10/03/2024,05:35:24,10.94,8.01,20.69,9.99,13469.0,15.0,0.0,0.0,0.0,0.0
10/03/2024,05:41:11,10.94,8.0,20.69,9.99,13252.0,15.0,0.0,0.0,0.0,0.0
10/03/2024,05:46:58,10.94,8.0,20.69,9.99,13252.0,15.0,0.0,0.0,0.0,0.0
10/03/2024,05:52:45,10.94,7.98,20.69,9.99,13144.0,15.0,0.0,0.0,0.0,0.0
10/03/2024,05:58:32,10.93,8.0,20.69,9.99,13578.0,15.0,0.0,0.0,0.0,0.0
10/03/2024,06:04:19,10.93,8.01,20.69,9.99,13035.0,15.0,0.0,0.0,0.0,0.0
10/03/2024,06:10:05,10.94,8.01,20.69,9.99,13144.0,15.0,0.0,0.0,0.0,0.0
10/03/2024,06:15:53,10.93,8.0,20.69,9.99,13361.0,15.0,0.0,0.0,0.0,0.0
10/03/2024,06:21:40,10.94,8.0,20.69,9.99,13144.0,15.0,0.0,0.0,0.0,0.0
10/03/2024,06:27:27,10.93,8.0,20.69,9.99,13252.0,15.0,0.0,0.0,0.0,0.0
10/03/2024,06:33:14,10.93,8.02,20.69,9.99,13469.0,15.0,0.0,0.0,0.0,0.0
10/03/2024,06:39:00,10.94,8.01,20.69,9.99,13469.0,15.0,0.0,0.0,0.0,0.0
10/03/2024,06:44:48,10.94,8.01,20.69,9.99,13361.0,15.0,0.0,0.0,0.0,0.0
10/03/2024,06:50:35,10.94,8.02,20.69,9.99,13252.0,15.0,0.0,0.0,0.0,0.0
10/03/2024,06:56:22,10.94,8.0,20.69,9.99,13469.0,15.0,0.0,0.0,0.0,0.0
10/03/2024,07:02:09,10.95,8.0,20.69,9.99,13144.0,15.0,0.0,0.0,0.0,0.0
10/03/2024,07:07:56,10.94,8.01,20.69,9.99,13035.0,15.0,0.0,0.0,0.0,0.0
10/03/2024,07:13:43,10.94,8.01,20.69,9.99,13578.0,15.0,0.0,0.0,0.0,0.0
10/03/2024,07:19:29,10.94,8.02,20.69,9.99,12710.0,15.0,0.0,0.0,0.0,0.0
10/03/2024,07:25:17,10.94,8.02,20.69,9.99,13252.0,15.0,0.0,0.0,0.0,0.0
10/03/2024,07:31:03,10.94,8.02,20.69,9.99,13035.0,15.0,0.0,0.0,0.0,0.0
10/03/2024,07:36:51,10.94,8.01,20.69,9.99,12927.0,15.0,0.0,0.0,0.0,0.0
10/03/2024,07:42:38,10.94,8.01,20.69,9.99,13035.0,15.0,0.0,0.0,0.0,0.0
10/03/2024,07:48:24,10.95,7.99,20.69,9.99,13144.0,15.0,0.0,0.0,0.0,0.0
10/03/2024,07:54:12,10.94,8.02,20.69,9.99,13144.0,15.0,0.0,0.0,0.0,0.0
10/03/2024,07:59:58,10.95,8.02,20.69,9.99,13035.0,15.0,0.0,0.0,0.0,0.0
10/03/2024,08:05:46,10.95,8.0,20.69,9.99,13144.0,15.0,0.0,0.0,0.0,0.0
10/03/2024,08:11:32,10.95,8.02,20.69,9.99,13144.0,15.0,0.0,0.0,0.0,0.0
10/03/2024,08:17:19,10.95,8.02,20.69,9.99,13252.0,15.0,0.0,0.0,0.0,0.0
10/03/2024,08:23:07,10.95,8.01,20.69,9.99,12710.0,15.0,0.0,0.0,0.0,0.0
10/03/2024,08:28:53,10.95,8.02,20.69,9.99,12710.0,15.0,0.0,0.0,0.0,0.0
10/03/2024,08:34:41,10.95,8.02,20.69,9.99,13035.0,15.0,0.0,0.0,0.0,0.0
10/03/2024,08:40:27,10.95,8.03,20.69,9.99,12927.0,15.0,0.0,0.0,0.0,0.0
10/03/2024,08:46:14,10.95,8.02,20.69,9.99,13144.0,15.0,0.0,0.0,0.0,0.0
10/03/2024,08:52:01,10.95,8.03,20.69,9.99,13144.0,15.0,0.0,0.0,0.0,0.0
10/03/2024,08:57:48,10.95,8.02,20.69,9.99,12927.0,15.0,0.0,0.0,0.0,0.0
10/03/2024,09:03:36,10.95,8.02,20.69,9.99,13144.0,15.0,0.0,0.0,0.0,0.0
10/03/2024,09:09:22,10.95,8.03,20.69,9.99,13035.0,15.0,0.0,0.0,0.0,0.0
10/03/2024,09:15:09,10.94,8.01,20.69,9.99,13144.0,15.0,0.0,0.0,0.0,0.0
10/03/2024,09:20:56,10.94,8.01,20.69,9.99,13035.0,15.0,0.0,0.0,0.0,0.0
10/03/2024,09:26:43,10.94,8.02,20.69,9.99,13035.0,15.0,0.0,0.0,0.0,0.0
10/03/2024,09:32:30,10.93,8.01,20.69,9.99,13144.0,15.0,0.0,0.0,0.0,0.0
10/03/2024,09:38:17,10.94,8.02,20.69,9.99,13361.0,15.0,0.0,0.0,0.0,0.0
10/03/2024,09:44:04,10.94,8.0,20.69,9.99,13469.0,15.0,0.0,0.0,0.0,0.0
10/03/2024,09:49:51,10.94,8.01,20.69,9.99,13144.0,15.0,0.0,0.0,0.0,0.0
10/03/2024,09:55:38,10.95,8.01,20.69,9.99,13035.0,15.0,0.0,0.0,0.0,0.0
10/03/2024,10:01:25,10.95,8.01,20.69,9.99,12818.0,15.0,0.0,0.0,0.0,0.0
10/03/2024,10:07:12,10.95,8.01,20.69,9.99,12384.0,15.0,0.0,0.0,0.0,0.0
10/03/2024,10:12:59,10.95,7.99,20.69,9.99,12601.0,15.0,0.0,0.0,0.0,0.0
10/03/2024,10:18:46,10.95,7.99,20.69,9.99,12818.0,15.0,0.0,0.0,0.0,0.0
10/03/2024,10:24:33,10.95,7.99,20.69,9.99,13035.0,15.0,0.0,0.0,0.0,0.0
10/03/2024,10:30:20,10.96,8.01,20.72,9.99,12710.0,15.0,0.0,0.0,0.0,0.0
10/03/2024,10:36:07,10.95,7.99,20.72,9.99,12710.0,15.0,0.0,0.0,0.0,0.0
10/03/2024,10:41:55,10.95,7.98,20.72,9.99,12601.0,15.0,0.0,0.0,0.0,0.0
10/03/2024,10:47:41,10.95,7.97,20.72,9.99,12927.0,15.0,0.0,0.0,0.0,0.0
10/03/2024,10:53:28,10.95,7.99,20.72,9.99,13035.0,15.0,0.0,0.0,0.0,0.0
10/03/2024,10:59:15,10.95,7.98,20.75,9.99,12818.0,15.0,0.0,0.0,0.0,0.0
10/03/2024,11:05:02,10.96,7.98,20.75,9.99,12927.0,15.0,0.0,0.0,0.0,0.0
10/03/2024,11:10:49,10.96,7.98,20.75,9.99,12710.0,15.0,0.0,0.0,0.0,0.0
10/03/2024,11:16:36,10.96,7.99,20.78,9.99,12710.0,15.0,0.0,0.0,0.0,0.0
10/03/2024,11:22:22,10.97,7.97,20.78,9.99,13144.0,15.0,0.0,0.0,0.0,0.0
10/03/2024,11:28:10,10.97,7.97,20.78,9.99,12818.0,15.0,0.0,0.0,0.0,0.0
10/03/2024,11:33:57,10.97,7.97,20.8,9.99,12601.0,15.0,0.0,0.0,0.0,0.0
10/03/2024,11:39:44,10.97,7.97,20.8,9.99,13035.0,15.0,0.0,0.0,0.0,0.0
10/03/2024,11:45:31,10.97,7.95,20.8,9.99,13252.0,15.0,0.0,0.0,0.0,0.0
10/03/2024,11:51:17,10.97,7.97,20.8,9.99,12710.0,15.0,0.0,0.0,0.0,0.0
10/03/2024,11:57:05,10.98,7.97,20.8,9.99,12710.0,15.0,0.0,0.0,0.0,0.0
10/03/2024,12:02:51,10.97,7.98,20.8,9.99,13361.0,15.0,0.0,0.0,0.0,0.0
10/03/2024,12:08:39,10.97,7.98,20.8,9.99,13035.0,15.0,0.0,0.0,0.0,0.0
10/03/2024,12:14:26,10.97,7.97,20.8,9.99,12927.0,15.0,0.0,0.0,0.0,0.0
10/03/2024,12:20:12,10.97,7.97,20.83,9.99,12818.0,15.0,0.0,0.0,0.0,0.0
10/03/2024,12:26:00,10.97,7.96,20.83,9.99,13361.0,15.0,0.0,0.0,0.0,0.0
10/03/2024,12:31:46,10.97,7.96,20.86,9.99,12927.0,15.0,0.0,0.0,0.0,0.0
10/03/2024,12:37:34,10.96,7.96,20.86,9.99,13144.0,15.0,0.0,0.0,0.0,0.0
10/03/2024,12:43:21,10.97,7.97,20.86,9.99,13144.0,15.0,0.0,0.0,0.0,0.0
10/03/2024,12:49:07,10.96,7.96,20.86,9.99,12710.0,15.0,0.0,0.0,0.0,0.0
10/03/2024,12:54:55,10.97,7.96,20.86,9.99,13361.0,15.0,0.0,0.0,0.0,0.0
10/03/2024,13:00:41,10.96,7.96,20.86,9.99,12493.0,15.0,0.0,0.0,0.0,0.0
10/03/2024,13:06:29,10.96,7.96,20.86,9.99,13035.0,15.0,0.0,0.0,0.0,0.0
10/03/2024,13:12:15,10.96,7.96,20.86,9.99,13035.0,15.0,0.0,0.0,0.0,0.0
10/03/2024,13:18:02,10.96,7.99,20.86,9.99,12601.0,15.0,0.0,0.0,0.0,0.0
10/03/2024,13:23:50,10.97,7.94,20.86,9.99,12818.0,15.0,0.0,0.0,0.0,0.0
10/03/2024,13:29:36,10.96,7.95,20.86,9.99,12818.0,15.0,0.0,0.0,0.0,0.0
10/03/2024,13:35:24,10.96,7.96,20.86,9.99,12710.0,15.0,0.0,0.0,0.0,0.0
10/03/2024,13:41:10,10.96,7.96,20.86,9.99,13144.0,15.0,0.0,0.0,0.0,0.0
10/03/2024,13:46:58,10.96,7.96,20.88,9.99,12818.0,15.0,0.0,0.0,0.0,0.0
10/03/2024,13:52:45,10.96,7.96,20.88,9.99,12601.0,15.0,0.0,0.0,0.0,0.0
10/03/2024,13:58:31,10.96,7.97,20.91,9.99,12493.0,15.0,0.0,0.0,0.0,0.0
10/03/2024,14:04:19,10.96,7.95,20.88,9.99,12710.0,15.0,0.0,0.0,0.0,0.0
10/03/2024,14:10:05,10.96,7.97,20.88,9.99,12601.0,15.0,0.0,0.0,0.0,0.0
10/03/2024,14:15:53,10.96,7.96,20.91,9.99,12493.0,15.0,0.0,0.0,0.0,0.0
10/03/2024,14:21:39,10.96,7.97,20.91,9.99,12818.0,15.0,0.0,0.0,0.0,0.0
10/03/2024,14:27:26,10.96,7.96,20.91,9.99,13252.0,15.0,0.0,0.0,0.0,0.0
10/03/2024,14:33:14,10.96,7.96,20.91,9.99,13035.0,15.0,0.0,0.0,0.0,0.0
10/03/2024,14:39:00,10.96,7.95,20.88,9.99,12601.0,15.0,0.0,0.0,0.0,0.0
10/03/2024,14:44:48,10.96,7.97,20.91,9.99,12601.0,15.0,0.0,0.0,0.0,0.0
10/03/2024,14:50:35,10.96,7.96,20.91,9.99,12818.0,15.0,0.0,0.0,0.0,0.0
10/03/2024,14:56:21,10.96,7.97,20.91,9.99,12384.0,15.0,0.0,0.0,0.0,0.0
10/03/2024,15:02:09,10.96,7.95,20.88,9.99,12818.0,15.0,0.0,0.0,0.0,0.0
10/03/2024,15:07:55,10.96,7.97,20.88,9.99,12493.0,15.0,0.0,0.0,0.0,0.0
10/03/2024,15:13:43,10.96,7.95,20.88,9.99,12493.0,15.0,0.0,0.0,0.0,0.0
10/03/2024,15:19:29,10.96,7.95,20.91,9.99,12710.0,15.0,0.0,0.0,0.0,0.0
10/03/2024,15:25:16,10.95,7.96,20.91,9.99,12818.0,15.0,0.0,0.0,0.0,0.0
10/03/2024,15:31:04,10.96,7.96,20.91,9.99,12493.0,15.0,0.0,0.0,0.0,0.0
10/03/2024,15:36:50,10.96,7.95,20.91,9.99,12818.0,15.0,0.0,0.0,0.0,0.0
10/03/2024,15:42:38,10.95,7.96,20.88,9.99,12818.0,15.0,0.0,0.0,0.0,0.0
10/03/2024,15:48:24,10.95,7.95,20.88,9.99,12710.0,15.0,0.0,0.0,0.0,0.0
10/03/2024,15:54:11,10.95,7.94,20.94,9.99,12384.0,15.0,0.0,0.0,0.0,0.0
10/03/2024,15:59:58,10.94,7.96,20.94,9.99,12927.0,15.0,0.0,0.0,0.0,0.0
10/03/2024,16:05:45,10.94,7.94,20.94,9.99,12601.0,15.0,0.0,0.0,0.0,0.0
10/03/2024,16:11:33,10.94,7.95,20.99,9.99,12493.0,15.0,0.0,0.0,0.0,0.0
10/03/2024,16:17:19,10.94,7.96,20.99,9.99,12601.0,15.0,0.0,0.0,0.0,0.0
10/03/2024,16:23:06,10.94,7.94,20.99,9.99,12493.0,15.0,0.0,0.0,0.0,0.0
10/03/2024,16:28:53,10.94,7.94,20.99,9.99,12710.0,15.0,0.0,0.0,0.0,0.0
10/03/2024,16:34:40,10.95,7.94,21.02,9.99,12710.0,15.0,0.0,0.0,0.0,0.0
10/03/2024,16:40:28,10.94,7.93,21.04,9.99,12167.0,15.0,0.0,0.0,0.0,0.0
10/03/2024,16:46:14,10.95,7.95,21.02,9.99,12493.0,15.0,0.0,0.0,0.0,0.0
10/03/2024,16:52:01,10.95,7.94,21.02,9.99,12818.0,15.0,0.0,0.0,0.0,0.0
10/03/2024,16:57:48,10.96,7.95,21.02,9.99,12601.0,15.0,0.0,0.0,0.0,0.0
10/03/2024,17:03:35,10.96,7.96,21.04,9.99,12493.0,15.0,0.0,0.0,0.0,0.0
10/03/2024,17:09:22,10.96,7.94,21.02,9.99,12384.0,15.0,0.0,0.0,0.0,0.0
10/03/2024,17:15:09,10.97,7.96,21.02,9.99,12384.0,15.0,0.0,0.0,0.0,0.0
10/03/2024,17:20:57,10.97,7.95,21.02,9.99,12276.0,15.0,0.0,0.0,0.0,0.0
10/03/2024,17:26:43,10.96,7.94,21.02,9.99,12384.0,15.0,0.0,0.0,0.0,0.0
10/03/2024,17:32:30,10.96,7.94,21.02,9.99,12384.0,15.0,0.0,0.0,0.0,0.0
10/03/2024,17:38:17,10.96,7.95,20.99,9.99,12601.0,15.0,0.0,0.0,0.0,0.0
10/03/2024,17:44:04,10.95,7.95,20.99,9.99,12601.0,15.0,0.0,0.0,0.0,0.0
10/03/2024,17:49:51,10.95,7.95,20.99,9.99,12384.0,15.0,0.0,0.0,0.0,0.0
10/03/2024,17:55:38,10.94,7.94,20.99,9.99,12710.0,15.0,0.0,0.0,0.0,0.0
10/03/2024,18:01:25,10.94,7.94,21.02,9.99,13035.0,15.0,0.0,0.0,0.0,0.0
10/03/2024,18:07:12,10.94,7.92,21.04,9.99,13035.0,15.0,0.0,0.0,0.0,0.0
10/03/2024,18:12:59,10.94,7.94,21.04,9.99,12818.0,15.0,0.0,0.0,0.0,0.0
10/03/2024,18:18:46,10.94,7.94,21.04,9.99,12818.0,15.0,0.0,0.0,0.0,0.0
10/03/2024,18:24:33,10.94,7.94,21.07,9.99,12927.0,15.0,0.0,0.0,0.0,0.0
10/03/2024,18:30:20,10.94,7.93,21.1,9.99,12818.0,15.0,0.0,0.0,0.0,0.0
10/03/2024,18:36:07,10.95,7.94,21.1,9.99,12384.0,15.0,0.0,0.0,0.0,0.0
10/03/2024,18:41:54,10.95,7.93,21.13,9.99,12384.0,15.0,0.0,0.0,0.0,0.0
10/03/2024,18:47:41,10.95,7.93,21.13,9.99,12710.0,15.0,0.0,0.0,0.0,0.0
10/03/2024,18:53:28,10.95,7.96,21.15,9.99,12601.0,15.0,0.0,0.0,0.0,0.0
10/03/2024,18:59:14,10.95,7.94,21.15,9.99,12167.0,15.0,0.0,0.0,0.0,0.0
10/03/2024,19:05:02,10.95,7.93,21.15,9.99,12493.0,15.0,0.0,0.0,0.0,0.0
10/03/2024,19:10:48,10.96,7.93,21.21,9.99,12493.0,15.0,0.0,0.0,0.0,0.0
10/03/2024,19:16:36,10.95,7.93,21.21,9.99,12167.0,15.0,0.0,0.0,0.0,0.0
10/03/2024,19:22:23,10.95,7.93,21.21,9.99,12276.0,15.0,0.0,0.0,0.0,0.0
10/03/2024,19:28:09,10.96,7.91,21.18,9.99,12601.0,15.0,0.0,0.0,0.0,0.0
10/03/2024,19:33:57,10.95,7.93,21.18,9.99,12493.0,15.0,0.0,0.0,0.0,0.0
10/03/2024,19:39:43,10.95,7.94,21.18,9.99,12276.0,15.0,0.0,0.0,0.0,0.0
10/03/2024,19:45:31,10.95,7.94,21.21,9.99,12493.0,15.0,0.0,0.0,0.0,0.0
10/03/2024,19:51:18,10.95,7.93,21.21,9.99,12384.0,15.0,0.0,0.0,0.0,0.0
10/03/2024,19:57:04,10.95,7.93,21.21,9.99,12493.0,15.0,0.0,0.0,0.0,0.0
10/03/2024,20:02:52,10.95,7.92,21.21,9.99,12059.0,15.0,0.0,0.0,0.0,0.0
10/03/2024,20:08:38,10.96,7.92,21.21,9.99,12493.0,15.0,0.0,0.0,0.0,0.0
10/03/2024,20:14:26,10.96,7.92,21.23,9.99,12493.0,15.0,0.0,0.0,0.0,0.0
10/03/2024,20:20:12,10.96,7.92,21.21,9.99,12493.0,15.0,0.0,0.0,0.0,0.0
10/03/2024,20:25:59,10.96,7.92,21.23,9.99,12059.0,15.0,0.0,0.0,0.0,0.0
10/03/2024,20:31:47,10.96,7.92,21.23,9.99,12710.0,15.0,0.0,0.0,0.0,0.0
10/03/2024,20:37:33,10.96,7.93,21.26,9.99,12710.0,15.0,0.0,0.0,0.0,0.0
10/03/2024,20:43:21,10.96,7.95,21.29,9.99,12167.0,15.0,0.0,0.0,0.0,0.0
10/03/2024,20:49:07,10.96,7.93,21.31,9.99,12818.0,15.0,0.0,0.0,0.0,0.0
10/03/2024,20:54:55,10.96,7.94,21.31,9.99,12601.0,15.0,0.0,0.0,0.0,0.0
10/03/2024,21:00:41,10.97,7.92,21.31,9.99,12384.0,15.0,0.0,0.0,0.0,0.0
10/03/2024,21:06:28,10.97,7.91,21.34,9.99,12493.0,15.0,0.0,0.0,0.0,0.0
10/03/2024,21:12:16,10.97,7.92,21.31,9.99,12384.0,15.0,0.0,0.0,0.0,0.0
10/03/2024,21:18:02,10.98,7.93,21.31,9.99,12276.0,15.0,0.0,0.0,0.0,0.0
10/03/2024,21:23:50,10.98,7.94,21.31,9.99,12601.0,15.0,0.0,0.0,0.0,0.0
10/03/2024,21:29:36,10.98,7.93,21.26,9.99,12167.0,15.0,0.0,0.0,0.0,0.0
10/03/2024,21:35:23,10.98,7.93,21.29,9.99,12710.0,15.0,0.0,0.0,0.0,0.0
10/03/2024,21:41:11,10.98,7.94,21.29,9.99,12276.0,15.0,0.0,0.0,0.0,0.0
10/03/2024,21:46:57,10.97,7.93,21.29,9.99,12276.0,15.0,0.0,0.0,0.0,0.0
10/03/2024,21:52:45,10.97,7.93,21.29,9.99,12384.0,15.0,0.0,0.0,0.0,0.0
10/03/2024,21:58:31,10.98,7.93,21.29,9.99,12276.0,15.0,0.0,0.0,0.0,0.0
10/03/2024,22:04:18,10.98,7.93,21.29,9.99,12384.0,15.0,0.0,0.0,0.0,0.0
10/03/2024,22:10:05,10.98,7.95,21.29,9.99,12493.0,15.0,0.0,0.0,0.0,0.0
10/03/2024,22:15:52,10.98,7.94,21.21,9.99,12276.0,15.0,0.0,0.0,0.0,0.0
10/03/2024,22:21:40,10.97,7.96,21.18,9.99,12276.0,15.0,0.0,0.0,0.0,0.0
10/03/2024,22:27:26,10.97,7.95,21.15,9.99,12601.0,15.0,0.0,0.0,0.0,0.0
10/03/2024,22:33:13,10.97,7.94,21.13,9.99,12710.0,15.0,0.0,0.0,0.0,0.0
10/03/2024,22:39:00,10.97,7.95,21.13,9.99,12384.0,15.0,0.0,0.0,0.0,0.0
10/03/2024,22:44:47,10.97,7.93,21.1,9.99,12384.0,15.0,0.0,0.0,0.0,0.0
10/03/2024,22:50:35,10.96,7.95,21.07,9.99,12493.0,15.0,0.0,0.0,0.0,0.0
10/03/2024,22:56:21,10.96,7.92,21.07,9.99,12276.0,15.0,0.0,0.0,0.0,0.0
10/03/2024,23:02:08,10.96,7.94,21.04,9.99,12601.0,15.0,0.0,0.0,0.0,0.0
10/03/2024,23:07:55,10.96,7.95,20.99,9.99,12601.0,15.0,0.0,0.0,0.0,0.0
10/03/2024,23:13:42,10.96,7.96,20.99,9.99,12710.0,15.0,0.0,0.0,0.0,0.0
10/03/2024,23:19:29,10.96,7.96,20.96,9.99,12276.0,15.0,0.0,0.0,0.0,0.0
10/03/2024,23:25:16,10.96,7.96,20.94,9.99,12059.0,15.0,0.0,0.0,0.0,0.0
10/03/2024,23:31:03,10.96,7.96,20.91,9.99,12384.0,15.0,0.0,0.0,0.0,0.0
10/03/2024,23:36:50,10.95,7.95,20.91,9.99,12276.0,15.0,0.0,0.0,0.0,0.0
10/03/2024,23:42:37,10.96,7.95,20.88,9.99,12276.0,15.0,0.0,0.0,0.0,0.0
10/03/2024,23:48:24,10.95,7.96,20.88,9.99,12710.0,15.0,0.0,0.0,0.0,0.0
10/03/2024,23:54:11,10.95,7.96,20.88,9.99,12493.0,15.0,0.0,0.0,0.0,0.0
10/03/2024,23:59:58,10.95,7.96,20.86,9.99,12384.0,15.0,0.0,0.0,0.0,0.0
11/03/2024,00:00:00,10.95,7.96,20.86,9.99,12384.0,15.0,0.0,0.0,0.0,0.0
11/03/2024,00:05:46,10.95,7.97,20.83,9.99,12276.0,15.0,0.0,0.0,0.0,0.0
11/03/2024,00:11:33,10.95,7.98,20.83,9.99,12167.0,15.0,0.0,0.0,0.0,0.0
11/03/2024,00:17:20,10.95,7.97,20.83,9.99,12167.0,15.0,0.0,0.0,0.0,0.0
11/03/2024,00:23:07,10.95,7.98,20.8,9.99,12276.0,15.0,0.0,0.0,0.0,0.0
11/03/2024,00:28:54,10.95,7.99,20.8,9.99,12167.0,15.0,0.0,0.0,0.0,0.0
11/03/2024,00:34:41,10.95,7.97,20.8,9.99,12167.0,15.0,0.0,0.0,0.0,0.0
11/03/2024,00:40:28,10.95,7.97,20.8,9.99,12384.0,15.0,0.0,0.0,0.0,0.0
11/03/2024,00:46:15,10.95,7.98,20.8,9.99,12601.0,15.0,0.0,0.0,0.0,0.0
11/03/2024,00:52:02,10.95,7.98,20.8,9.99,12276.0,15.0,0.0,0.0,0.0,0.0
11/03/2024,00:57:49,10.94,7.98,20.8,9.99,12059.0,15.0,0.0,0.0,0.0,0.0
11/03/2024,01:03:36,10.95,7.97,20.78,9.99,12384.0,15.0,0.0,0.0,0.0,0.0
11/03/2024,01:09:22,10.95,7.97,20.78,9.99,12167.0,15.0,0.0,0.0,0.0,0.0
11/03/2024,01:15:10,10.95,7.98,20.75,9.99,12276.0,15.0,0.0,0.0,0.0,0.0
11/03/2024,01:20:57,10.95,7.98,20.75,9.99,12601.0,15.0,0.0,0.0,0.0,0.0
11/03/2024,01:26:44,10.95,7.98,20.75,9.99,12167.0,15.0,0.0,0.0,0.0,0.0
11/03/2024,01:32:31,10.94,7.97,20.75,9.99,12384.0,15.0,0.0,0.0,0.0,0.0
11/03/2024,01:38:17,10.95,7.98,20.75,9.99,12167.0,15.0,0.0,0.0,0.0,0.0
11/03/2024,01:44:05,10.95,7.99,20.75,9.99,12384.0,15.0,0.0,0.0,0.0,0.0
11/03/2024,01:49:52,10.95,7.98,20.75,9.99,12167.0,15.0,0.0,0.0,0.0,0.0
11/03/2024,01:55:39,10.95,8.0,20.72,9.99,12384.0,15.0,0.0,0.0,0.0,0.0
11/03/2024,02:01:26,10.97,7.98,20.72,9.99,12601.0,15.0,0.0,0.0,0.0,0.0
11/03/2024,02:07:12,10.94,8.0,20.72,9.99,12384.0,15.0,0.0,0.0,0.0,0.0
11/03/2024,02:13:00,10.94,7.98,20.72,9.99,12493.0,15.0,0.0,0.0,0.0,0.0
11/03/2024,02:18:46,10.94,7.98,20.72,9.99,12276.0,15.0,0.0,0.0,0.0,0.0
11/03/2024,02:24:34,10.94,7.98,20.72,9.99,12493.0,15.0,0.0,0.0,0.0,0.0
11/03/2024,02:30:20,10.95,7.99,20.72,9.99,12493.0,15.0,0.0,0.0,0.0,0.0
11/03/2024,02:36:07,10.95,7.99,20.72,9.99,12493.0,15.0,0.0,0.0,0.0,0.0
11/03/2024,02:41:55,10.95,7.99,20.72,9.99,12601.0,15.0,0.0,0.0,0.0,0.0
11/03/2024,02:47:41,10.95,7.99,20.72,9.99,12384.0,15.0,0.0,0.0,0.0,0.0
11/03/2024,02:53:29,10.95,7.99,20.72,9.99,12601.0,15.0,0.0,0.0,0.0,0.0
11/03/2024,02:59:15,10.94,7.99,20.69,9.99,12493.0,15.0,0.0,0.0,0.0,0.0
11/03/2024,03:05:02,10.94,8.0,20.69,9.99,12601.0,15.0,0.0,0.0,0.0,0.0
11/03/2024,03:10:49,10.94,8.0,20.69,9.99,12276.0,15.0,0.0,0.0,0.0,0.0
11/03/2024,03:16:36,10.94,7.97,20.69,9.99,12384.0,15.0,0.0,0.0,0.0,0.0
11/03/2024,03:22:24,10.94,8.0,20.69,9.99,12059.0,15.0,0.0,0.0,0.0,0.0
11/03/2024,03:28:10,10.94,7.99,20.69,9.99,12384.0,15.0,0.0,0.0,0.0,0.0
11/03/2024,03:33:58,10.94,7.99,20.69,9.99,12710.0,15.0,0.0,0.0,0.0,0.0
11/03/2024,03:39:44,10.94,8.0,20.69,9.99,12167.0,15.0,0.0,0.0,0.0,0.0
11/03/2024,03:45:31,10.94,7.99,20.69,9.99,12493.0,15.0,0.0,0.0,0.0,0.0
11/03/2024,03:51:19,10.94,7.99,20.69,9.99,12384.0,15.0,0.0,0.0,0.0,0.0
11/03/2024,03:57:05,10.94,8.01,20.69,9.99,12276.0,15.0,0.0,0.0,0.0,0.0
11/03/2024,04:02:53,10.94,8.0,20.69,9.99,12167.0,15.0,0.0,0.0,0.0,0.0
11/03/2024,04:08:39,10.94,8.0,20.69,9.99,12384.0,15.0,0.0,0.0,0.0,0.0
11/03/2024,04:14:26,10.94,7.99,20.69,9.99,12493.0,15.0,0.0,0.0,0.0,0.0
11/03/2024,04:20:13,10.94,8.0,20.69,9.99,12059.0,15.0,0.0,0.0,0.0,0.0
11/03/2024,04:26:00,10.94,7.99,20.69,9.99,12601.0,15.0,0.0,0.0,0.0,0.0
11/03/2024,04:31:48,10.94,7.99,20.69,9.99,12493.0,15.0,0.0,0.0,0.0,0.0
11/03/2024,04:37:34,10.94,7.99,20.69,9.99,12276.0,15.0,0.0,0.0,0.0,0.0
11/03/2024,04:43:21,10.94,7.99,20.69,9.99,12167.0,15.0,0.0,0.0,0.0,0.0
11/03/2024,04:49:08,10.94,7.99,20.69,9.99,12384.0,15.0,0.0,0.0,0.0,0.0
11/03/2024,04:54:55,10.94,7.99,20.69,9.99,12384.0,15.0,0.0,0.0,0.0,0.0
11/03/2024,05:00:43,10.94,7.99,20.69,9.99,12601.0,15.0,0.0,0.0,0.0,0.0
11/03/2024,05:06:29,10.94,8.0,20.69,9.99,12059.0,15.0,0.0,0.0,0.0,0.0
11/03/2024,05:12:16,10.94,8.0,20.69,9.99,12493.0,15.0,0.0,0.0,0.0,0.0
11/03/2024,05:18:03,10.94,7.99,20.69,9.99,12493.0,15.0,0.0,0.0,0.0,0.0
11/03/2024,05:23:50,10.94,8.0,20.69,9.99,12710.0,15.0,0.0,0.0,0.0,0.0
11/03/2024,05:29:38,10.94,8.01,20.69,9.99,11734.0,15.0,0.0,0.0,0.0,0.0
11/03/2024,05:35:24,10.94,8.0,20.69,9.99,12167.0,15.0,0.0,0.0,0.0,0.0
11/03/2024,05:41:11,10.93,8.01,20.69,9.99,12167.0,15.0,0.0,0.0,0.0,0.0
11/03/2024,05:46:58,10.93,8.0,20.69,9.99,12384.0,15.0,0.0,0.0,0.0,0.0
11/03/2024,05:52:45,10.94,8.01,20.69,9.99,12059.0,15.0,0.0,0.0,0.0,0.0
11/03/2024,05:58:32,10.94,8.0,20.69,9.99,12167.0,15.0,0.0,0.0,0.0,0.0
11/03/2024,06:04:19,10.93,8.0,20.69,9.99,12384.0,15.0,0.0,0.0,0.0,0.0
11/03/2024,06:10:06,10.93,7.99,20.69,9.99,12601.0,15.0,0.0,0.0,0.0,0.0
11/03/2024,06:15:53,10.93,8.0,20.69,9.99,12384.0,15.0,0.0,0.0,0.0,0.0
11/03/2024,06:21:40,10.93,8.0,20.69,9.99,12276.0,15.0,0.0,0.0,0.0,0.0
11/03/2024,06:27:27,10.93,8.0,20.69,9.99,12167.0,15.0,0.0,0.0,0.0,0.0
11/03/2024,06:33:14,10.93,8.01,20.69,9.99,12710.0,15.0,0.0,0.0,0.0,0.0
11/03/2024,06:39:00,10.93,7.99,20.69,9.99,12384.0,15.0,0.0,0.0,0.0,0.0
11/03/2024,06:44:48,10.93,7.99,20.69,9.99,12276.0,15.0,0.0,0.0,0.0,0.0
11/03/2024,06:50:35,10.93,8.01,20.69,9.99,11951.0,15.0,0.0,0.0,0.0,0.0
11/03/2024,06:56:22,10.93,8.01,20.69,9.99,12384.0,15.0,0.0,0.0,0.0,0.0
11/03/2024,07:02:09,10.93,8.01,20.69,9.99,12276.0,15.0,0.0,0.0,0.0,0.0
11/03/2024,07:07:56,10.93,8.01,20.69,9.99,12384.0,15.0,0.0,0.0,0.0,0.0
11/03/2024,07:13:43,10.93,8.01,20.69,9.99,11734.0,15.0,0.0,0.0,0.0,0.0
11/03/2024,07:19:30,10.93,8.0,20.69,9.99,12167.0,15.0,0.0,0.0,0.0,0.0
11/03/2024,07:25:17,10.93,8.02,20.69,9.99,12167.0,15.0,0.0,0.0,0.0,0.0
11/03/2024,07:31:04,10.93,8.01,20.69,9.99,11734.0,15.0,0.0,0.0,0.0,0.0
11/03/2024,07:36:51,10.93,8.01,20.69,9.99,12384.0,15.0,0.0,0.0,0.0,0.0
11/03/2024,07:42:38,10.93,8.01,20.69,9.99,12059.0,15.0,0.0,0.0,0.0,0.0
11/03/2024,07:48:24,10.93,8.01,20.69,9.99,11734.0,15.0,0.0,0.0,0.0,0.0
11/03/2024,07:54:12,10.93,8.0,20.69,9.99,11842.0,15.0,0.0,0.0,0.0,0.0
11/03/2024,07:59:59,10.93,8.03,20.69,9.99,11734.0,15.0,0.0,0.0,0.0,0.0
11/03/2024,08:05:46,10.93,8.02,20.69,9.99,12059.0,15.0,0.0,0.0,0.0,0.0
11/03/2024,08:11:33,10.93,8.02,20.69,9.99,12059.0,15.0,0.0,0.0,0.0,0.0
11/03/2024,08:17:19,10.93,8.0,20.69,9.99,12059.0,15.0,0.0,0.0,0.0,0.0
11/03/2024,08:23:07,10.94,8.0,20.69,9.99,12167.0,15.0,0.0,0.0,0.0,0.0
11/03/2024,08:28:54,10.94,7.99,20.69,9.99,12167.0,15.0,0.0,0.0,0.0,0.0
11/03/2024,08:34:41,10.94,8.01,20.69,9.99,12384.0,15.0,0.0,0.0,0.0,0.0
11/03/2024,08:40:28,10.93,8.01,20.69,9.99,11625.0,15.0,0.0,0.0,0.0,0.0
11/03/2024,08:46:14,10.93,8.01,20.69,9.99,11734.0,15.0,0.0,0.0,0.0,0.0
11/03/2024,08:52:02,10.93,8.01,20.69,9.99,11842.0,15.0,0.0,0.0,0.0,0.0
11/03/2024,08:57:48,10.94,8.02,20.69,9.99,12276.0,15.0,0.0,0.0,0.0,0.0
11/03/2024,09:03:36,10.94,8.02,20.69,9.99,11517.0,15.0,0.0,0.0,0.0,0.0
11/03/2024,09:09:23,10.94,8.0,20.69,9.99,11734.0,15.0,0.0,0.0,0.0,0.0
11/03/2024,09:15:09,10.95,8.01,20.69,9.99,11625.0,15.0,0.0,0.0,0.0,0.0
11/03/2024,09:20:57,10.94,8.01,20.69,9.99,11734.0,15.0,0.0,0.0,0.0,0.0
11/03/2024,09:26:43,10.94,8.02,20.69,9.99,11625.0,15.0,0.0,0.0,0.0,0.0
11/03/2024,09:32:31,10.95,8.01,20.69,9.99,11842.0,15.0,0.0,0.0,0.0,0.0
11/03/2024,09:38:17,10.95,8.0,20.69,9.99,12059.0,15.0,0.0,0.0,0.0,0.0
11/03/2024,09:44:04,10.95,8.02,20.69,9.99,11734.0,15.0,0.0,0.0,0.0,0.0
11/03/2024,09:49:52,10.94,8.0,20.69,9.99,11951.0,15.0,0.0,0.0,0.0,0.0
11/03/2024,09:55:38,10.94,8.0,20.69,9.99,11734.0,15.0,0.0,0.0,0.0,0.0
11/03/2024,10:01:26,10.93,8.0,20.69,9.99,11951.0,15.0,0.0,0.0,0.0,0.0
11/03/2024,10:07:12,10.94,8.01,20.69,9.99,11842.0,15.0,0.0,0.0,0.0,0.0
11/03/2024,10:12:59,10.92,8.01,20.69,9.99,12059.0,15.0,0.0,0.0,0.0,0.0
11/03/2024,10:18:47,10.92,8.01,20.69,9.99,12276.0,15.0,0.0,0.0,0.0,0.0
11/03/2024,10:24:33,10.92,8.0,20.69,9.99,12059.0,15.0,0.0,0.0,0.0,0.0
11/03/2024,10:30:21,10.92,7.99,20.69,9.99,12167.0,15.0,0.0,0.0,0.0,0.0
11/03/2024,10:36:07,10.92,7.98,20.69,9.99,12059.0,15.0,0.0,0.0,0.0,0.0
11/03/2024,10:41:55,10.93,8.0,20.69,9.99,11842.0,15.0,0.0,0.0,0.0,0.0
11/03/2024,10:47:42,10.93,7.99,20.72,9.99,11842.0,15.0,0.0,0.0,0.0,0.0
11/03/2024,10:53:28,10.93,8.0,20.72,9.99,12059.0,15.0,0.0,0.0,0.0,0.0
11/03/2024,10:59:16,10.94,7.97,20.75,9.99,12167.0,15.0,0.0,0.0,0.0,0.0
11/03/2024,11:05:02,10.94,7.98,20.75,9.99,12059.0,15.0,0.0,0.0,0.0,0.0
11/03/2024,11:10:50,10.93,7.97,20.78,9.99,12276.0,15.0,0.0,0.0,0.0,0.0
11/03/2024,11:16:36,10.94,7.98,20.78,9.99,11951.0,15.0,0.0,0.0,0.0,0.0
11/03/2024,11:22:23,10.94,7.98,20.78,9.99,11734.0,15.0,0.0,0.0,0.0,0.0
11/03/2024,11:28:11,10.94,7.97,20.78,9.99,11734.0,15.0,0.0,0.0,0.0,0.0
11/03/2024,11:33:57,10.95,7.98,20.8,9.99,11842.0,15.0,0.0,0.0,0.0,0.0
11/03/2024,11:39:45,10.95,7.97,20.8,9.99,12059.0,15.0,0.0,0.0,0.0,0.0
11/03/2024,11:45:31,10.95,7.97,20.83,9.99,11951.0,15.0,0.0,0.0,0.0,0.0
11/03/2024,11:51:18,10.96,7.96,20.83,9.99,12276.0,15.0,0.0,0.0,0.0,0.0
11/03/2024,11:57:05,10.95,7.96,20.86,9.99,11951.0,15.0,0.0,0.0,0.0,0.0
11/03/2024,12:02:52,10.95,7.97,20.86,9.99,11951.0,15.0,0.0,0.0,0.0,0.0
11/03/2024,12:08:40,10.95,7.96,20.86,9.99,12167.0,15.0,0.0,0.0,0.0,0.0
11/03/2024,12:14:26,10.95,7.97,20.86,9.99,11842.0,15.0,0.0,0.0,0.0,0.0
11/03/2024,12:20:13,10.95,7.96,20.86,9.99,11951.0,15.0,0.0,0.0,0.0,0.0
11/03/2024,12:26:00,10.95,7.95,20.88,9.99,11734.0,15.0,0.0,0.0,0.0,0.0
11/03/2024,12:31:47,10.95,7.97,20.86,9.99,11951.0,15.0,0.0,0.0,0.0,0.0
11/03/2024,12:37:35,10.95,7.96,20.88,9.99,11951.0,15.0,0.0,0.0,0.0,0.0
11/03/2024,12:43:21,10.95,7.96,20.88,9.99,11734.0,15.0,0.0,0.0,0.0,0.0
11/03/2024,12:49:08,10.95,7.95,20.88,9.99,11951.0,15.0,0.0,0.0,0.0,0.0
11/03/2024,12:54:55,10.95,7.98,20.88,9.99,11951.0,15.0,0.0,0.0,0.0,0.0
11/03/2024,13:00:42,10.95,7.97,20.91,9.99,12059.0,15.0,0.0,0.0,0.0,0.0
11/03/2024,13:06:29,10.95,7.96,20.91,9.99,12059.0,15.0,0.0,0.0,0.0,0.0
11/03/2024,13:12:16,10.95,7.95,20.91,9.99,11842.0,15.0,0.0,0.0,0.0,0.0
11/03/2024,13:18:03,10.95,7.95,20.91,9.99,11517.0,15.0,0.0,0.0,0.0,0.0
11/03/2024,13:23:50,10.95,7.96,20.91,9.99,11734.0,15.0,0.0,0.0,0.0,0.0
11/03/2024,13:29:37,10.94,7.96,20.91,9.99,11842.0,15.0,0.0,0.0,0.0,0.0
11/03/2024,13:35:24,10.94,7.96,20.91,9.99,11517.0,15.0,0.0,0.0,0.0,0.0
11/03/2024,13:41:11,10.94,7.96,20.94,9.99,11951.0,15.0,0.0,0.0,0.0,0.0
11/03/2024,13:46:58,10.94,7.98,20.96,9.99,11734.0,15.0,0.0,0.0,0.0,0.0
11/03/2024,13:52:45,10.94,7.96,20.96,9.99,12167.0,15.0,0.0,0.0,0.0,0.0
11/03/2024,13:58:32,10.94,7.96,20.96,9.99,11842.0,15.0,0.0,0.0,0.0,0.0
11/03/2024,14:04:19,10.94,7.95,20.96,9.99,11625.0,15.0,0.0,0.0,0.0,0.0
11/03/2024,14:10:06,10.94,7.95,20.96,9.99,11842.0,15.0,0.0,0.0,0.0,0.0
11/03/2024,14:15:53,10.95,7.94,20.96,9.99,11842.0,15.0,0.0,0.0,0.0,0.0
11/03/2024,14:21:40,10.94,7.95,20.94,9.99,11734.0,15.0,0.0,0.0,0.0,0.0
11/03/2024,14:27:26,10.94,7.94,20.94,9.99,12059.0,15.0,0.0,0.0,0.0,0.0
11/03/2024,14:33:14,10.94,7.96,20.94,9.99,12059.0,15.0,0.0,0.0,0.0,0.0
11/03/2024,14:39:01,10.94,7.94,20.94,9.99,11842.0,15.0,0.0,0.0,0.0,0.0
11/03/2024,14:44:48,10.94,7.94,20.94,9.99,12059.0,15.0,0.0,0.0,0.0,0.0
11/03/2024,14:50:35,10.94,7.93,20.99,9.99,11625.0,15.0,0.0,0.0,0.0,0.0
11/03/2024,14:56:21,10.94,7.94,21.02,9.99,11842.0,15.0,0.0,0.0,0.0,0.0
11/03/2024,15:02:09,10.94,7.95,21.02,9.99,12059.0,15.0,0.0,0.0,0.0,0.0
11/03/2024,15:07:56,10.94,7.95,21.02,9.99,11842.0,15.0,0.0,0.0,0.0,0.0
11/03/2024,15:13:43,10.94,7.96,21.02,9.99,11300.0,15.0,0.0,0.0,0.0,0.0
11/03/2024,15:19:30,10.94,7.96,20.99,9.99,11517.0,15.0,0.0,0.0,0.0,0.0
11/03/2024,15:25:16,10.94,7.95,20.99,9.99,11734.0,15.0,0.0,0.0,0.0,0.0
11/03/2024,15:31:04,10.94,7.95,20.99,9.99,12167.0,15.0,0.0,0.0,0.0,0.0
11/03/2024,15:36:51,10.94,7.96,20.99,9.99,11951.0,15.0,0.0,0.0,0.0,0.0
11/03/2024,15:42:38,10.93,7.96,21.02,9.99,11951.0,15.0,0.0,0.0,0.0,0.0
11/03/2024,15:48:25,10.94,7.94,21.02,9.99,11842.0,15.0,0.0,0.0,0.0,0.0
11/03/2024,15:54:11,10.93,7.94,21.04,9.99,11734.0,15.0,0.0,0.0,0.0,0.0
11/03/2024,15:59:59,10.93,7.94,21.04,9.99,11734.0,15.0,0.0,0.0,0.0,0.0
11/03/2024,16:05:45,10.93,7.95,21.04,9.99,11734.0,15.0,0.0,0.0,0.0,0.0
11/03/2024,16:11:33,10.93,7.95,21.04,9.99,11842.0,15.0,0.0,0.0,0.0,0.0
11/03/2024,16:17:20,10.93,7.94,21.07,9.99,11408.0,15.0,0.0,0.0,0.0,0.0
11/03/2024,16:23:06,10.92,7.94,21.07,9.99,11517.0,15.0,0.0,0.0,0.0,0.0
11/03/2024,16:28:54,10.93,7.96,21.1,9.99,11734.0,15.0,0.0,0.0,0.0,0.0
11/03/2024,16:34:40,10.93,7.94,21.1,9.99,11951.0,15.0,0.0,0.0,0.0,0.0
11/03/2024,16:40:28,10.94,7.94,21.13,9.99,11951.0,15.0,0.0,0.0,0.0,0.0
11/03/2024,16:46:15,10.94,7.93,21.15,9.99,11734.0,15.0,0.0,0.0,0.0,0.0
11/03/2024,16:52:01,10.94,7.93,21.15,9.99,11625.0,15.0,0.0,0.0,0.0,0.0
11/03/2024,16:57:49,10.94,7.94,21.15,9.99,11300.0,15.0,0.0,0.0,0.0,0.0
11/03/2024,17:03:35,10.94,7.92,21.15,9.99,11517.0,15.0,0.0,0.0,0.0,0.0
11/03/2024,17:09:23,10.94,7.94,21.18,9.99,11517.0,15.0,0.0,0.0,0.0,0.0
11/03/2024,17:15:09,10.95,7.93,21.13,9.99,11842.0,15.0,0.0,0.0,0.0,0.0
11/03/2024,17:20:57,10.96,7.93,21.13,9.99,11951.0,15.0,0.0,0.0,0.0,0.0
11/03/2024,17:26:44,10.95,7.94,21.1,9.99,11734.0,15.0,0.0,0.0,0.0,0.0
11/03/2024,17:32:30,10.94,7.93,21.13,9.99,11625.0,15.0,0.0,0.0,0.0,0.0
11/03/2024,17:38:18,10.94,7.95,21.13,9.99,11951.0,15.0,0.0,0.0,0.0,0.0
11/03/2024,17:44:04,10.94,7.94,21.15,9.99,11625.0,15.0,0.0,0.0,0.0,0.0
11/03/2024,17:49:52,10.94,7.94,21.15,9.99,11842.0,15.0,0.0,0.0,0.0,0.0
11/03/2024,17:55:39,10.94,7.93,21.15,9.99,11625.0,15.0,0.0,0.0,0.0,0.0
11/03/2024,18:01:25,10.94,7.94,21.13,9.99,12059.0,15.0,0.0,0.0,0.0,0.0
11/03/2024,18:07:13,10.94,7.94,21.1,9.99,11842.0,15.0,0.0,0.0,0.0,0.0
11/03/2024,18:12:59,10.96,7.93,21.1,9.99,11300.0,15.0,0.0,0.0,0.0,0.0
11/03/2024,18:18:47,10.95,7.94,21.1,9.99,11625.0,15.0,0.0,0.0,0.0,0.0
11/03/2024,18:24:34,10.94,7.93,21.1,9.99,11625.0,15.0,0.0,0.0,0.0,0.0
11/03/2024,18:30:20,10.94,7.93,21.07,9.99,11408.0,15.0,0.0,0.0,0.0,0.0
11/03/2024,18:36:08,10.94,7.93,21.1,9.99,11734.0,15.0,0.0,0.0,0.0,0.0
11/03/2024,18:41:54,10.94,7.93,21.07,9.99,11517.0,15.0,0.0,0.0,0.0,0.0
11/03/2024,18:47:42,10.94,7.94,21.07,9.99,11842.0,15.0,0.0,0.0,0.0,0.0
11/03/2024,18:53:28,10.94,7.94,21.07,9.99,11734.0,15.0,0.0,0.0,0.0,0.0
11/03/2024,18:59:15,10.94,7.94,21.04,9.99,11517.0,15.0,0.0,0.0,0.0,0.0
11/03/2024,19:05:03,10.95,7.94,21.04,9.99,11734.0,15.0,0.0,0.0,0.0,0.0
11/03/2024,19:10:49,10.94,7.92,21.04,9.99,11625.0,15.0,0.0,0.0,0.0,0.0
11/03/2024,19:16:37,10.94,7.95,21.04,9.99,11408.0,15.0,0.0,0.0,0.0,0.0
11/03/2024,19:22:23,10.94,7.94,21.04,9.99,11191.0,15.0,0.0,0.0,0.0,0.0
11/03/2024,19:28:10,10.94,7.94,21.07,9.99,11517.0,15.0,0.0,0.0,0.0,0.0
11/03/2024,19:33:57,10.93,7.94,21.07,9.99,11408.0,15.0,0.0,0.0,0.0,0.0
11/03/2024,19:39:44,10.94,7.95,21.1,9.99,11625.0,15.0,0.0,0.0,0.0,0.0
11/03/2024,19:45:32,10.93,7.95,21.1,9.99,11951.0,15.0,0.0,0.0,0.0,0.0
11/03/2024,19:51:18,10.93,7.96,21.07,9.99,11625.0,15.0,0.0,0.0,0.0,0.0
11/03/2024,19:57:05,10.94,7.93,21.07,9.99,11625.0,15.0,0.0,0.0,0.0,0.0
11/03/2024,20:02:52,10.94,7.93,21.07,9.99,11734.0,15.0,0.0,0.0,0.0,0.0
11/03/2024,20:08:39,10.93,7.94,21.1,9.99,11408.0,15.0,0.0,0.0,0.0,0.0
11/03/2024,20:14:26,10.94,7.95,21.13,9.99,11408.0,15.0,0.0,0.0,0.0,0.0
11/03/2024,20:20:13,10.93,7.94,21.18,9.99,11191.0,15.0,0.0,0.0,0.0,0.0
11/03/2024,20:26:00,10.93,7.94,21.26,9.99,11083.0,15.0,0.0,0.0,0.0,0.0
11/03/2024,20:31:47,10.93,7.91,21.29,9.99,11408.0,15.0,0.0,0.0,0.0,0.0
11/03/2024,20:37:34,10.93,7.93,21.34,9.99,11625.0,15.0,0.0,0.0,0.0,0.0
11/03/2024,20:43:21,10.93,7.93,21.42,9.99,11517.0,15.0,0.0,0.0,0.0,0.0
11/03/2024,20:49:08,10.93,7.93,21.45,9.99,11517.0,15.0,0.0,0.0,0.0,0.0
11/03/2024,20:54:55,10.94,7.93,21.48,9.99,11300.0,15.0,0.0,0.0,0.0,0.0
11/03/2024,21:00:42,10.94,7.92,21.53,9.99,11625.0,15.0,0.0,0.0,0.0,0.0
11/03/2024,21:06:29,10.95,7.92,21.53,9.99,11625.0,15.0,0.0,0.0,0.0,0.0
11/03/2024,21:12:16,10.95,7.9,21.58,9.99,11083.0,15.0,0.0,0.0,0.0,0.0
11/03/2024,21:18:03,10.95,7.92,21.61,9.99,11300.0,15.0,0.0,0.0,0.0,0.0
11/03/2024,21:23:50,10.96,7.91,21.61,9.99,11517.0,15.0,0.0,0.0,0.0,0.0
11/03/2024,21:29:37,10.96,7.9,21.61,9.99,11300.0,15.0,0.0,0.0,0.0,0.0
11/03/2024,21:35:23,10.95,7.91,21.64,9.99,10866.0,15.0,0.0,0.0,0.0,0.0
11/03/2024,21:41:11,10.95,7.91,21.69,9.99,11300.0,15.0,0.0,0.0,0.0,0.0
11/03/2024,21:46:58,10.95,7.9,21.72,9.99,10974.0,15.0,0.0,0.0,0.0,0.0
11/03/2024,21:52:45,10.95,7.91,21.72,9.99,11517.0,15.0,0.0,0.0,0.0,0.0
11/03/2024,21:58:32,10.94,7.91,21.75,9.99,11191.0,15.0,0.0,0.0,0.0,0.0
11/03/2024,22:04:18,10.95,7.92,21.75,9.99,11300.0,15.0,0.0,0.0,0.0,0.0
11/03/2024,22:10:06,10.94,7.9,21.75,9.99,11083.0,15.0,0.0,0.0,0.0,0.0
11/03/2024,22:15:52,10.94,7.92,21.72,9.99,11517.0,15.0,0.0,0.0,0.0,0.0
11/03/2024,22:21:40,10.94,7.9,21.69,9.99,11191.0,15.0,0.0,0.0,0.0,0.0
11/03/2024,22:27:27,10.93,7.91,21.69,9.99,11191.0,15.0,0.0,0.0,0.0,0.0
11/03/2024,22:33:13,10.93,7.91,21.66,9.99,11300.0,15.0,0.0,0.0,0.0,0.0
11/03/2024,22:39:01,10.93,7.9,21.66,9.99,11300.0,15.0,0.0,0.0,0.0,0.0
11/03/2024,22:44:47,10.94,7.92,21.66,9.99,11625.0,15.0,0.0,0.0,0.0,0.0
11/03/2024,22:50:35,10.94,7.93,21.61,9.99,11625.0,15.0,0.0,0.0,0.0,0.0
11/03/2024,22:56:21,10.94,7.92,21.56,9.99,11191.0,15.0,0.0,0.0,0.0,0.0
11/03/2024,23:02:08,10.94,7.92,21.53,9.99,11191.0,15.0,0.0,0.0,0.0,0.0
11/03/2024,23:07:56,10.94,7.93,21.5,9.99,11625.0,15.0,0.0,0.0,0.0,0.0
11/03/2024,23:13:42,10.94,7.94,21.48,9.99,11517.0,15.0,0.0,0.0,0.0,0.0
11/03/2024,23:19:30,10.94,7.92,21.42,9.99,11408.0,15.0,0.0,0.0,0.0,0.0
11/03/2024,23:25:16,10.94,7.93,21.42,9.99,11408.0,15.0,0.0,0.0,0.0,0.0
11/03/2024,23:31:03,10.94,7.94,21.37,9.99,11408.0,15.0,0.0,0.0,0.0,0.0
11/03/2024,23:36:50,10.94,7.93,21.37,9.99,11083.0,15.0,0.0,0.0,0.0,0.0
11/03/2024,23:42:37,10.94,7.94,21.31,9.99,11300.0,15.0,0.0,0.0,0.0,0.0
11/03/2024,23:48:25,10.94,7.94,21.31,9.99,11408.0,15.0,0.0,0.0,0.0,0.0
11/03/2024,23:54:11,10.94,7.95,21.23,9.99,11625.0,15.0,0.0,0.0,0.0,0.0
11/03/2024,23:59:59,10.94,7.97,21.21,9.99,11517.0,15.0,0.0,0.0,0.0,0.0
12/03/2024,00:00:00,10.94,7.97,21.21,9.99,11300.0,15.0,0.0,0.0,0.0,0.0
12/03/2024,00:05:46,10.94,7.95,21.21,9.99,11408.0,15.0,0.0,0.0,0.0,0.0
12/03/2024,00:11:33,10.94,7.96,21.15,9.99,11300.0,15.0,0.0,0.0,0.0,0.0
12/03/2024,00:17:20,10.94,7.97,21.15,9.99,11734.0,15.0,0.0,0.0,0.0,0.0
12/03/2024,00:23:07,10.94,7.95,21.15,9.99,11517.0,15.0,0.0,0.0,0.0,0.0
12/03/2024,00:28:55,10.94,7.96,21.07,9.99,11517.0,15.0,0.0,0.0,0.0,0.0
12/03/2024,00:34:41,10.94,7.96,21.07,9.99,11517.0,15.0,0.0,0.0,0.0,0.0
12/03/2024,00:40:28,10.94,7.95,21.07,9.99,11083.0,15.0,0.0,0.0,0.0,0.0
12/03/2024,00:46:15,10.95,7.96,21.02,9.99,11625.0,15.0,0.0,0.0,0.0,0.0
12/03/2024,00:52:02,10.94,7.95,20.99,9.99,11408.0,15.0,0.0,0.0,0.0,0.0
12/03/2024,00:57:50,10.94,7.97,20.96,9.99,11734.0,15.0,0.0,0.0,0.0,0.0
12/03/2024,01:03:36,10.95,7.96,20.94,9.99,11517.0,15.0,0.0,0.0,0.0,0.0
12/03/2024,01:09:23,10.94,7.97,20.91,9.99,11517.0,15.0,0.0,0.0,0.0,0.0
12/03/2024,01:15:10,10.94,7.95,20.91,9.99,11408.0,15.0,0.0,0.0,0.0,0.0
12/03/2024,01:20:57,10.94,7.98,20.88,9.99,11625.0,15.0,0.0,0.0,0.0,0.0
12/03/2024,01:26:44,10.94,7.97,20.88,9.99,11517.0,15.0,0.0,0.0,0.0,0.0
12/03/2024,01:32:31,10.95,7.97,20.88,9.99,11300.0,15.0,0.0,0.0,0.0,0.0
12/03/2024,01:38:18,10.95,7.97,20.86,9.99,11517.0,15.0,0.0,0.0,0.0,0.0
12/03/2024,01:44:05,10.95,7.98,20.83,9.99,11191.0,15.0,0.0,0.0,0.0,0.0
12/03/2024,01:49:52,10.94,7.98,20.83,9.99,11300.0,15.0,0.0,0.0,0.0,0.0
12/03/2024,01:55:39,10.95,7.98,20.8,9.99,11625.0,15.0,0.0,0.0,0.0,0.0
12/03/2024,02:01:26,10.94,7.98,20.8,9.99,11842.0,15.0,0.0,0.0,0.0,0.0
12/03/2024,02:07:13,10.94,7.98,20.8,9.99,11517.0,15.0,0.0,0.0,0.0,0.0
12/03/2024,02:13:00,10.94,7.97,20.8,9.99,11300.0,15.0,0.0,0.0,0.0,0.0
12/03/2024,02:18:47,10.95,7.98,20.78,9.99,10974.0,15.0,0.0,0.0,0.0,0.0
12/03/2024,02:24:34,10.95,8.0,20.78,9.99,11517.0,15.0,0.0,0.0,0.0,0.0
12/03/2024,02:30:21,10.95,7.98,20.75,9.99,11300.0,15.0,0.0,0.0,0.0,0.0
12/03/2024,02:36:07,10.95,7.98,20.75,9.99,11300.0,15.0,0.0,0.0,0.0,0.0
12/03/2024,02:41:55,10.95,7.99,20.75,9.99,11300.0,15.0,0.0,0.0,0.0,0.0
12/03/2024,02:47:42,10.95,7.98,20.75,9.99,11517.0,15.0,0.0,0.0,0.0,0.0
12/03/2024,02:53:29,10.94,8.0,20.75,9.99,10866.0,15.0,0.0,0.0,0.0,0.0
12/03/2024,02:59:16,10.94,7.99,20.72,9.99,11300.0,15.0,0.0,0.0,0.0,0.0
12/03/2024,03:05:02,10.94,7.99,20.75,9.99,11517.0,15.0,0.0,0.0,0.0,0.0
12/03/2024,03:10:50,10.94,7.99,20.75,9.99,11408.0,15.0,0.0,0.0,0.0,0.0
12/03/2024,03:16:37,10.95,7.99,20.75,9.99,11300.0,15.0,0.0,0.0,0.0,0.0
12/03/2024,03:22:24,10.95,7.98,20.72,9.99,11083.0,15.0,0.0,0.0,0.0,0.0
12/03/2024,03:28:11,10.94,7.98,20.72,9.99,11517.0,15.0,0.0,0.0,0.0,0.0
12/03/2024,03:33:59,10.94,7.99,20.72,9.99,11517.0,15.0,0.0,0.0,0.0,0.0
12/03/2024,03:39:45,10.94,7.99,20.72,9.99,11517.0,15.0,0.0,0.0,0.0,0.0
12/03/2024,03:45:32,10.94,7.99,20.72,9.99,11408.0,15.0,0.0,0.0,0.0,0.0
12/03/2024,03:51:19,10.94,8.0,20.69,9.99,11300.0,15.0,0.0,0.0,0.0,0.0
12/03/2024,03:57:06,10.94,8.01,20.69,9.99,11408.0,15.0,0.0,0.0,0.0,0.0
12/03/2024,04:02:53,10.95,8.01,20.69,9.99,11408.0,15.0,0.0,0.0,0.0,0.0
12/03/2024,04:08:40,10.94,8.0,20.69,9.99,11300.0,15.0,0.0,0.0,0.0,0.0
12/03/2024,04:14:27,10.95,7.99,20.69,9.99,11408.0,15.0,0.0,0.0,0.0,0.0
12/03/2024,04:20:14,10.95,8.01,20.69,9.99,11300.0,15.0,0.0,0.0,0.0,0.0
12/03/2024,04:26:01,10.95,7.98,20.69,9.99,11517.0,15.0,0.0,0.0,0.0,0.0
12/03/2024,04:31:48,10.94,8.0,20.69,9.99,11517.0,15.0,0.0,0.0,0.0,0.0
12/03/2024,04:37:35,10.94,8.01,20.69,9.99,11625.0,15.0,0.0,0.0,0.0,0.0
12/03/2024,04:43:22,10.95,8.01,20.69,9.99,11408.0,15.0,0.0,0.0,0.0,0.0
12/03/2024,04:49:09,10.94,8.01,20.69,9.99,11517.0,15.0,0.0,0.0,0.0,0.0
12/03/2024,04:54:56,10.94,7.99,20.69,9.99,11408.0,15.0,0.0,0.0,0.0,0.0
12/03/2024,05:00:43,10.94,8.0,20.69,9.99,11300.0,15.0,0.0,0.0,0.0,0.0
12/03/2024,05:06:30,10.94,8.01,20.69,9.99,11300.0,15.0,0.0,0.0,0.0,0.0
12/03/2024,05:12:16,10.94,7.98,20.69,9.99,11408.0,15.0,0.0,0.0,0.0,0.0
12/03/2024,05:18:04,10.94,8.0,20.69,9.99,11734.0,15.0,0.0,0.0,0.0,0.0
12/03/2024,05:23:51,10.94,8.02,20.69,9.99,11517.0,15.0,0.0,0.0,0.0,0.0
12/03/2024,05:29:38,10.94,8.01,20.69,9.99,10974.0,15.0,0.0,0.0,0.0,0.0
12/03/2024,05:35:25,10.94,8.0,20.69,9.99,11300.0,15.0,0.0,0.0,0.0,0.0
12/03/2024,05:41:11,10.93,8.02,20.69,9.99,11734.0,15.0,0.0,0.0,0.0,0.0
12/03/2024,05:46:59,10.93,8.0,20.69,9.99,11517.0,15.0,0.0,0.0,0.0,0.0
12/03/2024,05:52:46,10.93,8.01,20.69,9.99,11300.0,15.0,0.0,0.0,0.0,0.0
12/03/2024,05:58:33,10.92,8.01,20.69,9.99,11625.0,15.0,0.0,0.0,0.0,0.0
12/03/2024,06:04:20,10.92,8.01,20.69,9.99,11517.0,15.0,0.0,0.0,0.0,0.0
12/03/2024,06:10:06,10.91,8.01,20.69,9.99,11408.0,15.0,0.0,0.0,0.0,0.0
12/03/2024,06:15:54,10.92,8.01,20.69,9.99,11408.0,15.0,0.0,0.0,0.0,0.0
12/03/2024,06:21:40,10.91,8.02,20.69,9.99,11408.0,15.0,0.0,0.0,0.0,0.0
12/03/2024,06:27:28,10.91,8.0,20.69,9.99,11408.0,15.0,0.0,0.0,0.0,0.0
12/03/2024,06:33:15,10.91,8.0,20.69,9.99,11734.0,15.0,0.0,0.0,0.0,0.0
12/03/2024,06:39:01,10.91,8.02,20.69,9.99,11083.0,15.0,0.0,0.0,0.0,0.0
12/03/2024,06:44:49,10.91,8.01,20.69,9.99,11191.0,15.0,0.0,0.0,0.0,0.0
12/03/2024,06:50:35,10.91,8.0,20.69,9.99,11517.0,15.0,0.0,0.0,0.0,0.0
12/03/2024,06:56:23,10.91,8.0,20.69,9.99,11734.0,15.0,0.0,0.0,0.0,0.0
12/03/2024,07:02:10,10.91,8.0,20.69,9.99,11625.0,15.0,0.0,0.0,0.0,0.0
12/03/2024,07:07:57,10.91,8.01,20.69,9.99,11625.0,15.0,0.0,0.0,0.0,0.0
12/03/2024,07:13:44,10.91,8.01,20.69,9.99,11300.0,15.0,0.0,0.0,0.0,0.0
12/03/2024,07:19:30,10.91,8.0,20.69,9.99,11517.0,15.0,0.0,0.0,0.0,0.0
12/03/2024,07:25:18,10.91,8.01,20.69,9.99,11625.0,15.0,0.0,0.0,0.0,0.0
12/03/2024,07:31:04,10.91,8.01,20.69,9.99,11517.0,15.0,0.0,0.0,0.0,0.0
12/03/2024,07:36:52,10.91,8.01,20.69,9.99,11408.0,15.0,0.0,0.0,0.0,0.0
12/03/2024,07:42:39,10.91,8.02,20.69,9.99,11083.0,15.0,0.0,0.0,0.0,0.0
12/03/2024,07:48:25,10.92,8.0,20.69,9.99,11300.0,15.0,0.0,0.0,0.0,0.0
12/03/2024,07:54:13,10.93,8.0,20.69,9.99,11625.0,15.0,0.0,0.0,0.0,0.0
12/03/2024,07:59:59,10.92,8.01,20.69,9.99,11191.0,15.0,0.0,0.0,0.0,0.0
12/03/2024,08:05:47,10.93,8.02,20.69,9.99,11300.0,15.0,0.0,0.0,0.0,0.0
12/03/2024,08:11:33,10.93,8.01,20.69,9.99,11408.0,15.0,0.0,0.0,0.0,0.0
12/03/2024,08:17:20,10.93,8.01,20.69,9.99,11517.0,15.0,0.0,0.0,0.0,0.0
12/03/2024,08:23:08,10.93,8.01,20.69,9.99,11191.0,15.0,0.0,0.0,0.0,0.0
12/03/2024,08:28:54,10.93,8.0,20.69,9.99,11408.0,15.0,0.0,0.0,0.0,0.0
12/03/2024,08:34:42,10.93,8.02,20.69,9.99,11408.0,15.0,0.0,0.0,0.0,0.0
12/03/2024,08:40:28,10.93,8.03,20.69,9.99,11408.0,15.0,0.0,0.0,0.0,0.0
12/03/2024,08:46:15,10.93,8.01,20.69,9.99,11408.0,15.0,0.0,0.0,0.0,0.0
12/03/2024,08:52:03,10.93,8.01,20.69,9.99,11625.0,15.0,0.0,0.0,0.0,0.0
12/03/2024,08:57:49,10.94,8.02,20.69,9.99,11300.0,15.0,0.0,0.0,0.0,0.0
12/03/2024,09:03:37,10.93,8.0,20.69,9.99,11300.0,15.0,0.0,0.0,0.0,0.0
12/03/2024,09:09:23,10.94,8.01,20.69,9.99,11083.0,15.0,0.0,0.0,0.0,0.0
12/03/2024,09:15:10,10.93,8.0,20.69,9.99,11517.0,15.0,0.0,0.0,0.0,0.0
12/03/2024,09:20:57,10.94,8.02,20.69,9.99,11408.0,15.0,0.0,0.0,0.0,0.0
12/03/2024,09:26:44,10.93,8.0,20.72,9.99,11191.0,15.0,0.0,0.0,0.0,0.0
12/03/2024,09:32:31,10.93,7.99,20.75,9.99,10432.0,15.0,0.0,0.0,0.0,0.0
12/03/2024,09:38:18,10.93,8.0,20.78,9.99,10866.0,15.0,0.0,0.0,0.0,0.0
12/03/2024,09:44:05,10.94,7.99,20.8,9.99,11191.0,15.0,0.0,0.0,0.0,0.0
12/03/2024,09:49:52,10.94,7.97,20.86,9.99,11408.0,15.0,0.0,0.0,0.0,0.0
12/03/2024,09:55:39,10.94,7.97,20.91,9.99,11408.0,15.0,0.0,0.0,0.0,0.0
12/03/2024,10:01:26,10.94,7.97,20.94,9.99,11300.0,15.0,0.0,0.0,0.0,0.0
12/03/2024,10:07:13,10.93,7.97,21.02,9.99,10974.0,15.0,0.0,0.0,0.0,0.0
12/03/2024,10:13:00,10.93,7.96,21.04,9.99,11300.0,15.0,0.0,0.0,0.0,0.0
12/03/2024,10:18:47,10.92,7.95,21.13,9.99,10866.0,15.0,0.0,0.0,0.0,0.0
12/03/2024,10:24:34,10.92,7.96,21.18,9.99,10974.0,15.0,0.0,0.0,0.0,0.0
12/03/2024,10:30:21,10.92,7.94,21.18,9.99,11191.0,15.0,0.0,0.0,0.0,0.0
12/03/2024,10:36:08,10.91,7.95,21.34,9.99,10974.0,15.0,0.0,0.0,0.0,0.0
12/03/2024,10:41:55,10.92,7.96,21.37,9.99,10432.0,15.0,0.0,0.0,0.0,0.0
12/03/2024,10:47:42,10.92,7.95,21.48,9.99,10866.0,15.0,0.0,0.0,0.0,0.0
12/03/2024,10:53:28,10.93,7.93,21.53,9.99,10323.0,15.0,0.0,0.0,0.0,0.0
12/03/2024,10:59:16,10.92,7.94,21.56,9.99,10540.0,15.0,0.0,0.0,0.0,0.0
12/03/2024,11:05:03,10.93,7.93,21.61,9.99,10757.0,15.0,0.0,0.0,0.0,0.0
12/03/2024,11:10:50,10.93,7.93,21.64,9.99,10974.0,15.0,0.0,0.0,0.0,0.0
12/03/2024,11:16:37,10.93,7.91,21.69,9.99,10649.0,15.0,0.0,0.0,0.0,0.0
12/03/2024,11:22:23,10.92,7.92,21.69,9.99,11083.0,15.0,0.0,0.0,0.0,0.0
12/03/2024,11:28:11,10.92,7.93,21.75,9.99,10649.0,15.0,0.0,0.0,0.0,0.0
12/03/2024,11:33:58,10.93,7.92,21.77,9.99,11408.0,15.0,0.0,0.0,0.0,0.0
12/03/2024,11:39:45,10.92,7.9,21.8,9.99,11083.0,15.0,0.0,0.0,0.0,0.0
12/03/2024,11:45:32,10.93,7.89,21.8,9.99,10649.0,15.0,0.0,0.0,0.0,0.0
12/03/2024,11:51:18,10.91,7.91,21.83,9.99,10974.0,15.0,0.0,0.0,0.0,0.0
12/03/2024,11:57:06,10.91,7.9,21.83,9.99,10649.0,15.0,0.0,0.0,0.0,0.0
12/03/2024,12:02:52,10.91,7.89,21.85,9.99,10866.0,15.0,0.0,0.0,0.0,0.0
12/03/2024,12:08:40,10.9,7.89,21.85,9.99,10540.0,15.0,0.0,0.0,0.0,0.0
12/03/2024,12:14:27,10.91,7.89,21.85,9.99,10757.0,15.0,0.0,0.0,0.0,0.0
12/03/2024,12:20:13,10.9,7.88,21.88,9.99,10866.0,15.0,0.0,0.0,0.0,0.0
12/03/2024,12:26:01,10.9,7.88,21.88,9.99,10432.0,15.0,0.0,0.0,0.0,0.0
12/03/2024,12:31:47,10.91,7.89,21.88,9.99,10757.0,15.0,0.0,0.0,0.0,0.0
12/03/2024,12:37:35,10.91,7.88,21.88,9.99,10757.0,15.0,0.0,0.0,0.0,0.0
12/03/2024,12:43:21,10.91,7.87,21.88,9.99,10106.0,15.0,0.0,0.0,0.0,0.0
12/03/2024,12:49:08,10.91,7.88,21.88,9.99,10866.0,15.0,0.0,0.0,0.0,0.0
12/03/2024,12:54:56,10.91,7.86,21.88,9.99,10757.0,15.0,0.0,0.0,0.0,0.0
12/03/2024,13:00:42,10.91,7.84,21.88,9.99,10323.0,15.0,0.0,0.0,0.0,0.0
12/03/2024,13:06:30,10.91,7.85,21.88,9.99,10432.0,15.0,0.0,0.0,0.0,0.0
12/03/2024,13:12:16,10.91,7.87,21.91,9.99,10757.0,15.0,0.0,0.0,0.0,0.0
12/03/2024,13:18:03,10.92,7.86,21.91,9.99,10866.0,15.0,0.0,0.0,0.0,0.0
12/03/2024,13:23:51,10.91,7.86,21.91,9.99,11083.0,15.0,0.0,0.0,0.0,0.0
12/03/2024,13:29:37,10.91,7.86,21.91,9.99,10866.0,15.0,0.0,0.0,0.0,0.0
12/03/2024,13:35:25,10.91,7.85,21.91,9.99,10323.0,15.0,0.0,0.0,0.0,0.0
12/03/2024,13:41:11,10.91,7.84,21.91,9.99,10757.0,15.0,0.0,0.0,0.0,0.0
12/03/2024,13:46:59,10.91,7.85,21.91,9.99,10757.0,15.0,0.0,0.0,0.0,0.0
12/03/2024,13:52:46,10.91,7.85,21.91,9.99,10757.0,15.0,0.0,0.0,0.0,0.0
12/03/2024,13:58:32,10.9,7.84,21.91,9.99,10540.0,15.0,0.0,0.0,0.0,0.0
12/03/2024,14:04:20,10.9,7.82,21.91,9.99,11083.0,15.0,0.0,0.0,0.0,0.0
12/03/2024,14:10:06,10.9,7.83,21.91,9.99,10974.0,15.0,0.0,0.0,0.0,0.0
12/03/2024,14:15:54,10.9,7.84,21.91,9.99,10540.0,15.0,0.0,0.0,0.0,0.0
12/03/2024,14:21:40,10.9,7.83,21.91,9.99,10649.0,15.0,0.0,0.0,0.0,0.0
12/03/2024,14:27:27,10.9,7.84,21.91,9.99,10866.0,15.0,0.0,0.0,0.0,0.0
12/03/2024,14:33:15,10.9,7.83,21.91,9.99,10866.0,15.0,0.0,0.0,0.0,0.0
12/03/2024,14:39:01,10.9,7.82,21.91,9.99,10432.0,15.0,0.0,0.0,0.0,0.0
12/03/2024,14:44:49,10.9,7.83,21.91,9.99,10432.0,15.0,0.0,0.0,0.0,0.0
12/03/2024,14:50:35,10.89,7.82,21.91,9.99,10215.0,15.0,0.0,0.0,0.0,0.0
12/03/2024,14:56:22,10.9,7.83,21.91,9.99,10974.0,15.0,0.0,0.0,0.0,0.0
12/03/2024,15:02:09,10.9,7.82,21.91,9.99,10649.0,15.0,0.0,0.0,0.0,0.0
12/03/2024,15:07:56,10.9,7.82,21.91,9.99,10649.0,15.0,0.0,0.0,0.0,0.0
12/03/2024,15:13:44,10.9,7.82,21.91,9.99,10323.0,15.0,0.0,0.0,0.0,0.0
12/03/2024,15:19:30,10.9,7.82,21.91,9.99,10866.0,15.0,0.0,0.0,0.0,0.0
12/03/2024,15:25:17,10.89,7.8,21.91,9.99,10540.0,15.0,0.0,0.0,0.0,0.0
12/03/2024,15:31:05,10.9,7.82,21.91,9.99,10649.0,15.0,0.0,0.0,0.0,0.0
12/03/2024,15:36:51,10.9,7.82,21.91,9.99,10757.0,15.0,0.0,0.0,0.0,0.0
12/03/2024,15:42:39,10.9,7.81,21.91,9.99,10432.0,15.0,0.0,0.0,0.0,0.0
12/03/2024,15:48:25,10.9,7.81,21.91,9.99,10432.0,15.0,0.0,0.0,0.0,0.0
12/03/2024,15:54:12,10.9,7.8,21.91,9.99,10323.0,15.0,0.0,0.0,0.0,0.0
12/03/2024,15:59:59,10.9,7.8,21.91,9.99,10432.0,15.0,0.0,0.0,0.0,0.0
12/03/2024,16:05:46,10.9,7.8,21.91,9.99,9998.0,15.0,0.0,0.0,0.0,0.0
12/03/2024,16:11:34,10.91,7.79,21.91,9.99,10432.0,15.0,0.0,0.0,0.0,0.0
12/03/2024,16:17:20,10.91,7.8,21.91,9.99,10432.0,15.0,0.0,0.0,0.0,0.0
12/03/2024,16:23:07,10.91,7.8,21.93,9.99,10432.0,15.0,0.0,0.0,0.0,0.0
12/03/2024,16:28:54,10.91,7.79,21.93,9.99,10215.0,15.0,0.0,0.0,0.0,0.0
12/03/2024,16:34:41,10.91,7.81,21.93,9.99,10323.0,15.0,0.0,0.0,0.0,0.0
12/03/2024,16:40:29,10.91,7.8,21.93,9.99,10649.0,15.0,0.0,0.0,0.0,0.0
12/03/2024,16:46:15,10.91,7.8,21.93,9.99,10215.0,15.0,0.0,0.0,0.0,0.0
12/03/2024,16:52:02,10.9,7.79,21.93,9.99,10757.0,15.0,0.0,0.0,0.0,0.0
12/03/2024,16:57:49,10.91,7.81,21.93,9.99,10540.0,15.0,0.0,0.0,0.0,0.0
12/03/2024,17:03:36,10.91,7.8,21.93,9.99,10432.0,15.0,0.0,0.0,0.0,0.0
12/03/2024,17:09:23,10.9,7.8,21.93,9.99,10323.0,15.0,0.0,0.0,0.0,0.0
12/03/2024,17:15:10,10.91,7.8,21.93,9.99,10106.0,15.0,0.0,0.0,0.0,0.0
12/03/2024,17:20:58,10.91,7.8,21.93,9.99,9672.0,15.0,0.0,0.0,0.0,0.0
12/03/2024,17:26:44,10.91,7.8,21.93,9.99,10106.0,15.0,0.0,0.0,0.0,0.0
12/03/2024,17:32:31,10.91,7.8,21.93,9.99,10540.0,15.0,0.0,0.0,0.0,0.0
12/03/2024,17:38:18,10.91,7.79,21.93,9.99,10540.0,15.0,0.0,0.0,0.0,0.0
12/03/2024,17:44:05,10.92,7.8,21.93,9.99,10215.0,15.0,0.0,0.0,0.0,0.0
12/03/2024,17:49:53,10.91,7.81,21.93,9.99,10215.0,15.0,0.0,0.0,0.0,0.0
12/03/2024,17:55:39,10.92,7.79,21.93,9.99,9998.0,15.0,0.0,0.0,0.0,0.0
12/03/2024,18:01:26,10.91,7.8,21.93,9.99,9889.0,15.0,0.0,0.0,0.0,0.0
12/03/2024,18:07:13,10.91,7.81,21.93,9.99,10323.0,15.0,0.0,0.0,0.0,0.0
12/03/2024,18:13:00,10.91,7.78,21.93,9.99,9998.0,15.0,0.0,0.0,0.0,0.0
12/03/2024,18:18:47,10.92,7.81,21.93,9.99,10106.0,15.0,0.0,0.0,0.0,0.0
12/03/2024,18:24:34,10.92,7.8,21.91,9.99,10323.0,15.0,0.0,0.0,0.0,0.0
12/03/2024,18:30:20,10.92,7.81,21.91,9.99,10106.0,15.0,0.0,0.0,0.0,0.0
12/03/2024,18:36:08,10.92,7.79,21.91,9.99,9672.0,15.0,0.0,0.0,0.0,0.0
12/03/2024,18:41:55,10.92,7.8,21.91,9.99,9889.0,15.0,0.0,0.0,0.0,0.0
12/03/2024,18:47:42,10.93,7.8,21.91,9.99,9998.0,15.0,0.0,0.0,0.0,0.0
12/03/2024,18:53:29,10.93,7.79,21.91,9.99,9672.0,15.0,0.0,0.0,0.0,0.0
12/03/2024,18:59:15,10.93,7.8,21.91,9.99,10432.0,15.0,0.0,0.0,0.0,0.0
12/03/2024,19:05:03,10.93,7.81,21.91,9.99,10323.0,15.0,0.0,0.0,0.0,0.0
12/03/2024,19:10:50,10.93,7.81,21.91,9.99,10215.0,15.0,0.0,0.0,0.0,0.0
12/03/2024,19:16:37,10.94,7.82,21.91,9.99,10323.0,15.0,0.0,0.0,0.0,0.0
12/03/2024,19:22:24,10.94,7.81,21.91,9.99,9998.0,15.0,0.0,0.0,0.0,0.0
12/03/2024,19:28:10,10.94,7.82,21.91,9.99,10432.0,15.0,0.0,0.0,0.0,0.0
12/03/2024,19:33:58,10.94,7.82,21.91,9.99,9889.0,15.0,0.0,0.0,0.0,0.0
12/03/2024,19:39:44,10.94,7.82,21.91,9.99,10106.0,15.0,0.0,0.0,0.0,0.0
12/03/2024,19:45:32,10.94,7.83,21.91,9.99,9998.0,15.0,0.0,0.0,0.0,0.0
12/03/2024,19:51:19,10.94,7.82,21.91,9.99,9998.0,15.0,0.0,0.0,0.0,0.0
12/03/2024,19:57:05,10.94,7.84,21.91,9.99,10215.0,15.0,0.0,0.0,0.0,0.0
12/03/2024,20:02:53,10.94,7.83,21.91,9.99,10106.0,15.0,0.0,0.0,0.0,0.0
12/03/2024,20:08:39,10.93,7.84,21.91,9.99,10215.0,15.0,0.0,0.0,0.0,0.0
12/03/2024,20:14:27,10.94,7.84,21.91,9.99,10215.0,15.0,0.0,0.0,0.0,0.0
12/03/2024,20:20:13,10.93,7.84,21.91,9.99,10106.0,15.0,0.0,0.0,0.0,0.0
12/03/2024,20:26:00,10.93,7.85,21.91,9.99,10323.0,15.0,0.0,0.0,0.0,0.0
12/03/2024,20:31:48,10.93,7.83,21.91,9.99,9781.0,15.0,0.0,0.0,0.0,0.0
12/03/2024,20:37:34,10.93,7.84,21.91,9.99,10215.0,15.0,0.0,0.0,0.0,0.0
12/03/2024,20:43:22,10.93,7.82,21.91,9.99,10323.0,15.0,0.0,0.0,0.0,0.0
12/03/2024,20:49:08,10.93,7.84,21.91,9.99,10106.0,15.0,0.0,0.0,0.0,0.0
12/03/2024,20:54:56,10.93,7.84,21.91,9.99,9998.0,15.0,0.0,0.0,0.0,0.0
12/03/2024,21:00:42,10.93,7.84,21.91,9.99,10323.0,15.0,0.0,0.0,0.0,0.0
12/03/2024,21:06:29,10.93,7.84,21.91,9.99,9998.0,15.0,0.0,0.0,0.0,0.0
12/03/2024,21:12:17,10.93,7.84,21.91,9.99,9672.0,15.0,0.0,0.0,0.0,0.0
12/03/2024,21:18:03,10.94,7.86,21.91,9.99,10215.0,15.0,0.0,0.0,0.0,0.0
12/03/2024,21:23:51,10.94,7.86,21.91,9.99,10106.0,15.0,0.0,0.0,0.0,0.0
12/03/2024,21:29:37,10.93,7.85,21.91,9.99,9889.0,15.0,0.0,0.0,0.0,0.0
12/03/2024,21:35:24,10.94,7.87,21.91,9.99,10432.0,15.0,0.0,0.0,0.0,0.0
12/03/2024,21:41:11,10.94,7.87,21.91,9.99,9998.0,15.0,0.0,0.0,0.0,0.0
12/03/2024,21:46:58,10.94,7.86,21.91,9.99,9998.0,15.0,0.0,0.0,0.0,0.0
12/03/2024,21:52:46,10.93,7.86,21.91,9.99,10106.0,15.0,0.0,0.0,0.0,0.0
12/03/2024,21:58:32,10.93,7.85,21.91,9.99,9564.0,15.0,0.0,0.0,0.0,0.0
12/03/2024,22:04:19,10.93,7.87,21.91,9.99,10323.0,15.0,0.0,0.0,0.0,0.0
12/03/2024,22:10:06,10.93,7.87,21.91,9.99,10649.0,15.0,0.0,0.0,0.0,0.0
12/03/2024,22:15:53,10.93,7.85,21.91,9.99,10215.0,15.0,0.0,0.0,0.0,0.0
12/03/2024,22:21:40,10.93,7.87,21.91,9.99,10432.0,15.0,0.0,0.0,0.0,0.0
12/03/2024,22:27:27,10.92,7.87,21.88,9.99,10540.0,15.0,0.0,0.0,0.0,0.0
12/03/2024,22:33:14,10.91,7.89,21.88,9.99,10215.0,15.0,0.0,0.0,0.0,0.0
12/03/2024,22:39:01,10.91,7.88,21.88,9.99,10432.0,15.0,0.0,0.0,0.0,0.0
12/03/2024,22:44:48,10.9,7.87,21.88,9.99,10540.0,15.0,0.0,0.0,0.0,0.0
12/03/2024,22:50:35,10.9,7.89,21.88,9.99,10540.0,15.0,0.0,0.0,0.0,0.0
12/03/2024,22:56:22,10.9,7.89,21.88,9.99,10649.0,15.0,0.0,0.0,0.0,0.0
12/03/2024,23:02:08,10.9,7.91,21.85,9.99,10432.0,15.0,0.0,0.0,0.0,0.0
12/03/2024,23:07:56,10.9,7.91,21.85,9.99,10323.0,15.0,0.0,0.0,0.0,0.0
12/03/2024,23:13:43,10.9,7.91,21.83,9.99,10323.0,15.0,0.0,0.0,0.0,0.0
12/03/2024,23:19:30,10.89,7.91,21.83,9.99,10215.0,15.0,0.0,0.0,0.0,0.0
12/03/2024,23:25:17,10.89,7.9,21.8,9.99,10866.0,15.0,0.0,0.0,0.0,0.0
12/03/2024,23:31:03,10.89,7.9,21.77,9.99,10540.0,15.0,0.0,0.0,0.0,0.0
12/03/2024,23:36:51,10.89,7.92,21.77,9.99,10432.0,15.0,0.0,0.0,0.0,0.0
12/03/2024,23:42:37,10.89,7.91,21.75,9.99,10649.0,15.0,0.0,0.0,0.0,0.0
12/03/2024,23:48:25,10.88,7.92,21.72,9.99,10432.0,15.0,0.0,0.0,0.0,0.0
12/03/2024,23:54:12,10.88,7.92,21.72,9.99,10540.0,15.0,0.0,0.0,0.0,0.0
12/03/2024,23:59:59,10.88,7.91,21.69,9.99,10323.0,15.0,0.0,0.0,0.0,0.0
13/03/2024,00:00:00,10.88,7.91,21.69,9.99,10323.0,15.0,0.0,0.0,0.0,0.0
13/03/2024,00:05:47,10.87,7.93,21.66,9.99,10432.0,15.0,0.0,0.0,0.0,0.0
13/03/2024,00:11:33,10.87,7.93,21.66,9.99,10540.0,15.0,0.0,0.0,0.0,0.0
13/03/2024,00:17:21,10.87,7.93,21.66,9.99,10215.0,15.0,0.0,0.0,0.0,0.0
13/03/2024,00:23:07,10.86,7.92,21.64,9.99,10866.0,15.0,0.0,0.0,0.0,0.0
13/03/2024,00:28:54,10.86,7.93,21.64,9.99,10649.0,15.0,0.0,0.0,0.0,0.0
13/03/2024,00:34:42,10.86,7.92,21.64,9.99,10540.0,15.0,0.0,0.0,0.0,0.0
13/03/2024,00:40:28,10.85,7.92,21.61,9.99,10974.0,15.0,0.0,0.0,0.0,0.0
13/03/2024,00:46:16,10.85,7.93,21.61,9.99,10866.0,15.0,0.0,0.0,0.0,0.0
13/03/2024,00:52:02,10.85,7.91,21.61,9.99,10649.0,15.0,0.0,0.0,0.0,0.0
13/03/2024,00:57:49,10.86,7.94,21.61,9.99,10974.0,15.0,0.0,0.0,0.0,0.0
13/03/2024,01:03:37,10.85,7.94,21.61,9.99,10649.0,15.0,0.0,0.0,0.0,0.0
13/03/2024,01:09:23,10.85,7.91,21.61,9.99,10757.0,15.0,0.0,0.0,0.0,0.0
13/03/2024,01:15:11,10.86,7.92,21.61,9.99,10866.0,15.0,0.0,0.0,0.0,0.0
13/03/2024,01:20:57,10.85,7.94,21.61,9.99,10974.0,15.0,0.0,0.0,0.0,0.0
13/03/2024,01:26:44,10.85,7.91,21.61,9.99,10974.0,15.0,0.0,0.0,0.0,0.0
13/03/2024,01:32:31,10.85,7.92,21.61,9.99,10974.0,15.0,0.0,0.0,0.0,0.0
13/03/2024,01:38:18,10.85,7.93,21.61,9.99,10974.0,15.0,0.0,0.0,0.0,0.0
13/03/2024,01:44:06,10.85,7.92,21.64,9.99,11300.0,15.0,0.0,0.0,0.0,0.0
13/03/2024,01:49:52,10.85,7.93,21.64,9.99,10974.0,15.0,0.0,0.0,0.0,0.0
13/03/2024,01:55:39,10.84,7.92,21.66,9.99,10974.0,15.0,0.0,0.0,0.0,0.0
13/03/2024,02:01:27,10.83,7.92,21.69,9.99,10757.0,15.0,0.0,0.0,0.0,0.0
13/03/2024,02:07:13,10.84,7.92,21.69,9.99,11083.0,15.0,0.0,0.0,0.0,0.0
13/03/2024,02:13:01,10.83,7.93,21.72,9.99,10866.0,15.0,0.0,0.0,0.0,0.0
13/03/2024,02:18:47,10.83,7.93,21.72,9.99,11191.0,15.0,0.0,0.0,0.0,0.0
13/03/2024,02:24:34,10.83,7.91,21.72,9.99,10757.0,15.0,0.0,0.0,0.0,0.0
13/03/2024,02:30:21,10.84,7.92,21.75,9.99,11083.0,15.0,0.0,0.0,0.0,0.0
13/03/2024,02:36:08,10.83,7.92,21.75,9.99,11191.0,15.0,0.0,0.0,0.0,0.0
13/03/2024,02:41:55,10.85,7.91,21.75,9.99,11300.0,15.0,0.0,0.0,0.0,0.0
13/03/2024,02:47:42,10.83,7.91,21.77,9.99,11191.0,15.0,0.0,0.0,0.0,0.0
13/03/2024,02:53:29,10.83,7.92,21.77,9.99,11083.0,15.0,0.0,0.0,0.0,0.0
13/03/2024,02:59:16,10.83,7.89,21.77,9.99,11083.0,15.0,0.0,0.0,0.0,0.0
13/03/2024,03:05:03,10.83,7.9,21.8,9.99,10974.0,15.0,0.0,0.0,0.0,0.0
13/03/2024,03:10:49,10.83,7.91,21.8,9.99,10866.0,15.0,0.0,0.0,0.0,0.0
13/03/2024,03:16:37,10.83,7.9,21.8,9.99,11191.0,15.0,0.0,0.0,0.0,0.0
13/03/2024,03:22:23,10.82,7.9,21.8,9.99,10974.0,15.0,0.0,0.0,0.0,0.0
13/03/2024,03:28:11,10.83,7.89,21.83,9.99,11300.0,15.0,0.0,0.0,0.0,0.0
13/03/2024,03:33:58,10.84,7.89,21.83,9.99,11083.0,15.0,0.0,0.0,0.0,0.0
13/03/2024,03:39:44,10.83,7.88,21.83,9.99,11083.0,15.0,0.0,0.0,0.0,0.0
13/03/2024,03:45:32,10.83,7.89,21.83,9.99,10974.0,15.0,0.0,0.0,0.0,0.0
13/03/2024,03:51:18,10.83,7.9,21.85,9.99,11408.0,15.0,0.0,0.0,0.0,0.0
13/03/2024,03:57:06,10.83,7.91,21.85,9.99,11083.0,15.0,0.0,0.0,0.0,0.0
13/03/2024,04:02:52,10.83,7.89,21.85,9.99,11191.0,15.0,0.0,0.0,0.0,0.0
13/03/2024,04:08:39,10.83,7.91,21.85,9.99,10974.0,15.0,0.0,0.0,0.0,0.0
13/03/2024,04:14:27,10.83,7.89,21.85,9.99,11300.0,15.0,0.0,0.0,0.0,0.0
13/03/2024,04:20:13,10.83,7.9,21.85,9.99,11083.0,15.0,0.0,0.0,0.0,0.0
13/03/2024,04:26:01,10.81,7.88,21.85,9.99,10866.0,15.0,0.0,0.0,0.0,0.0
13/03/2024,04:31:47,10.82,7.89,21.85,9.99,11625.0,15.0,0.0,0.0,0.0,0.0
13/03/2024,04:37:34,10.82,7.88,21.85,9.99,11517.0,15.0,0.0,0.0,0.0,0.0
13/03/2024,04:43:22,10.83,7.9,21.88,9.99,11408.0,15.0,0.0,0.0,0.0,0.0
13/03/2024,04:49:08,10.83,7.89,21.88,9.99,11517.0,15.0,0.0,0.0,0.0,0.0
13/03/2024,04:54:56,10.83,7.88,21.88,9.99,11083.0,15.0,0.0,0.0,0.0,0.0
13/03/2024,05:00:42,10.82,7.89,21.88,9.99,11191.0,15.0,0.0,0.0,0.0,0.0
13/03/2024,05:06:29,10.83,7.89,21.88,9.99,11300.0,15.0,0.0,0.0,0.0,0.0
13/03/2024,05:12:16,10.83,7.88,21.88,9.99,11300.0,15.0,0.0,0.0,0.0,0.0
13/03/2024,05:18:03,10.84,7.87,21.88,9.99,11300.0,15.0,0.0,0.0,0.0,0.0
13/03/2024,05:23:51,10.85,7.88,21.88,9.99,11083.0,15.0,0.0,0.0,0.0,0.0
13/03/2024,05:29:37,10.85,7.88,21.88,9.99,11300.0,15.0,0.0,0.0,0.0,0.0
13/03/2024,05:35:24,10.86,7.86,21.88,9.99,10866.0,15.0,0.0,0.0,0.0,0.0
13/03/2024,05:41:11,10.87,7.9,21.88,9.99,11083.0,15.0,0.0,0.0,0.0,0.0
13/03/2024,05:46:58,10.88,7.88,21.88,9.99,11083.0,15.0,0.0,0.0,0.0,0.0
13/03/2024,05:52:45,10.88,7.9,21.88,9.99,10540.0,15.0,0.0,0.0,0.0,0.0
13/03/2024,05:58:32,10.89,7.91,21.85,9.99,11083.0,15.0,0.0,0.0,0.0,0.0
13/03/2024,06:04:19,10.89,7.9,21.85,9.99,10757.0,15.0,0.0,0.0,0.0,0.0
13/03/2024,06:10:06,10.89,7.9,21.8,9.99,11191.0,15.0,0.0,0.0,0.0,0.0
13/03/2024,06:15:53,10.89,7.91,21.77,9.99,10866.0,15.0,0.0,0.0,0.0,0.0
13/03/2024,06:21:39,10.88,7.91,21.77,9.99,11083.0,15.0,0.0,0.0,0.0,0.0
13/03/2024,06:27:27,10.88,7.9,21.75,9.99,11300.0,15.0,0.0,0.0,0.0,0.0
13/03/2024,06:33:13,10.89,7.91,21.72,9.99,10757.0,15.0,0.0,0.0,0.0,0.0
13/03/2024,06:39:01,10.89,7.91,21.69,9.99,10866.0,15.0,0.0,0.0,0.0,0.0
13/03/2024,06:44:48,10.88,7.93,21.66,9.99,11083.0,15.0,0.0,0.0,0.0,0.0
13/03/2024,06:50:34,10.88,7.94,21.58,9.99,10866.0,15.0,0.0,0.0,0.0,0.0
13/03/2024,06:56:22,10.88,7.94,21.56,9.99,11191.0,15.0,0.0,0.0,0.0,0.0
13/03/2024,07:02:08,10.87,7.93,21.5,9.99,10432.0,15.0,0.0,0.0,0.0,0.0
13/03/2024,07:07:56,10.88,7.94,21.48,9.99,11191.0,15.0,0.0,0.0,0.0,0.0
13/03/2024,07:13:42,10.87,7.95,21.48,9.99,11191.0,15.0,0.0,0.0,0.0,0.0
13/03/2024,07:19:29,10.86,7.94,21.42,9.99,10866.0,15.0,0.0,0.0,0.0,0.0
13/03/2024,07:25:17,10.86,7.95,21.4,9.99,11083.0,15.0,0.0,0.0,0.0,0.0
13/03/2024,07:31:03,10.86,7.96,21.37,9.99,11083.0,15.0,0.0,0.0,0.0,0.0
13/03/2024,07:36:51,10.86,7.94,21.34,9.99,11191.0,15.0,0.0,0.0,0.0,0.0
13/03/2024,07:42:37,10.86,7.97,21.31,9.99,10757.0,15.0,0.0,0.0,0.0,0.0
13/03/2024,07:48:24,10.86,7.97,21.26,9.99,10649.0,15.0,0.0,0.0,0.0,0.0
13/03/2024,07:54:12,10.86,7.96,21.26,9.99,11191.0,15.0,0.0,0.0,0.0,0.0
13/03/2024,07:59:58,10.86,7.97,21.21,9.99,11191.0,15.0,0.0,0.0,0.0,0.0
13/03/2024,08:05:46,10.86,7.97,21.15,9.99,11191.0,15.0,0.0,0.0,0.0,0.0
13/03/2024,08:11:32,10.86,7.95,21.15,9.99,10866.0,15.0,0.0,0.0,0.0,0.0
13/03/2024,08:17:19,10.86,7.97,21.15,9.99,10866.0,15.0,0.0,0.0,0.0,0.0
13/03/2024,08:23:06,10.85,7.97,21.13,9.99,11083.0,15.0,0.0,0.0,0.0,0.0
13/03/2024,08:28:53,10.86,7.97,21.1,9.99,10649.0,15.0,0.0,0.0,0.0,0.0
13/03/2024,08:34:41,10.86,7.96,21.07,9.99,10866.0,15.0,0.0,0.0,0.0,0.0
13/03/2024,08:40:27,10.86,7.97,20.78,9.99,10866.0,15.0,0.0,0.0,0.0,0.0
13/03/2024,08:46:14,10.86,7.99,20.99,9.99,10974.0,15.0,0.0,0.0,0.0,0.0
13/03/2024,08:52:01,10.86,7.97,20.99,9.99,10540.0,15.0,0.0,0.0,0.0,0.0
13/03/2024,08:57:48,10.86,7.98,20.99,9.99,10649.0,15.0,0.0,0.0,0.0,0.0
13/03/2024,09:03:35,10.85,7.99,20.96,9.99,10974.0,15.0,0.0,0.0,0.0,0.0
13/03/2024,09:09:22,10.86,7.98,21.02,9.99,10649.0,15.0,0.0,0.0,0.0,0.0
13/03/2024,09:15:09,10.86,7.98,21.07,9.99,10540.0,15.0,0.0,0.0,0.0,0.0
13/03/2024,09:20:56,10.86,7.99,21.13,9.99,10323.0,15.0,0.0,0.0,0.0,0.0
13/03/2024,09:26:43,10.86,7.95,21.18,9.99,9889.0,15.0,0.0,0.0,0.0,0.0
13/03/2024,09:32:29,10.86,7.96,21.21,9.99,10540.0,15.0,0.0,0.0,0.0,0.0
13/03/2024,09:38:17,10.86,7.96,21.29,9.99,10540.0,15.0,0.0,0.0,0.0,0.0
13/03/2024,09:44:04,10.86,7.96,21.34,9.99,10974.0,15.0,0.0,0.0,0.0,0.0
13/03/2024,09:49:51,10.86,7.97,21.4,9.99,9998.0,15.0,0.0,0.0,0.0,0.0
13/03/2024,09:55:38,10.87,7.95,21.45,9.99,10649.0,15.0,0.0,0.0,0.0,0.0
13/03/2024,10:01:25,10.87,7.95,21.5,9.99,10106.0,15.0,0.0,0.0,0.0,0.0
13/03/2024,10:07:12,10.87,7.95,21.53,9.99,10540.0,15.0,0.0,0.0,0.0,0.0
13/03/2024,10:12:59,10.88,7.94,21.56,9.99,10540.0,15.0,0.0,0.0,0.0,0.0
13/03/2024,10:18:46,10.88,7.97,21.58,9.99,10215.0,15.0,0.0,0.0,0.0,0.0
13/03/2024,10:24:33,10.88,7.93,21.64,9.99,10540.0,15.0,0.0,0.0,0.0,0.0
13/03/2024,10:30:19,10.88,7.93,21.66,9.99,10323.0,15.0,0.0,0.0,0.0,0.0
13/03/2024,10:36:07,10.88,7.93,21.69,9.99,10432.0,15.0,0.0,0.0,0.0,0.0
13/03/2024,10:41:54,10.88,7.93,21.72,9.99,10215.0,15.0,0.0,0.0,0.0,0.0
13/03/2024,10:47:41,10.88,7.92,21.75,9.99,10323.0,15.0,0.0,0.0,0.0,0.0
13/03/2024,10:53:28,10.88,7.91,21.75,9.99,10215.0,15.0,0.0,0.0,0.0,0.0
13/03/2024,10:59:15,10.88,7.92,21.75,9.99,10215.0,15.0,0.0,0.0,0.0,0.0
13/03/2024,11:05:02,10.88,7.91,21.77,9.99,10323.0,15.0,0.0,0.0,0.0,0.0
13/03/2024,11:10:49,10.88,7.91,21.77,9.99,10106.0,15.0,0.0,0.0,0.0,0.0
13/03/2024,11:16:37,10.87,7.91,21.8,9.99,10432.0,15.0,0.0,0.0,0.0,0.0
13/03/2024,11:22:23,10.86,7.9,21.83,9.99,10323.0,15.0,0.0,0.0,0.0,0.0
13/03/2024,11:28:10,10.86,7.92,21.83,9.99,10757.0,15.0,0.0,0.0,0.0,0.0
13/03/2024,11:33:57,10.85,7.89,21.85,9.99,10540.0,15.0,0.0,0.0,0.0,0.0
13/03/2024,11:39:44,10.86,7.9,21.88,9.99,9781.0,15.0,0.0,0.0,0.0,0.0
13/03/2024,11:45:32,10.86,7.9,21.88,9.99,10432.0,15.0,0.0,0.0,0.0,0.0
13/03/2024,11:51:18,10.86,7.89,21.88,9.99,10323.0,15.0,0.0,0.0,0.0,0.0
13/03/2024,11:57:05,10.85,7.9,21.88,9.99,10323.0,15.0,0.0,0.0,0.0,0.0
13/03/2024,12:02:52,10.85,7.88,21.88,9.99,10540.0,15.0,0.0,0.0,0.0,0.0
13/03/2024,12:08:39,10.85,7.89,21.88,9.99,10323.0,15.0,0.0,0.0,0.0,0.0
13/03/2024,12:14:26,10.85,7.87,21.88,9.99,10215.0,15.0,0.0,0.0,0.0,0.0
13/03/2024,12:20:13,10.85,7.88,21.88,9.99,10757.0,15.0,0.0,0.0,0.0,0.0
13/03/2024,12:26:00,10.85,7.87,21.88,9.99,10432.0,15.0,0.0,0.0,0.0,0.0
13/03/2024,12:31:47,10.85,7.86,21.88,9.99,10540.0,15.0,0.0,0.0,0.0,0.0
13/03/2024,12:37:34,10.84,7.85,21.91,9.99,10323.0,15.0,0.0,0.0,0.0,0.0
13/03/2024,12:43:21,10.85,7.86,21.91,9.99,10757.0,15.0,0.0,0.0,0.0,0.0
13/03/2024,12:49:08,10.85,7.85,21.91,9.99,10215.0,15.0,0.0,0.0,0.0,0.0
13/03/2024,12:54:55,10.84,7.83,21.91,9.99,10215.0,15.0,0.0,0.0,0.0,0.0
13/03/2024,13:00:42,10.85,7.84,21.91,9.99,10215.0,15.0,0.0,0.0,0.0,0.0
13/03/2024,13:06:29,10.85,7.85,21.91,9.99,10432.0,15.0,0.0,0.0,0.0,0.0
13/03/2024,13:12:16,10.85,7.84,21.91,9.99,10323.0,15.0,0.0,0.0,0.0,0.0
13/03/2024,13:18:03,10.84,7.81,21.91,9.99,10106.0,15.0,0.0,0.0,0.0,0.0
13/03/2024,13:23:50,10.83,7.84,21.91,9.99,9998.0,15.0,0.0,0.0,0.0,0.0
13/03/2024,13:29:37,10.84,7.83,21.91,9.99,9889.0,15.0,0.0,0.0,0.0,0.0
13/03/2024,13:35:24,10.84,7.83,21.91,9.99,10432.0,15.0,0.0,0.0,0.0,0.0
13/03/2024,13:41:10,10.85,7.82,21.91,9.99,10432.0,15.0,0.0,0.0,0.0,0.0
13/03/2024,13:46:58,10.84,7.82,21.91,9.99,10215.0,15.0,0.0,0.0,0.0,0.0
13/03/2024,13:52:45,10.84,7.8,21.91,9.99,10215.0,15.0,0.0,0.0,0.0,0.0
13/03/2024,13:58:32,10.84,7.82,21.91,9.99,10323.0,15.0,0.0,0.0,0.0,0.0
13/03/2024,14:04:19,10.84,7.8,21.91,9.99,9672.0,15.0,0.0,0.0,0.0,0.0
13/03/2024,14:10:06,10.84,7.8,21.91,9.99,9998.0,15.0,0.0,0.0,0.0,0.0
13/03/2024,14:15:53,10.84,7.81,21.93,9.99,10323.0,15.0,0.0,0.0,0.0,0.0
13/03/2024,14:21:40,10.84,7.8,21.93,9.99,10106.0,15.0,0.0,0.0,0.0,0.0
13/03/2024,14:27:27,10.84,7.79,21.96,9.99,10215.0,15.0,0.0,0.0,0.0,0.0
13/03/2024,14:33:14,10.85,7.8,21.96,9.99,9998.0,15.0,0.0,0.0,0.0,0.0
13/03/2024,14:39:01,10.85,7.78,21.99,9.99,10106.0,15.0,0.0,0.0,0.0,0.0
13/03/2024,14:44:48,10.85,7.79,21.99,9.99,10649.0,15.0,0.0,0.0,0.0,0.0
13/03/2024,14:50:35,10.84,7.78,22.04,9.99,9998.0,15.0,0.0,0.0,0.0,0.0
13/03/2024,14:56:22,10.84,7.79,22.04,9.99,9781.0,15.0,0.0,0.0,0.0,0.0
13/03/2024,15:02:09,10.85,7.79,22.04,9.99,10106.0,15.0,0.0,0.0,0.0,0.0
13/03/2024,15:07:56,10.84,7.79,22.04,9.99,10757.0,15.0,0.0,0.0,0.0,0.0
13/03/2024,15:13:43,10.85,7.79,22.07,9.99,10432.0,15.0,0.0,0.0,0.0,0.0
13/03/2024,15:19:30,10.85,7.77,22.1,9.99,9781.0,15.0,0.0,0.0,0.0,0.0
13/03/2024,15:25:16,10.85,7.78,22.1,9.99,9455.0,15.0,0.0,0.0,0.0,0.0
13/03/2024,15:31:04,10.85,7.75,22.12,9.99,9889.0,15.0,0.0,0.0,0.0,0.0
13/03/2024,15:36:51,10.85,7.79,22.12,9.99,10432.0,15.0,0.0,0.0,0.0,0.0
13/03/2024,15:42:38,10.85,7.78,22.15,9.99,9781.0,15.0,0.0,0.0,0.0,0.0
13/03/2024,15:48:25,10.85,7.77,22.18,9.99,9998.0,15.0,0.0,0.0,0.0,0.0
13/03/2024,15:54:11,10.84,7.76,22.18,9.99,10649.0,15.0,0.0,0.0,0.0,0.0
13/03/2024,15:59:59,10.85,7.77,22.2,9.99,9781.0,15.0,0.0,0.0,0.0,0.0
13/03/2024,16:05:46,10.85,7.76,22.23,9.99,10432.0,15.0,0.0,0.0,0.0,0.0
13/03/2024,16:11:33,10.53,7.77,22.26,9.99,10106.0,15.0,0.0,0.0,0.0,0.0
13/03/2024,16:17:20,10.62,7.76,22.26,9.99,9564.0,15.0,0.0,0.0,0.0,0.0
13/03/2024,16:23:06,10.72,7.76,22.34,9.99,9889.0,15.0,0.0,0.0,0.0,0.0
13/03/2024,16:28:54,10.76,7.77,22.34,9.99,9672.0,15.0,0.0,0.0,0.0,0.0
13/03/2024,16:34:40,10.78,7.76,22.36,9.99,9998.0,15.0,0.0,0.0,0.0,0.0
13/03/2024,16:40:28,10.79,7.76,22.36,9.99,9781.0,15.0,0.0,0.0,0.0,0.0
13/03/2024,16:46:15,10.8,7.76,22.36,9.99,9672.0,15.0,0.0,0.0,0.0,0.0
13/03/2024,16:52:01,10.8,7.74,22.45,9.99,9998.0,15.0,0.0,0.0,0.0,0.0
13/03/2024,16:57:49,10.81,7.76,22.42,9.99,9889.0,15.0,0.0,0.0,0.0,0.0
13/03/2024,17:03:35,10.81,7.76,22.42,9.99,9564.0,15.0,0.0,0.0,0.0,0.0
13/03/2024,17:09:23,10.81,7.76,22.45,9.99,10106.0,15.0,0.0,0.0,0.0,0.0
13/03/2024,17:15:10,10.82,7.75,22.45,9.99,9998.0,15.0,0.0,0.0,0.0,0.0
13/03/2024,17:20:56,10.82,7.76,22.47,9.99,9564.0,15.0,0.0,0.0,0.0,0.0
13/03/2024,17:26:44,10.83,7.74,22.45,9.99,10215.0,15.0,0.0,0.0,0.0,0.0
13/03/2024,17:32:30,10.83,7.75,22.47,9.99,9564.0,15.0,0.0,0.0,0.0,0.0
13/03/2024,17:38:18,10.83,7.76,22.5,9.99,10106.0,15.0,0.0,0.0,0.0,0.0
13/03/2024,17:44:04,10.83,7.76,22.5,9.99,10106.0,15.0,0.0,0.0,0.0,0.0
13/03/2024,17:49:51,10.82,7.74,22.45,9.99,9781.0,15.0,0.0,0.0,0.0,0.0
13/03/2024,17:55:39,10.83,7.76,22.45,9.99,9672.0,15.0,0.0,0.0,0.0,0.0
13/03/2024,18:01:25,10.83,7.74,22.47,9.99,9672.0,15.0,0.0,0.0,0.0,0.0
13/03/2024,18:07:12,10.85,7.74,22.47,9.99,9347.0,15.0,0.0,0.0,0.0,0.0
13/03/2024,18:12:59,10.84,7.75,22.45,9.99,9672.0,15.0,0.0,0.0,0.0,0.0
13/03/2024,18:18:46,10.84,7.73,22.45,9.99,9781.0,15.0,0.0,0.0,0.0,0.0
13/03/2024,18:24:33,10.84,7.77,22.45,9.99,9347.0,15.0,0.0,0.0,0.0,0.0
13/03/2024,18:30:20,10.85,7.76,22.42,9.99,9672.0,15.0,0.0,0.0,0.0,0.0
13/03/2024,18:36:07,10.85,7.76,22.31,9.99,9998.0,15.0,0.0,0.0,0.0,0.0
13/03/2024,18:41:54,10.85,7.76,22.31,9.99,9564.0,15.0,0.0,0.0,0.0,0.0
13/03/2024,18:47:41,10.85,7.76,22.31,9.99,9130.0,15.0,0.0,0.0,0.0,0.0
13/03/2024,18:53:28,10.86,7.76,22.26,9.99,9564.0,15.0,0.0,0.0,0.0,0.0
13/03/2024,18:59:15,10.86,7.77,22.26,9.99,9455.0,15.0,0.0,0.0,0.0,0.0
13/03/2024,19:05:01,10.87,7.77,22.23,9.99,9564.0,15.0,0.0,0.0,0.0,0.0
13/03/2024,19:10:49,10.87,7.78,22.2,9.99,9238.0,15.0,0.0,0.0,0.0,0.0
13/03/2024,19:16:36,10.87,7.77,22.15,9.99,9672.0,15.0,0.0,0.0,0.0,0.0
13/03/2024,19:22:23,10.87,7.77,22.12,9.99,9889.0,15.0,0.0,0.0,0.0,0.0
13/03/2024,19:28:10,10.87,7.77,22.1,9.99,9998.0,15.0,0.0,0.0,0.0,0.0
13/03/2024,19:33:56,10.88,7.79,22.07,9.99,9672.0,15.0,0.0,0.0,0.0,0.0
13/03/2024,19:39:44,10.88,7.77,22.01,9.99,9347.0,15.0,0.0,0.0,0.0,0.0
13/03/2024,19:45:31,10.87,7.77,22.01,9.99,9998.0,15.0,0.0,0.0,0.0,0.0
13/03/2024,19:51:18,10.88,7.79,21.99,9.99,9889.0,15.0,0.0,0.0,0.0,0.0
13/03/2024,19:57:05,10.88,7.8,21.96,9.99,9564.0,15.0,0.0,0.0,0.0,0.0
13/03/2024,20:02:51,10.9,7.78,21.96,9.99,9672.0,15.0,0.0,0.0,0.0,0.0
13/03/2024,20:08:39,10.89,7.79,21.93,9.99,9564.0,15.0,0.0,0.0,0.0,0.0
13/03/2024,20:14:25,10.88,7.79,21.93,9.99,9781.0,15.0,0.0,0.0,0.0,0.0
13/03/2024,20:20:13,10.87,7.8,21.93,9.99,9781.0,15.0,0.0,0.0,0.0,0.0
13/03/2024,20:26:00,10.88,7.81,21.91,9.99,9238.0,15.0,0.0,0.0,0.0,0.0
13/03/2024,20:31:46,10.9,7.82,21.91,9.99,10106.0,15.0,0.0,0.0,0.0,0.0
13/03/2024,20:37:34,10.9,7.83,21.91,9.99,9672.0,15.0,0.0,0.0,0.0,0.0
13/03/2024,20:43:20,10.9,7.82,21.91,9.99,9889.0,15.0,0.0,0.0,0.0,0.0
13/03/2024,20:49:08,10.89,7.82,21.91,9.99,9889.0,15.0,0.0,0.0,0.0,0.0
13/03/2024,20:54:55,10.89,7.8,21.91,9.99,9564.0,15.0,0.0,0.0,0.0,0.0
13/03/2024,21:00:41,10.89,7.81,21.91,9.99,9672.0,15.0,0.0,0.0,0.0,0.0
13/03/2024,21:06:29,10.88,7.82,21.91,9.99,9564.0,15.0,0.0,0.0,0.0,0.0
13/03/2024,21:12:15,10.88,7.83,21.91,9.99,9564.0,15.0,0.0,0.0,0.0,0.0
13/03/2024,21:18:02,10.88,7.83,21.91,9.99,9889.0,15.0,0.0,0.0,0.0,0.0
13/03/2024,21:23:50,10.87,7.83,21.91,9.99,9998.0,15.0,0.0,0.0,0.0,0.0
13/03/2024,21:29:36,10.88,7.84,21.91,9.99,9672.0,15.0,0.0,0.0,0.0,0.0
13/03/2024,21:35:24,10.88,7.84,21.91,9.99,9347.0,15.0,0.0,0.0,0.0,0.0
13/03/2024,21:41:10,10.88,7.85,21.91,9.99,9781.0,15.0,0.0,0.0,0.0,0.0
13/03/2024,21:46:57,10.91,7.84,21.91,9.99,9889.0,15.0,0.0,0.0,0.0,0.0
13/03/2024,21:52:45,10.92,7.85,21.91,9.99,9781.0,15.0,0.0,0.0,0.0,0.0
13/03/2024,21:58:31,10.91,7.86,21.91,9.99,9672.0,15.0,0.0,0.0,0.0,0.0
13/03/2024,22:04:19,10.85,7.86,21.91,9.99,9672.0,15.0,0.0,0.0,0.0,0.0
13/03/2024,22:10:05,10.86,7.85,21.91,9.99,9889.0,15.0,0.0,0.0,0.0,0.0
13/03/2024,22:15:52,10.87,7.86,21.91,9.99,9998.0,15.0,0.0,0.0,0.0,0.0
13/03/2024,22:21:40,10.88,7.85,21.91,9.99,9889.0,15.0,0.0,0.0,0.0,0.0
13/03/2024,22:27:26,10.88,7.86,21.88,9.99,9672.0,15.0,0.0,0.0,0.0,0.0
13/03/2024,22:33:14,10.88,7.88,21.88,9.99,9672.0,15.0,0.0,0.0,0.0,0.0
13/03/2024,22:39:00,10.88,7.87,21.88,9.99,9564.0,15.0,0.0,0.0,0.0,0.0
13/03/2024,22:44:47,10.88,7.9,21.85,9.99,9564.0,15.0,0.0,0.0,0.0,0.0
13/03/2024,22:50:35,10.87,7.91,21.85,9.99,9455.0,15.0,0.0,0.0,0.0,0.0
13/03/2024,22:56:21,10.88,7.89,21.8,9.99,9564.0,15.0,0.0,0.0,0.0,0.0
13/03/2024,23:02:09,10.89,7.92,21.77,9.99,9781.0,15.0,0.0,0.0,0.0,0.0
13/03/2024,23:07:55,10.89,7.92,21.72,9.99,9672.0,15.0,0.0,0.0,0.0,0.0
13/03/2024,23:13:42,10.88,7.92,21.72,9.99,9781.0,15.0,0.0,0.0,0.0,0.0
13/03/2024,23:19:29,10.88,7.92,21.61,9.99,9672.0,15.0,0.0,0.0,0.0,0.0
13/03/2024,23:25:16,10.88,7.94,21.58,9.99,9889.0,15.0,0.0,0.0,0.0,0.0
13/03/2024,23:31:04,10.88,7.94,21.5,9.99,9564.0,15.0,0.0,0.0,0.0,0.0
13/03/2024,23:36:50,10.9,7.93,21.42,9.99,9781.0,15.0,0.0,0.0,0.0,0.0
13/03/2024,23:42:37,10.88,7.95,21.34,9.99,9564.0,15.0,0.0,0.0,0.0,0.0
13/03/2024,23:48:24,10.88,7.96,21.31,9.99,9998.0,15.0,0.0,0.0,0.0,0.0
13/03/2024,23:54:11,10.89,7.94,21.23,9.99,10106.0,15.0,0.0,0.0,0.0,0.0
13/03/2024,23:59:59,10.88,7.95,21.18,9.99,9889.0,15.0,0.0,0.0,0.0,0.0
14/03/2024,00:00:00,10.88,7.95,21.18,9.99,10106.0,15.0,0.0,0.0,0.0,0.0
14/03/2024,00:05:46,10.85,7.96,21.18,9.99,9998.0,15.0,0.0,0.0,0.0,0.0
14/03/2024,00:11:33,10.86,7.96,21.13,9.99,10323.0,15.0,0.0,0.0,0.0,0.0
14/03/2024,00:17:20,10.86,7.94,21.04,9.99,9998.0,15.0,0.0,0.0,0.0,0.0
14/03/2024,00:23:07,10.86,7.96,21.02,9.99,10215.0,15.0,0.0,0.0,0.0,0.0
14/03/2024,00:28:53,10.88,7.96,20.99,9.99,9998.0,15.0,0.0,0.0,0.0,0.0
14/03/2024,00:34:41,10.88,7.95,20.96,9.99,9889.0,15.0,0.0,0.0,0.0,0.0
14/03/2024,00:40:28,10.88,7.98,20.91,9.99,9672.0,15.0,0.0,0.0,0.0,0.0
14/03/2024,00:46:15,10.89,7.97,20.91,9.99,9998.0,15.0,0.0,0.0,0.0,0.0
14/03/2024,00:52:02,10.88,7.99,20.88,9.99,9998.0,15.0,0.0,0.0,0.0,0.0
14/03/2024,00:57:48,10.88,7.98,20.86,9.99,9998.0,15.0,0.0,0.0,0.0,0.0
14/03/2024,01:03:36,10.88,8.0,20.86,9.99,10106.0,15.0,0.0,0.0,0.0,0.0
14/03/2024,01:09:23,10.88,7.97,20.83,9.99,9564.0,15.0,0.0,0.0,0.0,0.0
14/03/2024,01:15:10,10.88,7.98,20.8,9.99,10215.0,15.0,0.0,0.0,0.0,0.0
14/03/2024,01:20:57,10.88,7.98,20.78,9.99,10323.0,15.0,0.0,0.0,0.0,0.0
14/03/2024,01:26:43,10.88,7.99,20.78,9.99,10323.0,15.0,0.0,0.0,0.0,0.0
14/03/2024,01:32:31,10.88,7.99,20.75,9.99,9998.0,15.0,0.0,0.0,0.0,0.0
14/03/2024,01:38:17,10.88,8.01,20.75,9.99,9998.0,15.0,0.0,0.0,0.0,0.0
14/03/2024,01:44:05,10.88,7.99,20.75,9.99,9889.0,15.0,0.0,0.0,0.0,0.0
14/03/2024,01:49:51,10.87,8.0,20.75,9.99,9889.0,15.0,0.0,0.0,0.0,0.0
14/03/2024,01:55:38,10.87,7.99,20.75,9.99,10106.0,15.0,0.0,0.0,0.0,0.0
14/03/2024,02:01:26,10.88,8.0,20.72,9.99,9781.0,15.0,0.0,0.0,0.0,0.0
14/03/2024,02:07:12,10.88,8.0,20.72,9.99,10540.0,15.0,0.0,0.0,0.0,0.0
14/03/2024,02:13:00,10.89,7.99,20.72,9.99,9889.0,15.0,0.0,0.0,0.0,0.0
14/03/2024,02:18:46,10.88,7.99,20.72,9.99,10215.0,15.0,0.0,0.0,0.0,0.0
14/03/2024,02:24:33,10.87,7.97,20.69,9.99,10106.0,15.0,0.0,0.0,0.0,0.0
14/03/2024,02:30:21,10.88,7.99,20.72,9.99,9998.0,15.0,0.0,0.0,0.0,0.0
14/03/2024,02:36:07,10.88,8.0,20.69,9.99,10215.0,15.0,0.0,0.0,0.0,0.0
14/03/2024,02:41:55,10.88,8.0,20.69,9.99,10215.0,15.0,0.0,0.0,0.0,0.0
14/03/2024,02:47:41,10.87,8.01,20.69,9.99,9998.0,15.0,0.0,0.0,0.0,0.0
14/03/2024,02:53:28,10.87,8.01,20.69,9.99,10106.0,15.0,0.0,0.0,0.0,0.0
14/03/2024,02:59:16,10.86,8.01,20.69,9.99,10540.0,15.0,0.0,0.0,0.0,0.0
14/03/2024,03:05:02,10.87,8.01,20.69,9.99,10215.0,15.0,0.0,0.0,0.0,0.0
14/03/2024,03:10:50,10.86,8.0,20.69,9.99,10106.0,15.0,0.0,0.0,0.0,0.0
14/03/2024,03:16:36,10.87,8.0,20.69,9.99,9998.0,15.0,0.0,0.0,0.0,0.0
14/03/2024,03:22:23,10.86,8.01,20.69,9.99,10215.0,15.0,0.0,0.0,0.0,0.0
14/03/2024,03:28:11,10.86,8.0,20.69,9.99,10215.0,15.0,0.0,0.0,0.0,0.0
14/03/2024,03:33:57,10.85,7.99,20.69,9.99,9889.0,15.0,0.0,0.0,0.0,0.0
14/03/2024,03:39:45,10.85,8.0,20.69,9.99,10649.0,15.0,0.0,0.0,0.0,0.0
14/03/2024,03:45:31,10.85,8.0,20.69,9.99,10323.0,15.0,0.0,0.0,0.0,0.0
14/03/2024,03:51:18,10.85,8.01,20.69,9.99,9889.0,15.0,0.0,0.0,0.0,0.0
14/03/2024,03:57:06,10.85,8.01,20.69,9.99,10323.0,15.0,0.0,0.0,0.0,0.0
14/03/2024,04:02:52,10.84,8.01,20.69,9.99,10106.0,15.0,0.0,0.0,0.0,0.0
14/03/2024,04:08:40,10.84,8.01,20.69,9.99,10540.0,15.0,0.0,0.0,0.0,0.0
14/03/2024,04:14:26,10.84,8.01,20.69,9.99,10215.0,15.0,0.0,0.0,0.0,0.0
14/03/2024,04:20:13,10.83,8.0,20.69,9.99,10540.0,15.0,0.0,0.0,0.0,0.0
14/03/2024,04:26:00,10.84,8.0,20.69,9.99,10432.0,15.0,0.0,0.0,0.0,0.0
14/03/2024,04:31:47,10.83,8.01,20.69,9.99,10649.0,15.0,0.0,0.0,0.0,0.0
14/03/2024,04:37:35,10.83,8.0,20.69,9.99,10757.0,15.0,0.0,0.0,0.0,0.0
14/03/2024,04:43:21,10.83,8.0,20.69,9.99,10432.0,15.0,0.0,0.0,0.0,0.0
14/03/2024,04:49:08,10.83,7.99,20.69,9.99,10540.0,15.0,0.0,0.0,0.0,0.0
14/03/2024,04:54:56,10.82,8.01,20.69,9.99,10323.0,15.0,0.0,0.0,0.0,0.0
14/03/2024,05:00:42,10.83,8.0,20.72,9.99,10215.0,15.0,0.0,0.0,0.0,0.0
14/03/2024,05:06:30,10.83,8.0,20.72,9.99,10323.0,15.0,0.0,0.0,0.0,0.0
14/03/2024,05:12:16,10.82,8.0,20.72,9.99,10649.0,15.0,0.0,0.0,0.0,0.0
14/03/2024,05:18:03,10.82,8.01,20.72,9.99,10323.0,15.0,0.0,0.0,0.0,0.0
14/03/2024,05:23:50,10.82,8.01,20.72,9.99,10323.0,15.0,0.0,0.0,0.0,0.0
14/03/2024,05:29:37,10.82,7.99,20.72,9.99,10540.0,15.0,0.0,0.0,0.0,0.0
14/03/2024,05:35:25,10.83,8.0,20.72,9.99,10540.0,15.0,0.0,0.0,0.0,0.0
14/03/2024,05:41:11,10.83,8.0,20.72,9.99,10540.0,15.0,0.0,0.0,0.0,0.0
14/03/2024,05:46:58,10.82,7.98,20.75,9.99,10215.0,15.0,0.0,0.0,0.0,0.0
14/03/2024,05:52:45,10.82,8.0,20.75,9.99,10540.0,15.0,0.0,0.0,0.0,0.0
14/03/2024,05:58:32,10.82,7.99,20.75,9.99,9889.0,15.0,0.0,0.0,0.0,0.0
14/03/2024,06:04:20,10.82,7.99,20.75,9.99,10432.0,15.0,0.0,0.0,0.0,0.0
14/03/2024,06:10:06,10.82,7.97,20.75,9.99,10215.0,15.0,0.0,0.0,0.0,0.0
14/03/2024,06:15:53,10.82,8.0,20.75,9.99,10323.0,15.0,0.0,0.0,0.0,0.0
14/03/2024,06:21:40,10.81,7.99,20.75,9.99,10757.0,15.0,0.0,0.0,0.0,0.0
14/03/2024,06:27:27,10.81,7.99,20.78,9.99,10106.0,15.0,0.0,0.0,0.0,0.0
14/03/2024,06:33:15,10.81,7.99,20.78,9.99,10432.0,15.0,0.0,0.0,0.0,0.0
14/03/2024,06:39:01,10.8,8.0,20.78,9.99,10757.0,15.0,0.0,0.0,0.0,0.0
14/03/2024,06:44:48,10.81,7.99,20.78,9.99,10432.0,15.0,0.0,0.0,0.0,0.0
14/03/2024,06:50:35,10.82,8.0,20.8,9.99,10432.0,15.0,0.0,0.0,0.0,0.0
14/03/2024,06:56:22,10.8,7.97,20.8,9.99,10215.0,15.0,0.0,0.0,0.0,0.0
14/03/2024,07:02:09,10.81,7.98,20.8,9.99,10540.0,15.0,0.0,0.0,0.0,0.0
14/03/2024,07:07:56,10.81,7.99,20.8,9.99,10432.0,15.0,0.0,0.0,0.0,0.0
14/03/2024,07:13:43,10.8,7.98,20.8,9.99,10323.0,15.0,0.0,0.0,0.0,0.0
14/03/2024,07:19:30,10.8,7.98,20.8,9.99,10540.0,15.0,0.0,0.0,0.0,0.0
14/03/2024,07:25:17,10.8,7.99,20.8,9.99,10432.0,15.0,0.0,0.0,0.0,0.0
14/03/2024,07:31:04,10.8,8.0,20.8,9.99,10432.0,15.0,0.0,0.0,0.0,0.0
14/03/2024,07:36:51,10.8,7.98,20.8,9.99,10323.0,15.0,0.0,0.0,0.0,0.0
14/03/2024,07:42:38,10.8,7.98,20.83,9.99,10866.0,15.0,0.0,0.0,0.0,0.0
14/03/2024,07:48:25,10.8,7.98,20.86,9.99,10323.0,15.0,0.0,0.0,0.0,0.0
14/03/2024,07:54:12,10.8,7.97,20.86,9.99,10432.0,15.0,0.0,0.0,0.0,0.0
14/03/2024,07:59:59,10.8,8.0,20.86,9.99,10215.0,15.0,0.0,0.0,0.0,0.0
14/03/2024,08:05:46,10.8,7.97,20.86,9.99,10432.0,15.0,0.0,0.0,0.0,0.0
14/03/2024,08:11:32,10.8,7.98,20.88,9.99,10649.0,15.0,0.0,0.0,0.0,0.0
14/03/2024,08:17:20,10.8,7.98,20.88,9.99,10215.0,15.0,0.0,0.0,0.0,0.0
14/03/2024,08:23:07,10.79,7.98,20.91,9.99,10757.0,15.0,0.0,0.0,0.0,0.0
14/03/2024,08:28:53,10.79,7.97,20.91,9.99,10540.0,15.0,0.0,0.0,0.0,0.0
14/03/2024,08:34:41,10.79,7.95,20.94,9.99,10540.0,15.0,0.0,0.0,0.0,0.0
14/03/2024,08:40:27,10.78,7.97,20.96,9.99,10757.0,15.0,0.0,0.0,0.0,0.0
14/03/2024,08:46:15,10.78,7.96,20.96,9.99,10106.0,15.0,0.0,0.0,0.0,0.0
14/03/2024,08:52:02,10.78,7.97,20.96,9.99,10540.0,15.0,0.0,0.0,0.0,0.0
14/03/2024,08:57:48,10.78,7.98,20.96,9.99,10323.0,15.0,0.0,0.0,0.0,0.0
14/03/2024,09:03:36,10.87,7.96,20.99,9.99,10649.0,15.0,0.0,0.0,0.0,0.0
14/03/2024,09:09:22,10.84,7.95,21.04,9.99,10323.0,15.0,0.0,0.0,0.0,0.0
14/03/2024,09:15:10,10.82,7.96,21.15,9.99,9998.0,15.0,0.0,0.0,0.0,0.0
14/03/2024,09:20:57,10.82,7.96,21.18,9.99,10106.0,15.0,0.0,0.0,0.0,0.0
14/03/2024,09:26:43,10.81,7.95,21.29,9.99,10432.0,15.0,0.0,0.0,0.0,0.0
14/03/2024,09:32:31,10.81,7.95,21.34,9.99,10649.0,15.0,0.0,0.0,0.0,0.0
14/03/2024,09:38:17,10.82,7.95,21.42,9.99,10540.0,15.0,0.0,0.0,0.0,0.0
14/03/2024,09:44:05,10.82,7.93,21.45,9.99,10540.0,15.0,0.0,0.0,0.0,0.0
14/03/2024,09:49:52,10.82,7.94,21.48,9.99,10106.0,15.0,0.0,0.0,0.0,0.0
14/03/2024,09:55:38,10.85,7.93,21.53,9.99,10323.0,15.0,0.0,0.0,0.0,0.0
14/03/2024,10:01:26,10.84,7.95,21.56,9.99,10215.0,15.0,0.0,0.0,0.0,0.0
14/03/2024,10:07:12,10.84,7.93,21.58,9.99,10323.0,15.0,0.0,0.0,0.0,0.0
14/03/2024,10:13:00,10.84,7.92,21.64,9.99,9889.0,15.0,0.0,0.0,0.0,0.0
14/03/2024,10:18:47,10.84,7.91,21.66,9.99,9781.0,15.0,0.0,0.0,0.0,0.0
14/03/2024,10:24:33,10.84,7.92,21.66,9.99,9998.0,15.0,0.0,0.0,0.0,0.0
14/03/2024,10:30:21,10.84,7.91,21.72,9.99,10323.0,15.0,0.0,0.0,0.0,0.0
14/03/2024,10:36:07,10.83,7.9,21.75,9.99,9781.0,15.0,0.0,0.0,0.0,0.0
14/03/2024,10:41:55,10.82,7.92,21.8,9.99,10649.0,15.0,0.0,0.0,0.0,0.0
14/03/2024,10:47:42,10.82,7.91,21.8,9.99,9672.0,15.0,0.0,0.0,0.0,0.0
14/03/2024,10:53:28,10.81,7.89,21.83,9.99,10215.0,15.0,0.0,0.0,0.0,0.0
14/03/2024,10:59:16,10.81,7.89,21.85,9.99,10106.0,15.0,0.0,0.0,0.0,0.0
14/03/2024,11:05:02,10.8,7.87,21.88,9.99,10106.0,15.0,0.0,0.0,0.0,0.0
14/03/2024,11:10:50,10.8,7.88,21.88,9.99,10323.0,15.0,0.0,0.0,0.0,0.0
14/03/2024,11:16:37,10.8,7.87,21.88,9.99,9998.0,15.0,0.0,0.0,0.0,0.0
14/03/2024,11:22:23,10.78,7.88,21.88,9.99,10215.0,15.0,0.0,0.0,0.0,0.0
14/03/2024,11:28:11,10.78,7.86,21.88,9.99,10432.0,15.0,0.0,0.0,0.0,0.0
14/03/2024,11:33:57,10.77,7.88,21.88,9.99,10540.0,15.0,0.0,0.0,0.0,0.0
14/03/2024,11:39:45,10.77,7.87,21.88,9.99,10323.0,15.0,0.0,0.0,0.0,0.0
14/03/2024,11:45:32,10.77,7.85,21.91,9.99,10106.0,15.0,0.0,0.0,0.0,0.0
14/03/2024,11:51:18,10.77,7.85,21.91,9.99,9998.0,15.0,0.0,0.0,0.0,0.0
14/03/2024,11:57:06,10.78,7.85,21.91,9.99,10215.0,15.0,0.0,0.0,0.0,0.0
14/03/2024,12:02:52,10.77,7.85,21.91,9.99,10215.0,15.0,0.0,0.0,0.0,0.0
14/03/2024,12:08:40,10.77,7.84,21.91,9.99,9998.0,15.0,0.0,0.0,0.0,0.0
14/03/2024,12:14:27,10.77,7.84,21.91,9.99,10215.0,15.0,0.0,0.0,0.0,0.0
14/03/2024,12:20:13,10.77,7.83,21.91,9.99,10215.0,15.0,0.0,0.0,0.0,0.0
14/03/2024,12:26:01,10.77,7.84,21.91,9.99,10649.0,15.0,0.0,0.0,0.0,0.0
14/03/2024,12:31:48,10.77,7.84,21.91,9.99,10323.0,15.0,0.0,0.0,0.0,0.0
14/03/2024,12:37:35,10.77,7.83,21.91,9.99,10432.0,15.0,0.0,0.0,0.0,0.0
14/03/2024,12:43:22,10.77,7.83,21.91,9.99,10215.0,15.0,0.0,0.0,0.0,0.0
14/03/2024,12:49:08,10.78,7.84,21.91,9.99,9889.0,15.0,0.0,0.0,0.0,0.0
14/03/2024,12:54:56,10.77,7.81,21.91,9.99,9998.0,15.0,0.0,0.0,0.0,0.0
14/03/2024,13:00:43,10.77,7.82,21.91,9.99,10432.0,15.0,0.0,0.0,0.0,0.0
14/03/2024,13:06:30,10.77,7.81,21.91,9.99,9781.0,15.0,0.0,0.0,0.0,0.0
14/03/2024,13:12:17,10.78,7.81,21.91,9.99,9998.0,15.0,0.0,0.0,0.0,0.0
14/03/2024,13:18:03,10.77,7.82,21.91,9.99,10432.0,15.0,0.0,0.0,0.0,0.0
14/03/2024,13:23:51,10.77,7.82,21.91,9.99,10866.0,15.0,0.0,0.0,0.0,0.0
14/03/2024,13:29:37,10.78,7.83,21.91,9.99,9998.0,15.0,0.0,0.0,0.0,0.0
14/03/2024,13:35:25,10.77,7.81,21.91,9.99,9889.0,15.0,0.0,0.0,0.0,0.0
14/03/2024,13:41:12,10.78,7.81,21.91,9.99,10323.0,15.0,0.0,0.0,0.0,0.0
14/03/2024,13:46:58,10.77,7.79,21.91,9.99,10323.0,15.0,0.0,0.0,0.0,0.0
14/03/2024,13:52:46,10.79,7.79,21.91,9.99,9889.0,15.0,0.0,0.0,0.0,0.0
14/03/2024,13:58:32,10.79,7.8,21.91,9.99,10649.0,15.0,0.0,0.0,0.0,0.0
14/03/2024,14:04:20,10.79,7.79,21.91,9.99,10215.0,15.0,0.0,0.0,0.0,0.0
14/03/2024,14:10:07,10.8,7.81,21.91,9.99,10106.0,15.0,0.0,0.0,0.0,0.0
14/03/2024,14:15:53,10.78,7.81,21.91,9.99,9889.0,15.0,0.0,0.0,0.0,0.0
14/03/2024,14:21:41,10.8,7.81,21.91,9.99,9998.0,15.0,0.0,0.0,0.0,0.0
14/03/2024,14:27:27,10.79,7.78,21.91,9.99,9998.0,15.0,0.0,0.0,0.0,0.0
14/03/2024,14:33:15,10.8,7.79,21.91,9.99,9889.0,15.0,0.0,0.0,0.0,0.0
14/03/2024,14:39:01,10.8,7.81,21.91,9.99,10106.0,15.0,0.0,0.0,0.0,0.0
14/03/2024,14:44:48,10.79,7.79,21.91,9.99,10432.0,15.0,0.0,0.0,0.0,0.0
14/03/2024,14:50:36,10.8,7.8,21.91,9.99,10757.0,15.0,0.0,0.0,0.0,0.0
14/03/2024,14:56:22,10.79,7.79,21.91,9.99,10540.0,15.0,0.0,0.0,0.0,0.0
14/03/2024,15:02:10,10.79,7.79,21.91,9.99,9998.0,15.0,0.0,0.0,0.0,0.0
14/03/2024,15:07:56,10.79,7.78,21.91,9.99,10106.0,15.0,0.0,0.0,0.0,0.0
14/03/2024,15:13:43,10.8,7.79,21.91,9.99,10215.0,15.0,0.0,0.0,0.0,0.0
14/03/2024,15:19:31,10.8,7.79,21.91,9.99,9998.0,15.0,0.0,0.0,0.0,0.0
14/03/2024,15:25:17,10.8,7.8,21.91,9.99,10215.0,15.0,0.0,0.0,0.0,0.0
14/03/2024,15:31:05,10.8,7.79,21.91,9.99,9998.0,15.0,0.0,0.0,0.0,0.0
14/03/2024,15:36:51,10.8,7.78,21.91,9.99,9998.0,15.0,0.0,0.0,0.0,0.0
14/03/2024,15:42:38,10.8,7.79,21.91,9.99,9998.0,15.0,0.0,0.0,0.0,0.0
14/03/2024,15:48:25,10.8,7.78,21.91,9.99,9672.0,15.0,0.0,0.0,0.0,0.0
14/03/2024,15:54:12,10.8,7.77,21.91,9.99,9564.0,15.0,0.0,0.0,0.0,0.0
14/03/2024,16:00:00,10.8,7.81,21.91,9.99,9998.0,15.0,0.0,0.0,0.0,0.0
14/03/2024,16:05:46,10.81,7.79,21.91,9.99,9889.0,15.0,0.0,0.0,0.0,0.0
14/03/2024,16:11:33,10.79,7.79,21.91,9.99,10432.0,15.0,0.0,0.0,0.0,0.0
14/03/2024,16:17:21,10.82,7.78,21.91,9.99,9998.0,15.0,0.0,0.0,0.0,0.0
14/03/2024,16:23:07,10.8,7.79,21.91,9.99,9998.0,15.0,0.0,0.0,0.0,0.0
14/03/2024,16:28:54,10.8,7.8,21.91,9.99,9889.0,15.0,0.0,0.0,0.0,0.0
14/03/2024,16:34:41,10.8,7.78,21.91,9.99,9564.0,15.0,0.0,0.0,0.0,0.0
14/03/2024,16:40:28,10.81,7.79,21.93,9.99,9998.0,15.0,0.0,0.0,0.0,0.0
14/03/2024,16:46:15,10.8,7.78,21.93,9.99,9781.0,15.0,0.0,0.0,0.0,0.0
14/03/2024,16:52:02,10.8,7.78,21.91,9.99,9672.0,15.0,0.0,0.0,0.0,0.0
14/03/2024,16:57:49,10.81,7.79,21.93,9.99,9455.0,15.0,0.0,0.0,0.0,0.0
14/03/2024,17:03:36,10.8,7.77,21.93,9.99,10215.0,15.0,0.0,0.0,0.0,0.0
14/03/2024,17:09:23,10.8,7.78,21.93,9.99,9998.0,15.0,0.0,0.0,0.0,0.0
14/03/2024,17:15:10,10.8,7.78,21.93,9.99,9781.0,15.0,0.0,0.0,0.0,0.0
14/03/2024,17:20:57,10.8,7.77,21.93,9.99,9564.0,15.0,0.0,0.0,0.0,0.0
14/03/2024,17:26:43,10.8,7.8,21.93,9.99,9889.0,15.0,0.0,0.0,0.0,0.0
14/03/2024,17:32:31,10.81,7.79,21.93,9.99,10106.0,15.0,0.0,0.0,0.0,0.0
14/03/2024,17:38:18,10.81,7.79,21.93,9.99,9781.0,15.0,0.0,0.0,0.0,0.0
14/03/2024,17:44:05,10.8,7.76,21.93,9.99,9998.0,15.0,0.0,0.0,0.0,0.0
14/03/2024,17:49:52,10.81,7.78,21.93,9.99,9781.0,15.0,0.0,0.0,0.0,0.0
14/03/2024,17:55:38,10.81,7.79,21.93,9.99,9998.0,15.0,0.0,0.0,0.0,0.0
14/03/2024,18:01:26,10.81,7.81,21.93,9.99,9781.0,15.0,0.0,0.0,0.0,0.0
14/03/2024,18:07:13,10.82,7.81,21.93,9.99,10215.0,15.0,0.0,0.0,0.0,0.0
14/03/2024,18:13:00,10.82,7.79,21.91,9.99,9781.0,15.0,0.0,0.0,0.0,0.0
14/03/2024,18:18:47,10.83,7.79,21.91,9.99,9672.0,15.0,0.0,0.0,0.0,0.0
14/03/2024,18:24:33,10.84,7.78,21.91,9.99,9347.0,15.0,0.0,0.0,0.0,0.0
14/03/2024,18:30:21,10.84,7.8,21.91,9.99,9889.0,15.0,0.0,0.0,0.0,0.0
14/03/2024,18:36:08,10.84,7.81,21.91,9.99,9672.0,15.0,0.0,0.0,0.0,0.0
14/03/2024,18:41:55,10.84,7.8,21.91,9.99,9455.0,15.0,0.0,0.0,0.0,0.0
14/03/2024,18:47:42,10.85,7.81,21.91,9.99,9130.0,15.0,0.0,0.0,0.0,0.0
14/03/2024,18:53:28,10.84,7.8,21.91,9.99,9781.0,15.0,0.0,0.0,0.0,0.0
14/03/2024,18:59:16,10.85,7.8,21.91,9.99,9889.0,15.0,0.0,0.0,0.0,0.0
14/03/2024,19:05:03,10.85,7.83,21.91,9.99,9564.0,15.0,0.0,0.0,0.0,0.0
14/03/2024,19:10:50,10.85,7.82,21.91,9.99,9781.0,15.0,0.0,0.0,0.0,0.0
14/03/2024,19:16:37,10.86,7.83,21.91,9.99,9889.0,15.0,0.0,0.0,0.0,0.0
14/03/2024,19:22:23,10.86,7.81,21.91,9.99,9672.0,15.0,0.0,0.0,0.0,0.0
14/03/2024,19:28:11,10.88,7.83,21.91,9.99,9889.0,15.0,0.0,0.0,0.0,0.0
14/03/2024,19:33:57,10.86,7.85,21.91,9.99,9998.0,15.0,0.0,0.0,0.0,0.0
14/03/2024,19:39:45,10.86,7.83,21.91,9.99,9889.0,15.0,0.0,0.0,0.0,0.0
14/03/2024,19:45:32,10.86,7.83,21.91,9.99,9455.0,15.0,0.0,0.0,0.0,0.0
14/03/2024,19:51:18,10.86,7.84,21.91,9.99,9672.0,15.0,0.0,0.0,0.0,0.0
14/03/2024,19:57:06,10.87,7.84,21.91,9.99,9564.0,15.0,0.0,0.0,0.0,0.0
14/03/2024,20:02:52,10.87,7.86,21.91,9.99,9889.0,15.0,0.0,0.0,0.0,0.0
14/03/2024,20:08:40,10.86,7.84,21.91,9.99,9238.0,15.0,0.0,0.0,0.0,0.0
14/03/2024,20:14:27,10.87,7.85,21.88,9.99,9781.0,15.0,0.0,0.0,0.0,0.0
14/03/2024,20:20:13,10.87,7.84,21.88,9.99,9347.0,15.0,0.0,0.0,0.0,0.0
14/03/2024,20:26:01,10.86,7.86,21.88,9.99,9781.0,15.0,0.0,0.0,0.0,0.0
14/03/2024,20:31:47,10.88,7.86,21.88,9.99,10106.0,15.0,0.0,0.0,0.0,0.0
14/03/2024,20:37:35,10.87,7.86,21.88,9.99,10106.0,15.0,0.0,0.0,0.0,0.0
14/03/2024,20:43:21,10.86,7.87,21.88,9.99,9998.0,15.0,0.0,0.0,0.0,0.0
14/03/2024,20:49:08,10.86,7.86,21.88,9.99,9672.0,15.0,0.0,0.0,0.0,0.0
14/03/2024,20:54:56,10.85,7.86,21.88,9.99,9564.0,15.0,0.0,0.0,0.0,0.0
14/03/2024,21:00:42,10.85,7.89,21.88,9.99,9455.0,15.0,0.0,0.0,0.0,0.0
14/03/2024,21:06:30,10.85,7.87,21.88,9.99,9564.0,15.0,0.0,0.0,0.0,0.0
14/03/2024,21:12:16,10.85,7.88,21.88,9.99,9672.0,15.0,0.0,0.0,0.0,0.0
14/03/2024,21:18:03,10.85,7.88,21.88,9.99,9455.0,15.0,0.0,0.0,0.0,0.0
14/03/2024,21:23:51,10.84,7.88,21.85,9.99,9564.0,15.0,0.0,0.0,0.0,0.0
14/03/2024,21:29:37,10.85,7.9,21.85,9.99,9998.0,15.0,0.0,0.0,0.0,0.0
14/03/2024,21:35:25,10.86,7.89,21.85,9.99,9455.0,15.0,0.0,0.0,0.0,0.0
14/03/2024,21:41:11,10.88,7.9,21.85,9.99,9455.0,15.0,0.0,0.0,0.0,0.0
14/03/2024,21:46:58,10.87,7.89,21.85,9.99,9455.0,15.0,0.0,0.0,0.0,0.0
14/03/2024,21:52:45,10.87,7.89,21.85,9.99,9998.0,15.0,0.0,0.0,0.0,0.0
14/03/2024,21:58:32,10.86,7.9,21.85,9.99,9998.0,15.0,0.0,0.0,0.0,0.0
14/03/2024,22:04:20,10.81,7.88,21.83,9.99,9889.0,15.0,0.0,0.0,0.0,0.0
14/03/2024,22:10:06,10.82,7.89,21.8,9.99,9998.0,15.0,0.0,0.0,0.0,0.0
14/03/2024,22:15:53,10.82,7.91,21.8,9.99,9889.0,15.0,0.0,0.0,0.0,0.0
14/03/2024,22:21:40,10.83,7.88,21.8,9.99,10215.0,15.0,0.0,0.0,0.0,0.0
14/03/2024,22:27:27,10.83,7.91,21.77,9.99,9781.0,15.0,0.0,0.0,0.0,0.0
14/03/2024,22:33:15,10.83,7.91,21.75,9.99,9998.0,15.0,0.0,0.0,0.0,0.0
14/03/2024,22:39:01,10.83,7.9,21.72,9.99,9889.0,15.0,0.0,0.0,0.0,0.0
14/03/2024,22:44:48,10.84,7.91,21.69,9.99,9455.0,15.0,0.0,0.0,0.0,0.0
14/03/2024,22:50:35,10.83,7.91,21.69,9.99,9781.0,15.0,0.0,0.0,0.0,0.0
14/03/2024,22:56:22,10.83,7.91,21.66,9.99,9564.0,15.0,0.0,0.0,0.0,0.0
14/03/2024,23:02:10,10.83,7.92,21.61,9.99,9672.0,15.0,0.0,0.0,0.0,0.0
14/03/2024,23:07:56,10.85,7.92,21.61,9.99,9455.0,15.0,0.0,0.0,0.0,0.0
14/03/2024,23:13:43,10.84,7.93,21.58,9.99,9781.0,15.0,0.0,0.0,0.0,0.0
14/03/2024,23:19:30,10.83,7.91,21.53,9.99,9998.0,15.0,0.0,0.0,0.0,0.0
14/03/2024,23:25:17,10.84,7.92,21.5,9.99,9889.0,15.0,0.0,0.0,0.0,0.0
14/03/2024,23:31:04,10.83,7.94,21.5,9.99,9781.0,15.0,0.0,0.0,0.0,0.0
14/03/2024,23:36:51,10.83,7.92,21.45,9.99,9347.0,15.0,0.0,0.0,0.0,0.0
14/03/2024,23:42:38,10.83,7.93,21.4,9.99,9998.0,15.0,0.0,0.0,0.0,0.0
14/03/2024,23:48:25,10.85,7.93,21.37,9.99,9889.0,15.0,0.0,0.0,0.0,0.0
14/03/2024,23:54:12,10.84,7.94,21.34,9.99,10106.0,15.0,0.0,0.0,0.0,0.0
14/03/2024,23:59:59,10.83,7.93,21.31,9.99,9672.0,15.0,0.0,0.0,0.0,0.0
