Fecha,Hora,pH,DO,Temp,Lvl,co2,LEDw,LEDr,LEDg,LEDb,Pmp
19/06/2025,00:00:00,10.4,7.32,24.33,9.99,777.0,51.0,0.0,0.0,0.0,0.0
19/06/2025,00:05:46,10.4,7.33,24.33,9.99,668.0,51.0,0.0,0.0,0.0,0.0
19/06/2025,00:11:33,10.4,7.34,24.3,9.99,560.0,51.0,0.0,0.0,0.0,0.0
19/06/2025,00:17:20,10.41,7.36,24.3,9.99,560.0,51.0,0.0,0.0,0.0,0.0
19/06/2025,00:23:07,10.41,7.36,24.28,9.99,668.0,51.0,0.0,0.0,0.0,0.0
19/06/2025,00:28:54,10.41,7.37,24.2,9.99,668.0,51.0,0.0,0.0,0.0,0.0
19/06/2025,00:34:41,10.43,7.38,24.14,9.99,668.0,51.0,0.0,0.0,0.0,0.0
19/06/2025,00:40:28,10.41,7.39,24.04,9.99,451.0,51.0,0.0,0.0,0.0,0.0
19/06/2025,00:46:16,10.43,7.4,23.87,9.99,343.0,51.0,0.0,0.0,0.0,0.0
19/06/2025,00:52:02,10.42,7.41,23.71,9.99,451.0,51.0,0.0,0.0,0.0,0.0
19/06/2025,00:57:49,10.41,7.42,23.6,9.99,668.0,51.0,0.0,0.0,0.0,0.0
19/06/2025,01:03:36,10.4,7.41,23.44,9.99,343.0,51.0,0.0,0.0,0.0,0.0
19/06/2025,01:09:23,10.42,7.44,23.33,9.99,234.0,51.0,0.0,0.0,0.0,0.0
19/06/2025,01:15:09,10.41,7.44,23.25,9.99,668.0,51.0,0.0,0.0,0.0,0.0
19/06/2025,01:20:57,10.43,7.45,23.17,9.99,668.0,51.0,0.0,0.0,0.0,0.0
19/06/2025,01:26:44,10.45,7.45,23.12,9.99,560.0,51.0,0.0,0.0,0.0,0.0
19/06/2025,01:32:31,10.45,7.48,23.12,9.99,668.0,51.0,0.0,0.0,0.0,0.0
19/06/2025,01:38:18,10.44,7.48,23.12,9.99,451.0,51.0,0.0,0.0,0.0,0.0
19/06/2025,01:44:05,10.43,7.47,23.12,9.99,560.0,51.0,0.0,0.0,0.0,0.0
19/06/2025,01:49:52,10.43,7.5,23.12,9.99,777.0,51.0,0.0,0.0,0.0,0.0
19/06/2025,01:55:39,10.51,7.52,23.12,9.99,885.0,51.0,0.0,0.0,0.0,0.0
19/06/2025,02:01:25,10.5,7.5,23.12,9.99,560.0,51.0,0.0,0.0,0.0,0.0
19/06/2025,02:07:13,10.49,7.52,23.09,9.99,560.0,51.0,0.0,0.0,0.0,0.0
19/06/2025,02:13:00,10.48,7.53,23.09,9.99,668.0,51.0,0.0,0.0,0.0,0.0
19/06/2025,02:18:47,10.46,7.54,23.07,9.99,451.0,51.0,0.0,0.0,0.0,0.0
19/06/2025,02:24:34,10.46,7.54,23.01,9.99,668.0,51.0,0.0,0.0,0.0,0.0
19/06/2025,02:30:20,10.45,7.56,22.98,9.99,451.0,51.0,0.0,0.0,0.0,0.0
19/06/2025,02:36:08,10.45,7.56,22.93,9.99,777.0,51.0,0.0,0.0,0.0,0.0
19/06/2025,02:41:55,10.44,7.57,22.9,9.99,560.0,51.0,0.0,0.0,0.0,0.0
19/06/2025,02:47:41,10.42,7.56,22.82,9.99,777.0,51.0,0.0,0.0,0.0,0.0
19/06/2025,02:53:29,10.43,7.56,22.74,9.99,343.0,51.0,0.0,0.0,0.0,0.0
19/06/2025,02:59:15,10.41,7.57,22.63,9.99,668.0,51.0,0.0,0.0,0.0,0.0
19/06/2025,03:05:03,10.41,7.58,22.58,9.99,885.0,51.0,0.0,0.0,0.0,0.0
19/06/2025,03:10:50,10.42,7.59,22.53,9.99,343.0,51.0,0.0,0.0,0.0,0.0
19/06/2025,03:16:36,10.42,7.59,22.42,9.99,668.0,51.0,0.0,0.0,0.0,0.0
19/06/2025,03:22:24,10.41,7.6,22.36,9.99,451.0,51.0,0.0,0.0,0.0,0.0
19/06/2025,03:28:10,10.42,7.62,22.31,9.99,343.0,51.0,0.0,0.0,0.0,0.0
19/06/2025,03:33:57,10.41,7.61,22.23,9.99,560.0,51.0,0.0,0.0,0.0,0.0
19/06/2025,03:39:45,10.41,7.6,22.18,9.99,885.0,51.0,0.0,0.0,0.0,0.0
19/06/2025,03:45:31,10.41,7.62,22.12,9.99,668.0,51.0,0.0,0.0,0.0,0.0
19/06/2025,03:51:19,10.42,7.61,22.1,9.99,668.0,51.0,0.0,0.0,0.0,0.0
19/06/2025,03:57:05,10.42,7.62,22.07,9.99,560.0,51.0,0.0,0.0,0.0,0.0
19/06/2025,04:02:52,10.42,7.61,22.01,9.99,343.0,51.0,0.0,0.0,0.0,0.0
19/06/2025,04:08:40,10.42,7.63,21.99,9.99,668.0,51.0,0.0,0.0,0.0,0.0
19/06/2025,04:14:26,10.42,7.61,21.96,9.99,668.0,51.0,0.0,0.0,0.0,0.0
19/06/2025,04:20:13,10.43,7.63,21.93,9.99,668.0,51.0,0.0,0.0,0.0,0.0
19/06/2025,04:26:00,10.42,7.63,21.93,9.99,777.0,51.0,0.0,0.0,0.0,0.0
19/06/2025,04:31:47,10.4,7.64,21.91,9.99,343.0,51.0,0.0,0.0,0.0,0.0
19/06/2025,04:37:35,10.4,7.64,21.91,9.99,560.0,51.0,0.0,0.0,0.0,0.0
19/06/2025,04:43:21,10.4,7.63,21.91,9.99,560.0,51.0,0.0,0.0,0.0,0.0
19/06/2025,04:49:08,10.41,7.64,21.91,9.99,777.0,51.0,0.0,0.0,0.0,0.0
19/06/2025,04:54:55,10.41,7.65,21.91,9.99,451.0,51.0,0.0,0.0,0.0,0.0
19/06/2025,05:00:42,10.4,7.65,21.91,9.99,343.0,51.0,0.0,0.0,0.0,0.0
19/06/2025,05:06:30,10.38,7.67,21.91,9.99,668.0,51.0,0.0,0.0,0.0,0.0
19/06/2025,05:12:16,10.38,7.67,21.91,9.99,777.0,51.0,0.0,0.0,0.0,0.0
19/06/2025,05:18:03,10.37,7.66,21.91,9.99,451.0,51.0,0.0,0.0,0.0,0.0
19/06/2025,05:23:50,10.37,7.66,21.91,9.99,777.0,51.0,0.0,0.0,0.0,0.0
19/06/2025,05:29:37,10.36,7.67,21.91,9.99,777.0,51.0,0.0,0.0,0.0,0.0
19/06/2025,05:35:24,10.34,7.67,21.91,9.99,451.0,51.0,0.0,0.0,0.0,0.0
19/06/2025,05:41:11,10.36,7.66,21.91,9.99,777.0,51.0,0.0,0.0,0.0,0.0
19/06/2025,05:46:58,10.34,7.67,21.91,9.99,885.0,51.0,0.0,0.0,0.0,0.0
19/06/2025,05:52:45,10.32,7.66,21.91,9.99,885.0,51.0,0.0,0.0,0.0,0.0
19/06/2025,05:58:32,10.31,7.66,21.91,9.99,668.0,51.0,0.0,0.0,0.0,0.0
19/06/2025,06:04:19,10.3,7.64,21.91,9.99,560.0,51.0,0.0,0.0,0.0,0.0
19/06/2025,06:10:06,10.29,7.65,21.91,9.99,777.0,51.0,0.0,0.0,0.0,0.0
19/06/2025,06:15:53,10.28,7.64,21.91,9.99,668.0,51.0,0.0,0.0,0.0,0.0
19/06/2025,06:21:39,10.28,7.64,21.91,9.99,668.0,51.0,0.0,0.0,0.0,0.0
19/06/2025,06:27:27,10.29,7.64,21.91,9.99,885.0,51.0,0.0,0.0,0.0,0.0
19/06/2025,06:33:14,10.3,7.63,21.91,9.99,668.0,51.0,0.0,0.0,0.0,0.0
19/06/2025,06:39:01,10.31,7.64,21.91,9.99,885.0,51.0,0.0,0.0,0.0,0.0
19/06/2025,06:44:48,10.32,7.65,21.91,9.99,994.0,51.0,0.0,0.0,0.0,0.0
19/06/2025,06:50:34,10.34,7.64,21.91,9.99,1102.0,51.0,0.0,0.0,0.0,0.0
19/06/2025,06:56:22,10.36,7.63,21.91,9.99,777.0,51.0,0.0,0.0,0.0,0.0
19/06/2025,07:02:09,10.38,7.64,21.91,9.99,560.0,51.0,0.0,0.0,0.0,0.0
19/06/2025,07:07:55,10.39,7.65,21.91,9.99,560.0,51.0,0.0,0.0,0.0,0.0
19/06/2025,07:13:43,10.39,7.64,21.91,9.99,451.0,51.0,0.0,0.0,0.0,0.0
19/06/2025,07:19:29,10.39,7.64,21.91,9.99,777.0,51.0,0.0,0.0,0.0,0.0
19/06/2025,07:25:17,10.4,7.65,21.91,9.99,777.0,51.0,0.0,0.0,0.0,0.0
19/06/2025,07:31:04,10.4,7.65,21.91,9.99,777.0,51.0,0.0,0.0,0.0,0.0
19/06/2025,07:36:50,10.4,7.66,21.91,9.99,777.0,51.0,0.0,0.0,0.0,0.0
19/06/2025,07:42:38,10.4,7.65,21.91,9.99,668.0,51.0,0.0,0.0,0.0,0.0
19/06/2025,07:48:25,10.4,7.67,21.91,9.99,343.0,51.0,0.0,0.0,0.0,0.0
19/06/2025,07:54:11,10.4,7.65,21.91,9.99,560.0,51.0,0.0,0.0,0.0,0.0
19/06/2025,07:59:59,10.4,7.66,21.91,9.99,994.0,51.0,0.0,0.0,0.0,0.0
19/06/2025,08:05:45,10.41,7.66,21.91,9.99,668.0,51.0,0.0,0.0,0.0,0.0
19/06/2025,08:11:33,10.41,7.66,21.91,9.99,777.0,51.0,0.0,0.0,0.0,0.0
19/06/2025,08:17:20,10.41,7.67,21.91,9.99,668.0,51.0,0.0,0.0,0.0,0.0
19/06/2025,08:23:06,10.4,7.67,21.91,9.99,885.0,51.0,0.0,0.0,0.0,0.0
19/06/2025,08:28:54,10.4,7.67,21.91,9.99,668.0,51.0,0.0,0.0,0.0,0.0
19/06/2025,08:34:40,10.38,7.68,21.91,9.99,885.0,51.0,0.0,0.0,0.0,0.0
19/06/2025,08:40:27,10.39,7.67,21.91,9.99,994.0,51.0,0.0,0.0,0.0,0.0
19/06/2025,08:46:15,10.39,7.68,21.91,9.99,777.0,51.0,0.0,0.0,0.0,0.0
19/06/2025,08:52:01,10.38,7.69,21.91,9.99,777.0,51.0,0.0,0.0,0.0,0.0
19/06/2025,08:57:49,10.38,7.68,21.91,9.99,668.0,51.0,0.0,0.0,0.0,0.0
19/06/2025,09:03:35,10.38,7.69,21.91,9.99,234.0,51.0,0.0,0.0,0.0,0.0
19/06/2025,09:09:22,10.39,7.7,21.91,9.99,451.0,51.0,0.0,0.0,0.0,0.0
19/06/2025,09:15:10,10.4,7.71,21.93,9.99,451.0,51.0,0.0,0.0,0.0,0.0
19/06/2025,09:20:56,10.4,7.69,22.1,9.99,451.0,51.0,0.0,0.0,0.0,0.0
19/06/2025,09:26:43,10.4,7.68,22.55,9.99,885.0,51.0,0.0,0.0,0.0,0.0
19/06/2025,09:32:31,10.42,7.65,22.8,9.99,234.0,51.0,0.0,0.0,0.0,0.0
19/06/2025,09:38:17,10.42,7.63,22.98,9.99,17.0,51.0,0.0,0.0,0.0,0.0
19/06/2025,09:44:05,10.43,7.61,23.07,9.99,451.0,51.0,0.0,0.0,0.0,0.0
19/06/2025,09:49:51,10.44,7.6,23.09,9.99,234.0,51.0,0.0,0.0,0.0,0.0
19/06/2025,09:55:38,10.45,7.59,23.12,9.99,451.0,51.0,0.0,0.0,0.0,0.0
19/06/2025,10:01:26,10.45,7.56,23.12,9.99,451.0,51.0,0.0,0.0,0.0,0.0
19/06/2025,10:07:12,10.46,7.56,23.12,9.99,885.0,51.0,0.0,0.0,0.0,0.0
19/06/2025,10:13:00,10.48,7.54,23.17,9.99,343.0,51.0,0.0,0.0,0.0,0.0
19/06/2025,10:18:47,10.46,7.48,23.25,9.99,451.0,51.0,0.0,0.0,0.0,0.0
19/06/2025,10:24:33,10.46,7.51,23.39,9.99,-91.0,51.0,0.0,0.0,0.0,0.0
19/06/2025,10:30:21,10.48,7.5,23.47,9.99,451.0,51.0,0.0,0.0,0.0,0.0
19/06/2025,10:36:07,10.48,7.52,23.6,9.99,885.0,51.0,0.0,0.0,0.0,0.0
19/06/2025,10:41:54,10.49,7.5,23.77,9.99,451.0,51.0,0.0,0.0,0.0,0.0
19/06/2025,10:47:42,10.48,7.52,23.95,9.99,343.0,51.0,0.0,0.0,0.0,0.0
19/06/2025,10:53:28,10.48,7.51,24.06,9.99,126.0,51.0,0.0,0.0,0.0,0.0
19/06/2025,10:59:16,10.47,7.49,24.14,9.99,885.0,51.0,0.0,0.0,0.0,0.0
19/06/2025,11:05:02,10.47,7.47,24.17,9.99,-91.0,51.0,0.0,0.0,0.0,0.0
19/06/2025,11:10:49,10.47,7.5,24.28,9.99,668.0,51.0,0.0,0.0,0.0,0.0
19/06/2025,11:16:37,10.49,7.49,24.28,9.99,343.0,51.0,0.0,0.0,0.0,0.0
19/06/2025,11:22:23,10.54,7.47,24.3,9.99,560.0,51.0,0.0,0.0,0.0,0.0
19/06/2025,11:28:10,10.49,7.44,24.3,9.99,-91.0,51.0,0.0,0.0,0.0,0.0
19/06/2025,11:33:57,10.5,7.45,24.33,9.99,560.0,51.0,0.0,0.0,0.0,0.0
19/06/2025,11:39:44,10.48,7.44,24.33,9.99,234.0,51.0,0.0,0.0,0.0,0.0
19/06/2025,11:45:32,10.35,7.41,24.33,9.99,777.0,51.0,0.0,0.0,0.0,0.0
19/06/2025,11:51:18,10.33,7.4,24.33,9.99,668.0,51.0,0.0,0.0,0.0,0.0
19/06/2025,11:57:05,10.34,7.34,24.33,9.99,451.0,51.0,0.0,0.0,0.0,0.0
19/06/2025,12:02:52,10.45,7.23,24.33,9.99,777.0,51.0,0.0,0.0,0.0,0.0
19/06/2025,12:08:39,10.38,7.3,24.33,9.99,1102.0,51.0,0.0,0.0,0.0,0.0
19/06/2025,12:14:26,10.38,7.4,24.33,9.99,343.0,51.0,0.0,0.0,0.0,0.0
19/06/2025,12:20:13,10.44,7.41,24.33,9.99,-200.0,51.0,0.0,0.0,0.0,0.0
19/06/2025,12:26:00,10.6,7.35,24.33,9.99,343.0,51.0,0.0,0.0,0.0,0.0
19/06/2025,12:31:47,10.55,7.38,24.33,9.99,17.0,51.0,0.0,0.0,0.0,0.0
19/06/2025,12:37:34,10.51,7.37,24.33,9.99,343.0,51.0,0.0,0.0,0.0,0.0
19/06/2025,12:43:21,10.49,7.37,24.33,9.99,17.0,51.0,0.0,0.0,0.0,0.0
19/06/2025,12:49:08,10.47,7.35,24.36,9.99,885.0,51.0,0.0,0.0,0.0,0.0
19/06/2025,12:54:55,10.47,7.36,24.44,9.99,1102.0,51.0,0.0,0.0,0.0,0.0
19/06/2025,13:00:42,10.46,7.34,24.6,9.99,668.0,51.0,0.0,0.0,0.0,0.0
19/06/2025,13:06:29,10.46,7.33,24.6,9.99,1753.0,51.0,0.0,0.0,0.0,0.0
19/06/2025,13:12:16,10.45,7.32,24.65,9.99,1427.0,51.0,0.0,0.0,0.0,0.0
19/06/2025,13:18:03,10.46,7.32,24.68,9.99,1753.0,51.0,0.0,0.0,0.0,0.0
19/06/2025,13:23:50,10.45,7.33,24.74,9.99,1753.0,51.0,0.0,0.0,0.0,0.0
19/06/2025,13:29:37,10.44,7.3,24.76,9.99,2838.0,51.0,0.0,0.0,0.0,0.0
19/06/2025,13:35:24,10.44,7.32,24.82,9.99,2729.0,51.0,0.0,0.0,0.0,0.0
19/06/2025,13:41:11,10.44,7.3,24.87,9.99,2621.0,51.0,0.0,0.0,0.0,0.0
19/06/2025,13:46:58,10.44,7.32,24.95,9.99,3272.0,51.0,0.0,0.0,0.0,0.0
19/06/2025,13:52:45,10.45,7.32,25.11,9.99,3597.0,51.0,0.0,0.0,0.0,0.0
19/06/2025,13:58:32,10.44,7.28,25.11,9.99,3706.0,51.0,0.0,0.0,0.0,0.0
19/06/2025,14:04:20,10.44,7.29,25.17,9.99,4357.0,51.0,0.0,0.0,0.0,0.0
19/06/2025,14:10:06,10.44,7.3,25.17,9.99,4574.0,51.0,0.0,0.0,0.0,0.0
19/06/2025,14:15:53,10.44,7.28,25.22,9.99,4899.0,51.0,0.0,0.0,0.0,0.0
19/06/2025,14:21:41,10.46,7.27,25.25,9.99,5007.0,51.0,0.0,0.0,0.0,0.0
19/06/2025,14:27:27,10.44,7.26,25.25,9.99,5875.0,51.0,0.0,0.0,0.0,0.0
19/06/2025,14:33:15,10.44,7.28,25.27,9.99,6852.0,51.0,0.0,0.0,0.0,0.0
19/06/2025,14:39:01,10.44,7.28,25.3,9.99,7286.0,51.0,0.0,0.0,0.0,0.0
19/06/2025,14:44:48,10.44,7.29,25.33,9.99,7611.0,51.0,0.0,0.0,0.0,0.0
19/06/2025,14:50:36,10.45,7.28,25.33,9.99,7720.0,51.0,0.0,0.0,0.0,0.0
19/06/2025,14:56:22,10.45,7.28,25.36,9.99,8262.0,51.0,0.0,0.0,0.0,0.0
19/06/2025,15:02:09,10.45,7.27,25.36,9.99,9238.0,51.0,0.0,0.0,0.0,0.0
19/06/2025,15:07:56,10.45,7.26,25.38,9.99,10323.0,51.0,0.0,0.0,0.0,0.0
19/06/2025,15:13:43,10.46,7.27,25.38,9.99,10432.0,51.0,0.0,0.0,0.0,0.0
19/06/2025,15:19:30,10.46,7.26,25.38,9.99,11300.0,51.0,0.0,0.0,0.0,0.0
19/06/2025,15:25:17,10.46,7.27,25.41,9.99,11951.0,51.0,0.0,0.0,0.0,0.0
19/06/2025,15:31:04,10.46,7.26,25.41,9.99,12818.0,51.0,0.0,0.0,0.0,0.0
19/06/2025,15:36:51,10.47,7.28,25.41,9.99,13686.0,51.0,0.0,0.0,0.0,0.0
19/06/2025,15:42:38,10.46,7.27,25.41,9.99,14120.0,51.0,0.0,0.0,0.0,0.0
19/06/2025,15:48:24,10.48,7.26,25.44,9.99,15205.0,51.0,0.0,0.0,0.0,0.0
19/06/2025,15:54:12,10.47,7.26,25.44,9.99,16181.0,51.0,0.0,0.0,0.0,0.0
19/06/2025,15:59:59,10.48,7.27,25.44,9.99,17266.0,51.0,0.0,0.0,0.0,0.0
19/06/2025,16:05:46,10.48,7.28,25.46,9.99,18243.0,51.0,0.0,0.0,0.0,0.0
19/06/2025,16:11:33,10.48,7.26,25.44,9.99,19219.0,51.0,0.0,0.0,0.0,0.0
19/06/2025,16:17:19,10.49,7.28,25.44,9.99,19870.0,51.0,0.0,0.0,0.0,0.0
19/06/2025,16:23:07,10.49,7.26,25.44,9.99,20846.0,51.0,0.0,0.0,0.0,0.0
19/06/2025,16:28:54,10.49,7.26,25.44,9.99,21823.0,51.0,0.0,0.0,0.0,0.0
19/06/2025,16:34:40,10.5,7.28,25.44,9.99,23124.0,51.0,0.0,0.0,0.0,0.0
19/06/2025,16:40:28,10.5,7.28,25.44,9.99,23884.0,51.0,0.0,0.0,0.0,0.0
19/06/2025,16:46:15,10.5,7.27,25.44,9.99,24860.0,51.0,0.0,0.0,0.0,0.0
19/06/2025,16:52:02,10.51,7.28,25.44,9.99,25945.0,51.0,0.0,0.0,0.0,0.0
19/06/2025,16:57:49,10.51,7.28,25.41,9.99,26813.0,51.0,0.0,0.0,0.0,0.0
19/06/2025,17:03:35,10.51,7.25,25.41,9.99,27681.0,51.0,0.0,0.0,0.0,0.0
19/06/2025,17:09:23,10.5,7.28,25.41,9.99,29525.0,51.0,0.0,0.0,0.0,0.0
19/06/2025,17:15:10,10.49,7.27,25.38,9.99,30067.0,51.0,0.0,0.0,0.0,0.0
19/06/2025,17:20:56,10.5,7.29,25.38,9.99,31152.0,51.0,0.0,0.0,0.0,0.0
19/06/2025,17:26:44,10.5,7.27,25.38,9.99,32129.0,51.0,0.0,0.0,0.0,0.0
19/06/2025,17:32:30,10.51,7.28,25.36,9.99,33647.0,51.0,0.0,0.0,0.0,0.0
19/06/2025,17:38:18,10.51,7.28,25.36,9.99,34949.0,51.0,0.0,0.0,0.0,0.0
19/06/2025,17:44:05,10.51,7.29,25.33,9.99,36143.0,51.0,0.0,0.0,0.0,0.0
19/06/2025,17:49:51,10.52,7.28,25.3,9.99,38529.0,51.0,0.0,0.0,0.0,0.0
19/06/2025,17:55:39,10.53,7.28,25.3,9.99,39614.0,51.0,0.0,0.0,0.0,0.0
19/06/2025,18:01:26,10.53,7.29,25.27,9.99,41458.0,51.0,0.0,0.0,0.0,0.0
19/06/2025,18:07:12,10.55,7.28,25.25,9.99,42001.0,51.0,0.0,0.0,0.0,0.0
19/06/2025,18:13:00,10.55,7.29,25.22,9.99,44279.0,51.0,0.0,0.0,0.0,0.0
19/06/2025,18:18:46,10.55,7.28,25.19,9.99,44713.0,51.0,0.0,0.0,0.0,0.0
19/06/2025,18:24:34,10.55,7.28,25.17,9.99,46340.0,51.0,0.0,0.0,0.0,0.0
19/06/2025,18:30:20,10.56,7.29,25.06,9.99,48401.0,51.0,0.0,0.0,0.0,0.0
19/06/2025,18:36:07,10.56,7.29,25.03,9.99,50246.0,51.0,0.0,0.0,0.0,0.0
19/06/2025,18:41:55,10.56,7.3,25.06,9.99,50897.0,51.0,0.0,0.0,0.0,0.0
19/06/2025,18:47:41,10.56,7.3,25.09,9.99,51764.0,51.0,0.0,0.0,0.0,0.0
19/06/2025,18:53:28,10.57,7.3,25.03,9.99,52849.0,51.0,0.0,0.0,0.0,0.0
19/06/2025,18:59:15,10.57,7.3,24.98,9.99,53934.0,51.0,0.0,0.0,0.0,0.0
19/06/2025,19:05:02,10.57,7.3,24.9,9.99,55236.0,51.0,0.0,0.0,0.0,0.0
19/06/2025,19:10:50,10.57,7.31,24.84,9.99,56646.0,51.0,0.0,0.0,0.0,0.0
19/06/2025,19:16:36,10.57,7.3,24.76,9.99,57840.0,51.0,0.0,0.0,0.0,0.0
19/06/2025,19:22:23,10.57,7.32,24.79,9.99,58707.0,51.0,0.0,0.0,0.0,0.0
19/06/2025,19:28:10,10.58,7.33,24.76,9.99,60118.0,51.0,0.0,0.0,0.0,0.0
19/06/2025,19:33:57,10.58,7.31,24.74,9.99,61962.0,51.0,0.0,0.0,0.0,0.0
19/06/2025,19:39:45,10.57,7.34,24.68,9.99,62938.0,51.0,0.0,0.0,0.0,0.0
19/06/2025,19:45:31,10.57,7.34,24.68,9.99,65434.0,51.0,0.0,0.0,0.0,0.0
19/06/2025,19:51:18,10.57,7.31,24.63,9.99,66518.0,51.0,0.0,0.0,0.0,0.0
19/06/2025,19:57:05,10.56,7.34,24.6,9.99,69014.0,51.0,0.0,0.0,0.0,0.0
19/06/2025,20:02:52,10.56,7.32,24.6,9.99,70424.0,51.0,0.0,0.0,0.0,0.0
19/06/2025,20:08:38,10.57,7.32,24.55,9.99,71509.0,51.0,0.0,0.0,0.0,0.0
19/06/2025,20:14:26,10.59,7.33,24.52,9.99,71726.0,51.0,0.0,0.0,0.0,0.0
19/06/2025,20:20:13,10.59,7.33,24.47,9.99,73787.0,51.0,0.0,0.0,0.0,0.0
19/06/2025,20:26:00,10.59,7.33,24.44,9.99,75740.0,51.0,0.0,0.0,0.0,0.0
19/06/2025,20:31:47,10.57,7.33,24.44,9.99,77801.0,51.0,0.0,0.0,0.0,0.0
19/06/2025,20:37:33,10.58,7.34,24.41,9.99,79320.0,51.0,0.0,0.0,0.0,0.0
19/06/2025,20:43:21,10.58,7.35,24.41,9.99,79211.0,51.0,0.0,0.0,0.0,0.0
19/06/2025,20:49:08,10.58,7.34,24.41,9.99,79320.0,51.0,0.0,0.0,0.0,0.0
19/06/2025,20:54:54,10.59,7.34,24.39,9.99,79211.0,51.0,0.0,0.0,0.0,0.0
19/06/2025,21:00:42,10.59,7.35,24.36,9.99,79320.0,51.0,0.0,0.0,0.0,0.0
19/06/2025,21:06:28,10.6,7.35,24.36,9.99,79320.0,51.0,0.0,0.0,0.0,0.0
19/06/2025,21:12:16,10.6,7.35,24.36,9.99,79645.0,51.0,0.0,0.0,0.0,0.0
19/06/2025,21:18:03,10.6,7.36,24.33,9.99,79537.0,51.0,0.0,0.0,0.0,0.0
19/06/2025,21:23:49,10.6,7.34,24.33,9.99,79537.0,51.0,0.0,0.0,0.0,0.0
19/06/2025,21:29:37,10.59,7.35,24.33,9.99,79103.0,51.0,0.0,0.0,0.0,0.0
19/06/2025,21:35:24,10.56,7.36,24.33,9.99,79537.0,51.0,0.0,0.0,0.0,0.0
19/06/2025,21:41:10,10.55,7.36,24.33,9.99,79645.0,51.0,0.0,0.0,0.0,0.0
19/06/2025,21:46:58,10.53,7.35,24.33,9.99,79537.0,51.0,0.0,0.0,0.0,0.0
19/06/2025,21:52:45,10.51,7.34,24.36,9.99,79211.0,51.0,0.0,0.0,0.0,0.0
19/06/2025,21:58:32,10.49,7.34,24.39,9.99,79211.0,51.0,0.0,0.0,0.0,0.0
19/06/2025,22:04:19,10.48,7.31,24.39,9.99,79537.0,51.0,0.0,0.0,0.0,0.0
19/06/2025,22:10:05,10.47,7.28,24.36,9.99,79645.0,51.0,0.0,0.0,0.0,0.0
19/06/2025,22:15:53,10.46,7.28,24.33,9.99,79537.0,51.0,0.0,0.0,0.0,0.0
19/06/2025,22:21:39,10.46,7.28,24.33,9.99,79645.0,51.0,0.0,0.0,0.0,0.0
19/06/2025,22:27:26,10.44,7.3,24.33,9.99,79537.0,51.0,0.0,0.0,0.0,0.0
19/06/2025,22:33:13,10.43,7.3,24.33,9.99,79428.0,51.0,0.0,0.0,0.0,0.0
19/06/2025,22:39:00,10.43,7.31,24.33,9.99,79645.0,51.0,0.0,0.0,0.0,0.0
19/06/2025,22:44:48,10.43,7.31,24.33,9.99,79645.0,51.0,0.0,0.0,0.0,0.0
19/06/2025,22:50:34,10.4,7.33,24.33,9.99,79645.0,51.0,0.0,0.0,0.0,0.0
19/06/2025,22:56:21,10.4,7.32,24.3,9.99,79320.0,51.0,0.0,0.0,0.0,0.0
19/06/2025,23:02:08,10.39,7.34,24.3,9.99,79645.0,51.0,0.0,0.0,0.0,0.0
19/06/2025,23:07:55,10.39,7.33,24.3,9.99,79645.0,51.0,0.0,0.0,0.0,0.0
19/06/2025,23:13:42,10.39,7.34,24.3,9.99,79645.0,51.0,0.0,0.0,0.0,0.0
19/06/2025,23:19:29,10.38,7.35,24.28,9.99,79645.0,51.0,0.0,0.0,0.0,0.0
19/06/2025,23:25:16,10.38,7.35,24.25,9.99,79537.0,51.0,0.0,0.0,0.0,0.0
19/06/2025,23:31:04,10.37,7.35,24.22,9.99,79537.0,51.0,0.0,0.0,0.0,0.0
19/06/2025,23:36:50,10.38,7.36,24.2,9.99,79537.0,51.0,0.0,0.0,0.0,0.0
19/06/2025,23:42:37,10.38,7.36,24.2,9.99,79645.0,51.0,0.0,0.0,0.0,0.0
19/06/2025,23:48:24,10.39,7.37,24.12,9.99,79537.0,51.0,0.0,0.0,0.0,0.0
19/06/2025,23:54:11,10.4,7.36,24.06,9.99,79537.0,51.0,0.0,0.0,0.0,0.0
19/06/2025,23:59:59,10.38,7.36,24.04,9.99,79645.0,51.0,0.0,0.0,0.0,0.0
20/06/2025,14:10:02,,,,,,,,,,
20/06/2025,14:12:24,9.67,7.28,21.91,9.99,1102.0,15.0,0.0,0.0,0.0,0.0
20/06/2025,14:14:46,9.77,7.27,21.91,9.99,234.0,15.0,0.0,0.0,0.0,0.0
20/06/2025,14:17:08,9.61,7.26,21.91,9.99,343.0,15.0,0.0,0.0,0.0,0.0
20/06/2025,14:19:31,10.18,7.28,21.91,9.99,668.0,15.0,0.0,0.0,0.0,0.0
20/06/2025,14:21:53,9.98,7.26,21.91,9.99,994.0,15.0,0.0,0.0,0.0,0.0
20/06/2025,14:24:15,9.29,7.28,21.91,9.99,-91.0,15.0,0.0,0.0,0.0,0.0
20/06/2025,14:26:37,9.43,7.26,21.91,9.99,451.0,15.0,0.0,0.0,0.0,0.0
20/06/2025,14:29:00,9.54,7.26,21.91,9.99,560.0,15.0,0.0,0.0,0.0,0.0
20/06/2025,14:31:21,9.61,7.28,21.91,9.99,777.0,15.0,0.0,0.0,0.0,0.0
20/06/2025,14:33:43,9.66,7.27,21.91,9.99,-308.0,15.0,0.0,0.0,0.0,0.0
20/06/2025,14:36:05,9.6,7.26,21.91,9.99,668.0,15.0,0.0,0.0,0.0,0.0
20/06/2025,14:38:28,9.64,7.26,21.93,9.99,560.0,15.0,0.0,0.0,0.0,0.0
20/06/2025,14:40:50,9.67,7.27,21.93,9.99,451.0,15.0,0.0,0.0,0.0,0.0
20/06/2025,14:43:12,9.7,7.27,21.93,9.99,343.0,15.0,0.0,0.0,0.0,0.0
20/06/2025,14:45:34,9.7,7.26,21.93,9.99,234.0,15.0,0.0,0.0,0.0,0.0
20/06/2025,14:47:57,9.72,7.26,21.93,9.99,560.0,15.0,0.0,0.0,0.0,0.0
20/06/2025,14:50:19,9.73,7.25,21.96,9.99,668.0,15.0,0.0,0.0,0.0,0.0
20/06/2025,14:52:41,9.75,7.24,21.99,9.99,560.0,15.0,0.0,0.0,0.0,0.0
20/06/2025,14:55:03,9.75,7.25,21.99,9.99,560.0,15.0,0.0,0.0,0.0,0.0
20/06/2025,14:57:26,9.75,7.25,21.99,9.99,668.0,15.0,0.0,0.0,0.0,0.0
20/06/2025,14:59:47,9.76,7.26,21.99,9.99,451.0,15.0,0.0,0.0,0.0,0.0
20/06/2025,15:02:09,9.77,7.27,21.99,9.99,451.0,15.0,0.0,0.0,0.0,0.0
20/06/2025,15:04:31,9.77,7.27,22.01,9.99,668.0,15.0,0.0,0.0,0.0,0.0
20/06/2025,15:06:54,9.77,7.27,22.01,9.99,560.0,15.0,0.0,0.0,0.0,0.0
20/06/2025,15:09:16,9.78,7.24,22.01,9.99,234.0,15.0,0.0,0.0,0.0,0.0
20/06/2025,15:11:38,9.79,7.26,22.01,9.99,451.0,15.0,0.0,0.0,0.0,0.0
20/06/2025,15:14:00,9.79,7.25,22.01,9.99,343.0,15.0,0.0,0.0,0.0,0.0
20/06/2025,15:16:23,9.79,7.25,22.01,9.99,668.0,15.0,0.0,0.0,0.0,0.0
20/06/2025,15:18:45,9.8,7.26,22.04,9.99,560.0,15.0,0.0,0.0,0.0,0.0
20/06/2025,15:21:07,9.8,7.26,22.04,9.99,451.0,15.0,0.0,0.0,0.0,0.0
20/06/2025,15:23:29,9.81,7.25,22.04,9.99,343.0,15.0,0.0,0.0,0.0,0.0
20/06/2025,15:25:51,9.81,7.24,22.04,9.99,451.0,15.0,0.0,0.0,0.0,0.0
20/06/2025,15:28:13,9.82,7.26,22.04,9.99,560.0,15.0,0.0,0.0,0.0,0.0
20/06/2025,15:30:35,9.82,7.24,22.04,9.99,777.0,15.0,0.0,0.0,0.0,0.0
20/06/2025,15:32:57,9.82,7.26,22.04,9.99,451.0,15.0,0.0,0.0,0.0,0.0
20/06/2025,15:35:20,9.82,7.26,22.07,9.99,560.0,15.0,0.0,0.0,0.0,0.0
20/06/2025,15:37:42,9.83,7.25,22.07,9.99,234.0,15.0,0.0,0.0,0.0,0.0
20/06/2025,15:40:04,9.82,7.25,22.07,9.99,451.0,15.0,0.0,0.0,0.0,0.0
20/06/2025,15:42:26,9.82,7.24,22.07,9.99,777.0,15.0,0.0,0.0,0.0,0.0
20/06/2025,15:44:49,9.82,7.26,22.07,9.99,668.0,15.0,0.0,0.0,0.0,0.0
20/06/2025,15:47:11,9.83,7.25,22.1,9.99,343.0,15.0,0.0,0.0,0.0,0.0
20/06/2025,15:49:33,9.83,7.25,22.1,9.99,668.0,15.0,0.0,0.0,0.0,0.0
20/06/2025,15:51:54,9.83,7.24,22.1,9.99,560.0,15.0,0.0,0.0,0.0,0.0
20/06/2025,15:54:17,9.82,7.24,22.12,9.99,343.0,15.0,0.0,0.0,0.0,0.0
20/06/2025,15:56:39,9.82,7.25,22.12,9.99,451.0,15.0,0.0,0.0,0.0,0.0
20/06/2025,15:59:01,9.83,7.24,22.12,9.99,560.0,15.0,0.0,0.0,0.0,0.0
20/06/2025,16:01:23,9.83,7.26,22.15,9.99,451.0,15.0,0.0,0.0,0.0,0.0
20/06/2025,16:03:46,9.83,7.26,22.15,9.99,-200.0,15.0,0.0,0.0,0.0,0.0
20/06/2025,16:06:08,9.84,7.24,22.15,9.99,234.0,15.0,0.0,0.0,0.0,0.0
20/06/2025,16:08:30,9.84,7.25,22.15,9.99,-91.0,15.0,0.0,0.0,0.0,0.0
20/06/2025,16:10:52,9.84,7.25,22.15,9.99,451.0,15.0,0.0,0.0,0.0,0.0
20/06/2025,16:13:15,9.84,7.25,22.15,9.99,560.0,15.0,0.0,0.0,0.0,0.0
20/06/2025,16:15:36,9.84,7.25,22.18,9.99,343.0,15.0,0.0,0.0,0.0,0.0
20/06/2025,16:17:58,9.85,7.27,22.18,9.99,234.0,15.0,0.0,0.0,0.0,0.0
20/06/2025,16:20:20,9.85,7.25,22.18,9.99,560.0,15.0,0.0,0.0,0.0,0.0
20/06/2025,16:22:43,9.85,7.25,22.2,9.99,560.0,15.0,0.0,0.0,0.0,0.0
20/06/2025,16:25:05,9.85,7.26,22.18,9.99,668.0,15.0,0.0,0.0,0.0,0.0
20/06/2025,16:27:27,9.86,7.26,22.18,9.99,343.0,15.0,0.0,0.0,0.0,0.0
20/06/2025,16:29:49,9.85,7.25,22.2,9.99,451.0,15.0,0.0,0.0,0.0,0.0
20/06/2025,16:32:12,9.86,7.25,22.2,9.99,668.0,15.0,0.0,0.0,0.0,0.0
20/06/2025,16:34:34,9.87,7.25,22.2,9.99,234.0,15.0,0.0,0.0,0.0,0.0
20/06/2025,16:36:56,9.87,7.25,22.18,9.99,560.0,15.0,0.0,0.0,0.0,0.0
20/06/2025,16:39:17,9.87,7.24,22.2,9.99,668.0,15.0,0.0,0.0,0.0,0.0
20/06/2025,16:41:40,9.88,7.25,22.2,9.99,777.0,15.0,0.0,0.0,0.0,0.0
20/06/2025,16:44:02,9.87,7.25,22.2,9.99,668.0,15.0,0.0,0.0,0.0,0.0
20/06/2025,16:46:24,9.88,7.24,22.2,9.99,668.0,15.0,0.0,0.0,0.0,0.0
20/06/2025,16:48:46,9.88,7.25,22.23,9.99,560.0,15.0,0.0,0.0,0.0,0.0
20/06/2025,16:51:09,9.88,7.26,22.23,9.99,451.0,15.0,0.0,0.0,0.0,0.0
20/06/2025,16:53:31,9.88,7.26,22.23,9.99,777.0,15.0,0.0,0.0,0.0,0.0
20/06/2025,16:55:53,9.88,7.25,22.23,9.99,668.0,15.0,0.0,0.0,0.0,0.0
20/06/2025,16:58:15,9.89,7.24,22.2,9.99,777.0,15.0,0.0,0.0,0.0,0.0
20/06/2025,17:00:38,9.89,7.25,22.2,9.99,994.0,15.0,0.0,0.0,0.0,0.0
20/06/2025,17:02:59,9.89,7.26,22.2,9.99,234.0,15.0,0.0,0.0,0.0,0.0
20/06/2025,17:05:21,9.9,7.25,22.2,9.99,777.0,15.0,0.0,0.0,0.0,0.0
20/06/2025,17:07:43,9.9,7.26,22.2,9.99,668.0,15.0,0.0,0.0,0.0,0.0
20/06/2025,17:10:06,9.9,7.24,22.23,9.99,668.0,15.0,0.0,0.0,0.0,0.0
20/06/2025,17:12:28,9.91,7.24,22.23,9.99,560.0,15.0,0.0,0.0,0.0,0.0
20/06/2025,17:14:50,9.91,7.24,22.23,9.99,560.0,15.0,0.0,0.0,0.0,0.0
20/06/2025,17:17:12,9.91,7.25,22.23,9.99,343.0,15.0,0.0,0.0,0.0,0.0
20/06/2025,17:19:35,9.91,7.25,22.23,9.99,343.0,15.0,0.0,0.0,0.0,0.0
20/06/2025,17:21:57,9.91,7.23,22.23,9.99,451.0,15.0,0.0,0.0,0.0,0.0
20/06/2025,17:24:19,9.91,7.23,22.26,9.99,343.0,15.0,0.0,0.0,0.0,0.0
20/06/2025,17:26:41,9.92,7.23,22.23,9.99,451.0,15.0,0.0,0.0,0.0,0.0
20/06/2025,17:29:03,9.9,7.26,22.23,9.99,451.0,15.0,0.0,0.0,0.0,0.0
20/06/2025,17:31:25,9.91,7.24,22.28,9.99,126.0,15.0,0.0,0.0,0.0,0.0
20/06/2025,17:33:47,9.91,7.24,22.28,9.99,994.0,15.0,0.0,0.0,0.0,0.0
20/06/2025,17:36:10,9.91,7.25,22.26,9.99,777.0,15.0,0.0,0.0,0.0,0.0
20/06/2025,17:38:32,9.91,7.25,22.26,9.99,668.0,15.0,0.0,0.0,0.0,0.0
20/06/2025,17:40:54,9.91,7.25,22.26,9.99,777.0,15.0,0.0,0.0,0.0,0.0
20/06/2025,17:43:16,9.91,7.26,22.26,9.99,777.0,15.0,0.0,0.0,0.0,0.0
20/06/2025,17:45:39,9.92,7.25,22.23,9.99,994.0,15.0,0.0,0.0,0.0,0.0
20/06/2025,17:48:00,9.92,7.26,22.23,9.99,668.0,15.0,0.0,0.0,0.0,0.0
20/06/2025,17:50:22,9.92,7.24,22.23,9.99,777.0,15.0,0.0,0.0,0.0,0.0
20/06/2025,17:52:44,9.92,7.25,22.23,9.99,668.0,15.0,0.0,0.0,0.0,0.0
20/06/2025,17:55:07,9.92,7.24,22.23,9.99,777.0,15.0,0.0,0.0,0.0,0.0
20/06/2025,17:57:29,9.93,7.26,22.23,9.99,777.0,15.0,0.0,0.0,0.0,0.0
20/06/2025,17:59:51,9.93,7.25,22.23,9.99,668.0,15.0,0.0,0.0,0.0,0.0
20/06/2025,18:02:13,9.93,7.25,22.23,9.99,343.0,15.0,0.0,0.0,0.0,0.0
20/06/2025,18:04:36,9.94,7.25,22.2,9.99,343.0,15.0,0.0,0.0,0.0,0.0
20/06/2025,18:06:58,9.94,7.25,22.2,9.99,668.0,15.0,0.0,0.0,0.0,0.0
20/06/2025,18:09:20,9.94,7.25,22.2,9.99,126.0,15.0,0.0,0.0,0.0,0.0
20/06/2025,18:11:41,9.94,7.25,22.2,9.99,-200.0,15.0,0.0,0.0,0.0,0.0
20/06/2025,18:14:04,9.94,7.24,22.2,9.99,343.0,15.0,0.0,0.0,0.0,0.0
20/06/2025,18:16:26,9.94,7.26,22.2,9.99,451.0,15.0,0.0,0.0,0.0,0.0
20/06/2025,18:18:48,9.95,7.25,22.18,9.99,560.0,15.0,0.0,0.0,0.0,0.0
20/06/2025,18:21:10,9.95,7.24,22.18,9.99,885.0,15.0,0.0,0.0,0.0,0.0
20/06/2025,18:23:33,9.95,7.26,22.18,9.99,343.0,15.0,0.0,0.0,0.0,0.0
20/06/2025,18:25:55,9.95,7.26,22.18,9.99,668.0,15.0,0.0,0.0,0.0,0.0
20/06/2025,18:28:17,9.95,7.26,22.18,9.99,885.0,15.0,0.0,0.0,0.0,0.0
20/06/2025,18:30:39,9.95,7.26,22.18,9.99,668.0,15.0,0.0,0.0,0.0,0.0
20/06/2025,18:33:02,9.95,7.26,22.18,9.99,451.0,15.0,0.0,0.0,0.0,0.0
20/06/2025,18:35:23,9.94,7.25,22.18,9.99,668.0,15.0,0.0,0.0,0.0,0.0
20/06/2025,18:37:45,9.94,7.26,22.18,9.99,451.0,15.0,0.0,0.0,0.0,0.0
20/06/2025,18:40:07,9.95,7.25,22.18,9.99,234.0,15.0,0.0,0.0,0.0,0.0
20/06/2025,18:42:30,9.94,7.24,22.15,9.99,560.0,15.0,0.0,0.0,0.0,0.0
20/06/2025,18:44:52,9.94,7.26,22.15,9.99,451.0,15.0,0.0,0.0,0.0,0.0
20/06/2025,18:47:14,9.93,7.25,22.15,9.99,126.0,15.0,0.0,0.0,0.0,0.0
20/06/2025,18:49:36,9.92,7.25,22.15,9.99,994.0,15.0,0.0,0.0,0.0,0.0
20/06/2025,18:51:59,9.92,7.25,22.15,9.99,668.0,15.0,0.0,0.0,0.0,0.0
20/06/2025,18:54:21,9.91,7.26,22.15,9.99,777.0,15.0,0.0,0.0,0.0,0.0
20/06/2025,18:56:43,9.9,7.27,22.15,9.99,560.0,15.0,0.0,0.0,0.0,0.0
20/06/2025,18:59:04,9.9,7.26,22.15,9.99,668.0,15.0,0.0,0.0,0.0,0.0
20/06/2025,19:01:27,9.89,7.26,22.15,9.99,343.0,15.0,0.0,0.0,0.0,0.0
20/06/2025,19:03:49,9.89,7.24,22.18,9.99,451.0,15.0,0.0,0.0,0.0,0.0
20/06/2025,19:06:11,9.89,7.25,22.2,9.99,17.0,15.0,0.0,0.0,0.0,0.0
20/06/2025,19:08:33,9.88,7.25,22.2,9.99,777.0,15.0,0.0,0.0,0.0,0.0
20/06/2025,19:10:56,9.88,7.25,22.26,9.99,668.0,15.0,0.0,0.0,0.0,0.0
20/06/2025,19:13:18,9.88,7.26,22.26,9.99,885.0,15.0,0.0,0.0,0.0,0.0
20/06/2025,19:15:40,9.88,7.25,22.28,9.99,885.0,15.0,0.0,0.0,0.0,0.0
20/06/2025,19:18:02,9.88,7.24,22.31,9.99,560.0,15.0,0.0,0.0,0.0,0.0
20/06/2025,19:20:25,9.88,7.24,22.34,9.99,234.0,15.0,0.0,0.0,0.0,0.0
20/06/2025,19:22:46,9.88,7.25,22.34,9.99,777.0,15.0,0.0,0.0,0.0,0.0
20/06/2025,19:25:08,9.88,7.26,22.36,9.99,234.0,15.0,0.0,0.0,0.0,0.0
20/06/2025,19:27:30,9.88,7.24,22.36,9.99,560.0,15.0,0.0,0.0,0.0,0.0
20/06/2025,19:29:53,9.88,7.25,22.39,9.99,560.0,15.0,0.0,0.0,0.0,0.0
20/06/2025,19:32:15,9.88,7.24,22.39,9.99,560.0,15.0,0.0,0.0,0.0,0.0
20/06/2025,19:34:37,9.89,7.23,22.45,9.99,885.0,15.0,0.0,0.0,0.0,0.0
20/06/2025,19:36:59,9.89,7.24,22.45,9.99,777.0,15.0,0.0,0.0,0.0,0.0
20/06/2025,19:39:22,9.89,7.24,22.5,9.99,777.0,15.0,0.0,0.0,0.0,0.0
20/06/2025,19:41:44,9.89,7.24,22.53,9.99,777.0,15.0,0.0,0.0,0.0,0.0
20/06/2025,19:44:05,9.88,7.23,22.55,9.99,885.0,15.0,0.0,0.0,0.0,0.0
20/06/2025,19:46:27,9.88,7.23,22.58,9.99,451.0,15.0,0.0,0.0,0.0,0.0
20/06/2025,19:48:50,9.88,7.23,22.58,9.99,343.0,15.0,0.0,0.0,0.0,0.0
20/06/2025,19:51:12,9.87,7.23,22.58,9.99,777.0,15.0,0.0,0.0,0.0,0.0
20/06/2025,19:53:34,9.87,7.23,22.58,9.99,343.0,15.0,0.0,0.0,0.0,0.0
20/06/2025,19:55:56,9.87,7.23,22.58,9.99,343.0,15.0,0.0,0.0,0.0,0.0
20/06/2025,19:58:19,9.86,7.24,22.58,9.99,126.0,15.0,0.0,0.0,0.0,0.0
20/06/2025,20:00:41,9.86,7.23,22.58,9.99,777.0,15.0,0.0,0.0,0.0,0.0
20/06/2025,20:03:03,9.85,7.24,22.61,9.99,994.0,15.0,0.0,0.0,0.0,0.0
20/06/2025,20:05:25,9.85,7.25,22.61,9.99,885.0,15.0,0.0,0.0,0.0,0.0
20/06/2025,20:07:48,9.84,7.24,22.61,9.99,560.0,15.0,0.0,0.0,0.0,0.0
20/06/2025,20:10:09,9.84,7.24,22.63,9.99,1211.0,15.0,0.0,0.0,0.0,0.0
20/06/2025,20:12:31,9.83,7.23,22.63,9.99,777.0,15.0,0.0,0.0,0.0,0.0
20/06/2025,20:14:53,9.83,7.24,22.66,9.99,560.0,15.0,0.0,0.0,0.0,0.0
20/06/2025,20:17:16,9.83,7.23,22.63,9.99,777.0,15.0,0.0,0.0,0.0,0.0
20/06/2025,20:19:38,9.84,7.24,22.63,9.99,343.0,15.0,0.0,0.0,0.0,0.0
20/06/2025,20:22:00,9.84,7.21,22.63,9.99,560.0,15.0,0.0,0.0,0.0,0.0
20/06/2025,20:24:22,9.85,7.23,22.61,9.99,343.0,15.0,0.0,0.0,0.0,0.0
20/06/2025,20:26:45,9.86,7.22,22.61,9.99,777.0,15.0,0.0,0.0,0.0,0.0
20/06/2025,20:29:07,9.87,7.24,22.61,9.99,885.0,15.0,0.0,0.0,0.0,0.0
20/06/2025,20:31:29,9.87,7.24,22.61,9.99,451.0,15.0,0.0,0.0,0.0,0.0
20/06/2025,20:33:50,9.88,7.23,22.58,9.99,343.0,15.0,0.0,0.0,0.0,0.0
20/06/2025,20:36:13,9.89,7.22,22.61,9.99,885.0,15.0,0.0,0.0,0.0,0.0
20/06/2025,20:38:35,9.89,7.24,22.61,9.99,560.0,15.0,0.0,0.0,0.0,0.0
20/06/2025,20:40:57,9.89,7.22,22.63,9.99,668.0,15.0,0.0,0.0,0.0,0.0
20/06/2025,20:43:20,9.89,7.23,22.63,9.99,343.0,15.0,0.0,0.0,0.0,0.0
20/06/2025,20:45:42,9.9,7.24,22.63,9.99,777.0,15.0,0.0,0.0,0.0,0.0
20/06/2025,20:48:04,9.9,7.24,22.61,9.99,17.0,15.0,0.0,0.0,0.0,0.0
20/06/2025,20:50:26,9.91,7.25,22.61,9.99,560.0,15.0,0.0,0.0,0.0,0.0
20/06/2025,20:52:49,9.91,7.23,22.61,9.99,234.0,15.0,0.0,0.0,0.0,0.0
20/06/2025,20:55:11,9.92,7.23,22.61,9.99,668.0,15.0,0.0,0.0,0.0,0.0
20/06/2025,20:57:33,9.92,7.23,22.61,9.99,777.0,15.0,0.0,0.0,0.0,0.0
20/06/2025,20:59:54,9.92,7.23,22.61,9.99,668.0,15.0,0.0,0.0,0.0,0.0
20/06/2025,21:02:17,9.93,7.23,22.61,9.99,668.0,15.0,0.0,0.0,0.0,0.0
20/06/2025,21:04:39,9.93,7.23,22.61,9.99,668.0,15.0,0.0,0.0,0.0,0.0
20/06/2025,21:07:01,9.93,7.23,22.61,9.99,-91.0,15.0,0.0,0.0,0.0,0.0
20/06/2025,21:09:23,9.93,7.24,22.61,9.99,-91.0,15.0,0.0,0.0,0.0,0.0
20/06/2025,21:11:46,9.93,7.24,22.61,9.99,668.0,15.0,0.0,0.0,0.0,0.0
20/06/2025,21:14:08,9.94,7.25,22.58,9.99,668.0,15.0,0.0,0.0,0.0,0.0
20/06/2025,21:16:30,9.94,7.24,22.58,9.99,777.0,15.0,0.0,0.0,0.0,0.0
20/06/2025,21:18:52,9.94,7.25,22.58,9.99,234.0,15.0,0.0,0.0,0.0,0.0
20/06/2025,21:21:15,9.94,7.23,22.58,9.99,885.0,15.0,0.0,0.0,0.0,0.0
20/06/2025,21:23:36,9.94,7.25,22.55,9.99,777.0,15.0,0.0,0.0,0.0,0.0
20/06/2025,21:25:58,9.94,7.24,22.53,9.99,560.0,15.0,0.0,0.0,0.0,0.0
20/06/2025,21:28:20,9.94,7.23,22.53,9.99,885.0,15.0,0.0,0.0,0.0,0.0
20/06/2025,21:30:43,9.94,7.24,22.53,9.99,668.0,15.0,0.0,0.0,0.0,0.0
20/06/2025,21:33:05,9.94,7.24,22.5,9.99,885.0,15.0,0.0,0.0,0.0,0.0
20/06/2025,21:35:27,9.94,7.24,22.5,9.99,668.0,15.0,0.0,0.0,0.0,0.0
20/06/2025,21:37:49,9.94,7.24,22.5,9.99,-91.0,15.0,0.0,0.0,0.0,0.0
20/06/2025,21:40:12,9.94,7.25,22.5,9.99,343.0,15.0,0.0,0.0,0.0,0.0
20/06/2025,21:42:34,9.94,7.24,22.5,9.99,668.0,15.0,0.0,0.0,0.0,0.0
20/06/2025,21:44:56,9.94,7.24,22.5,9.99,777.0,15.0,0.0,0.0,0.0,0.0
20/06/2025,21:47:17,9.94,7.24,22.5,9.99,451.0,15.0,0.0,0.0,0.0,0.0
20/06/2025,21:49:40,9.95,7.25,22.5,9.99,777.0,15.0,0.0,0.0,0.0,0.0
20/06/2025,21:52:02,9.95,7.24,22.5,9.99,885.0,15.0,0.0,0.0,0.0,0.0
20/06/2025,21:54:24,9.95,7.24,22.5,9.99,451.0,15.0,0.0,0.0,0.0,0.0
20/06/2025,21:56:46,9.95,7.24,22.5,9.99,885.0,15.0,0.0,0.0,0.0,0.0
20/06/2025,21:59:09,9.95,7.24,22.47,9.99,668.0,15.0,0.0,0.0,0.0,0.0
20/06/2025,22:01:31,9.96,7.25,22.47,9.99,668.0,15.0,0.0,0.0,0.0,0.0
20/06/2025,22:03:53,9.96,7.26,22.45,9.99,343.0,15.0,0.0,0.0,0.0,0.0
20/06/2025,22:06:15,9.96,7.24,22.39,9.99,560.0,15.0,0.0,0.0,0.0,0.0
20/06/2025,22:08:37,9.95,7.24,22.34,9.99,668.0,15.0,0.0,0.0,0.0,0.0
20/06/2025,22:10:59,9.95,7.24,22.34,9.99,560.0,15.0,0.0,0.0,0.0,0.0
20/06/2025,22:13:21,9.94,7.26,22.34,9.99,451.0,15.0,0.0,0.0,0.0,0.0
20/06/2025,22:15:43,9.95,7.27,22.28,9.99,777.0,15.0,0.0,0.0,0.0,0.0
20/06/2025,22:18:06,9.95,7.25,22.28,9.99,560.0,15.0,0.0,0.0,0.0,0.0
20/06/2025,22:20:28,9.95,7.26,22.2,9.99,668.0,15.0,0.0,0.0,0.0,0.0
20/06/2025,22:22:50,9.95,7.24,22.2,9.99,777.0,15.0,0.0,0.0,0.0,0.0
20/06/2025,22:25:12,9.95,7.27,22.15,9.99,234.0,15.0,0.0,0.0,0.0,0.0
20/06/2025,22:27:35,9.95,7.27,22.15,9.99,885.0,15.0,0.0,0.0,0.0,0.0
20/06/2025,22:29:57,9.95,7.26,22.07,9.99,668.0,15.0,0.0,0.0,0.0,0.0
20/06/2025,22:32:19,9.96,7.27,22.07,9.99,668.0,15.0,0.0,0.0,0.0,0.0
20/06/2025,22:34:40,9.96,7.29,22.07,9.99,885.0,15.0,0.0,0.0,0.0,0.0
20/06/2025,22:37:03,9.96,7.27,22.07,9.99,668.0,15.0,0.0,0.0,0.0,0.0
20/06/2025,22:39:25,9.96,7.28,22.04,9.99,777.0,15.0,0.0,0.0,0.0,0.0
20/06/2025,22:41:47,9.97,7.28,22.01,9.99,668.0,15.0,0.0,0.0,0.0,0.0
20/06/2025,22:44:09,9.97,7.3,22.01,9.99,777.0,15.0,0.0,0.0,0.0,0.0
20/06/2025,22:46:32,9.97,7.29,22.01,9.99,777.0,15.0,0.0,0.0,0.0,0.0
20/06/2025,22:48:54,9.96,7.29,21.99,9.99,668.0,15.0,0.0,0.0,0.0,0.0
20/06/2025,22:51:16,9.96,7.28,21.96,9.99,1102.0,15.0,0.0,0.0,0.0,0.0
20/06/2025,22:53:38,9.96,7.28,21.96,9.99,885.0,15.0,0.0,0.0,0.0,0.0
20/06/2025,22:56:00,9.96,7.28,21.96,9.99,343.0,15.0,0.0,0.0,0.0,0.0
20/06/2025,22:58:22,9.97,7.29,21.93,9.99,668.0,15.0,0.0,0.0,0.0,0.0
20/06/2025,23:00:44,9.96,7.29,21.93,9.99,777.0,15.0,0.0,0.0,0.0,0.0
20/06/2025,23:03:06,9.97,7.28,21.93,9.99,560.0,15.0,0.0,0.0,0.0,0.0
20/06/2025,23:05:29,9.97,7.29,21.93,9.99,451.0,15.0,0.0,0.0,0.0,0.0
20/06/2025,23:07:51,9.97,7.3,21.91,9.99,994.0,15.0,0.0,0.0,0.0,0.0
20/06/2025,23:10:13,9.97,7.3,21.91,9.99,560.0,15.0,0.0,0.0,0.0,0.0
20/06/2025,23:12:35,9.97,7.29,21.91,9.99,885.0,15.0,0.0,0.0,0.0,0.0
20/06/2025,23:14:58,9.97,7.3,21.91,9.99,343.0,15.0,0.0,0.0,0.0,0.0
20/06/2025,23:17:19,9.97,7.3,21.91,9.99,560.0,15.0,0.0,0.0,0.0,0.0
20/06/2025,23:19:41,9.98,7.31,21.91,9.99,885.0,15.0,0.0,0.0,0.0,0.0
20/06/2025,23:22:03,9.98,7.3,21.91,9.99,777.0,15.0,0.0,0.0,0.0,0.0
20/06/2025,23:24:26,9.98,7.31,21.91,9.99,668.0,15.0,0.0,0.0,0.0,0.0
20/06/2025,23:26:48,9.99,7.31,21.91,9.99,560.0,15.0,0.0,0.0,0.0,0.0
20/06/2025,23:29:10,9.99,7.31,21.91,9.99,668.0,15.0,0.0,0.0,0.0,0.0
20/06/2025,23:31:32,9.99,7.31,21.91,9.99,777.0,15.0,0.0,0.0,0.0,0.0
20/06/2025,23:33:55,9.98,7.3,21.91,9.99,777.0,15.0,0.0,0.0,0.0,0.0
20/06/2025,23:36:17,9.98,7.32,21.91,9.99,343.0,15.0,0.0,0.0,0.0,0.0
20/06/2025,23:38:39,9.98,7.31,21.91,9.99,343.0,15.0,0.0,0.0,0.0,0.0
20/06/2025,23:41:00,9.98,7.32,21.91,9.99,994.0,15.0,0.0,0.0,0.0,0.0
20/06/2025,23:43:23,9.98,7.32,21.91,9.99,668.0,15.0,0.0,0.0,0.0,0.0
20/06/2025,23:45:45,9.98,7.32,21.91,9.99,777.0,15.0,0.0,0.0,0.0,0.0
20/06/2025,23:48:07,9.99,7.32,21.91,9.99,885.0,15.0,0.0,0.0,0.0,0.0
20/06/2025,23:50:29,9.99,7.32,21.91,9.99,777.0,15.0,0.0,0.0,0.0,0.0
20/06/2025,23:52:52,9.99,7.33,21.91,9.99,668.0,15.0,0.0,0.0,0.0,0.0
20/06/2025,23:55:14,9.99,7.31,21.91,9.99,234.0,15.0,0.0,0.0,0.0,0.0
20/06/2025,23:57:36,9.99,7.31,21.91,9.99,994.0,15.0,0.0,0.0,0.0,0.0
20/06/2025,23:59:59,9.99,7.31,21.91,9.99,343.0,15.0,0.0,0.0,0.0,0.0
21/06/2025,00:00:00,9.99,7.31,21.91,9.99,343.0,15.0,0.0,0.0,0.0,0.0
21/06/2025,00:05:46,9.99,7.32,21.91,9.99,451.0,15.0,0.0,0.0,0.0,0.0
21/06/2025,00:11:33,10.0,7.32,21.91,9.99,451.0,15.0,0.0,0.0,0.0,0.0
21/06/2025,00:17:21,9.99,7.35,21.91,9.99,343.0,15.0,0.0,0.0,0.0,0.0
21/06/2025,00:23:07,9.99,7.34,21.91,9.99,668.0,15.0,0.0,0.0,0.0,0.0
21/06/2025,00:28:54,10.0,7.34,21.91,9.99,234.0,15.0,0.0,0.0,0.0,0.0
21/06/2025,00:34:41,10.0,7.32,21.91,9.99,343.0,15.0,0.0,0.0,0.0,0.0
21/06/2025,00:40:28,10.0,7.34,21.91,9.99,343.0,15.0,0.0,0.0,0.0,0.0
21/06/2025,00:46:15,10.0,7.35,21.91,9.99,343.0,15.0,0.0,0.0,0.0,0.0
21/06/2025,00:52:02,10.01,7.35,21.91,9.99,885.0,15.0,0.0,0.0,0.0,0.0
21/06/2025,00:57:49,10.01,7.34,21.91,9.99,668.0,15.0,0.0,0.0,0.0,0.0
21/06/2025,01:03:36,10.01,7.35,21.91,9.99,343.0,15.0,0.0,0.0,0.0,0.0
21/06/2025,01:09:23,10.01,7.34,21.91,9.99,777.0,15.0,0.0,0.0,0.0,0.0
21/06/2025,01:15:10,10.01,7.36,21.91,9.99,668.0,15.0,0.0,0.0,0.0,0.0
21/06/2025,01:20:57,10.02,7.36,21.91,9.99,668.0,15.0,0.0,0.0,0.0,0.0
21/06/2025,01:26:44,10.02,7.35,21.88,9.99,1102.0,15.0,0.0,0.0,0.0,0.0
21/06/2025,01:32:31,10.02,7.35,21.88,9.99,885.0,15.0,0.0,0.0,0.0,0.0
21/06/2025,01:38:18,10.03,7.34,21.88,9.99,560.0,15.0,0.0,0.0,0.0,0.0
21/06/2025,01:44:05,10.02,7.36,21.88,9.99,451.0,15.0,0.0,0.0,0.0,0.0
21/06/2025,01:49:52,10.02,7.36,21.88,9.99,777.0,15.0,0.0,0.0,0.0,0.0
21/06/2025,01:55:39,10.02,7.36,21.88,9.99,668.0,15.0,0.0,0.0,0.0,0.0
21/06/2025,02:01:26,10.02,7.36,21.88,9.99,451.0,15.0,0.0,0.0,0.0,0.0
21/06/2025,02:07:13,10.01,7.36,21.88,9.99,885.0,15.0,0.0,0.0,0.0,0.0
21/06/2025,02:12:59,10.01,7.36,21.88,9.99,777.0,15.0,0.0,0.0,0.0,0.0
21/06/2025,02:18:47,10.0,7.37,21.88,9.99,777.0,15.0,0.0,0.0,0.0,0.0
21/06/2025,02:24:34,10.0,7.37,21.88,9.99,560.0,15.0,0.0,0.0,0.0,0.0
21/06/2025,02:30:20,9.99,7.38,21.88,9.99,885.0,15.0,0.0,0.0,0.0,0.0
21/06/2025,02:36:08,10.0,7.36,21.88,9.99,560.0,15.0,0.0,0.0,0.0,0.0
21/06/2025,02:41:55,10.0,7.38,21.88,9.99,451.0,15.0,0.0,0.0,0.0,0.0
21/06/2025,02:47:41,10.01,7.39,21.88,9.99,994.0,15.0,0.0,0.0,0.0,0.0
21/06/2025,02:53:29,10.02,7.38,21.88,9.99,668.0,15.0,0.0,0.0,0.0,0.0
21/06/2025,02:59:16,10.03,7.38,21.88,9.99,994.0,15.0,0.0,0.0,0.0,0.0
21/06/2025,03:05:02,10.04,7.38,21.85,9.99,885.0,15.0,0.0,0.0,0.0,0.0
21/06/2025,03:10:50,10.03,7.38,21.85,9.99,994.0,15.0,0.0,0.0,0.0,0.0
21/06/2025,03:16:37,10.02,7.39,21.85,9.99,777.0,15.0,0.0,0.0,0.0,0.0
21/06/2025,03:22:23,10.02,7.38,21.85,9.99,777.0,15.0,0.0,0.0,0.0,0.0
21/06/2025,03:28:11,10.03,7.38,21.85,9.99,560.0,15.0,0.0,0.0,0.0,0.0
21/06/2025,03:33:58,10.03,7.39,21.85,9.99,668.0,15.0,0.0,0.0,0.0,0.0
21/06/2025,03:39:44,10.03,7.38,21.85,9.99,560.0,15.0,0.0,0.0,0.0,0.0
21/06/2025,03:45:32,10.05,7.39,21.83,9.99,885.0,15.0,0.0,0.0,0.0,0.0
21/06/2025,03:51:19,10.05,7.39,21.83,9.99,560.0,15.0,0.0,0.0,0.0,0.0
21/06/2025,03:57:05,10.06,7.39,21.83,9.99,668.0,15.0,0.0,0.0,0.0,0.0
21/06/2025,04:02:53,10.06,7.4,21.83,9.99,777.0,15.0,0.0,0.0,0.0,0.0
21/06/2025,04:08:40,10.06,7.39,21.83,9.99,885.0,15.0,0.0,0.0,0.0,0.0
21/06/2025,04:14:27,10.06,7.38,21.83,9.99,668.0,15.0,0.0,0.0,0.0,0.0
21/06/2025,04:20:14,10.06,7.39,21.83,9.99,451.0,15.0,0.0,0.0,0.0,0.0
21/06/2025,04:26:01,10.06,7.37,21.83,9.99,1102.0,15.0,0.0,0.0,0.0,0.0
21/06/2025,04:31:48,10.06,7.39,21.83,9.99,668.0,15.0,0.0,0.0,0.0,0.0
21/06/2025,04:37:35,10.06,7.38,21.83,9.99,668.0,15.0,0.0,0.0,0.0,0.0
21/06/2025,04:43:22,10.06,7.38,21.83,9.99,885.0,15.0,0.0,0.0,0.0,0.0
21/06/2025,04:49:09,10.06,7.41,21.83,9.99,560.0,15.0,0.0,0.0,0.0,0.0
21/06/2025,04:54:56,10.07,7.4,21.83,9.99,668.0,15.0,0.0,0.0,0.0,0.0
21/06/2025,05:00:43,10.07,7.39,21.83,9.99,343.0,15.0,0.0,0.0,0.0,0.0
21/06/2025,05:06:30,10.06,7.4,21.83,9.99,885.0,15.0,0.0,0.0,0.0,0.0
21/06/2025,05:12:17,10.06,7.39,21.83,9.99,451.0,15.0,0.0,0.0,0.0,0.0
21/06/2025,05:18:04,10.06,7.4,21.83,9.99,885.0,15.0,0.0,0.0,0.0,0.0
21/06/2025,05:23:51,10.07,7.39,21.83,9.99,1102.0,15.0,0.0,0.0,0.0,0.0
21/06/2025,05:29:38,10.07,7.4,21.83,9.99,451.0,15.0,0.0,0.0,0.0,0.0
21/06/2025,05:35:25,10.08,7.39,21.83,9.99,885.0,15.0,0.0,0.0,0.0,0.0
21/06/2025,05:41:12,10.08,7.4,21.83,9.99,668.0,15.0,0.0,0.0,0.0,0.0
21/06/2025,05:46:59,10.08,7.39,21.83,9.99,560.0,15.0,0.0,0.0,0.0,0.0
21/06/2025,05:52:46,10.08,7.39,21.83,9.99,668.0,15.0,0.0,0.0,0.0,0.0
21/06/2025,05:58:33,10.09,7.4,21.83,9.99,668.0,15.0,0.0,0.0,0.0,0.0
21/06/2025,06:04:20,10.09,7.39,21.83,9.99,668.0,15.0,0.0,0.0,0.0,0.0
21/06/2025,06:10:06,10.1,7.4,21.83,9.99,343.0,15.0,0.0,0.0,0.0,0.0
21/06/2025,06:15:54,10.1,7.39,21.83,9.99,560.0,15.0,0.0,0.0,0.0,0.0
21/06/2025,06:21:41,10.1,7.38,21.83,9.99,777.0,15.0,0.0,0.0,0.0,0.0
21/06/2025,06:27:27,10.1,7.4,21.83,9.99,885.0,15.0,0.0,0.0,0.0,0.0
21/06/2025,06:33:15,10.1,7.4,21.83,9.99,668.0,15.0,0.0,0.0,0.0,0.0
21/06/2025,06:39:02,10.1,7.41,21.83,9.99,451.0,15.0,0.0,0.0,0.0,0.0
21/06/2025,06:44:48,10.1,7.4,21.83,9.99,994.0,15.0,0.0,0.0,0.0,0.0
21/06/2025,06:50:36,10.11,7.41,21.83,9.99,1102.0,15.0,0.0,0.0,0.0,0.0
21/06/2025,06:56:23,10.11,7.4,21.83,9.99,451.0,15.0,0.0,0.0,0.0,0.0
21/06/2025,07:02:09,10.12,7.39,21.83,9.99,451.0,15.0,0.0,0.0,0.0,0.0
21/06/2025,07:07:57,10.13,7.4,21.83,9.99,777.0,15.0,0.0,0.0,0.0,0.0
21/06/2025,07:13:44,10.11,7.41,21.83,9.99,451.0,15.0,0.0,0.0,0.0,0.0
21/06/2025,07:19:30,10.11,7.41,21.83,9.99,451.0,15.0,0.0,0.0,0.0,0.0
21/06/2025,07:25:18,10.13,7.4,21.83,9.99,343.0,15.0,0.0,0.0,0.0,0.0
21/06/2025,07:31:05,10.13,7.42,21.83,9.99,451.0,15.0,0.0,0.0,0.0,0.0
21/06/2025,07:36:51,10.13,7.4,21.83,9.99,560.0,15.0,0.0,0.0,0.0,0.0
21/06/2025,07:42:39,10.13,7.4,21.83,9.99,234.0,15.0,0.0,0.0,0.0,0.0
21/06/2025,07:48:25,10.14,7.4,21.83,9.99,777.0,15.0,0.0,0.0,0.0,0.0
21/06/2025,07:54:12,10.14,7.4,21.83,9.99,560.0,15.0,0.0,0.0,0.0,0.0
21/06/2025,08:00:00,10.14,7.4,21.8,9.99,560.0,15.0,0.0,0.0,0.0,0.0
21/06/2025,08:05:46,10.14,7.39,21.8,9.99,451.0,15.0,0.0,0.0,0.0,0.0
21/06/2025,08:11:34,10.14,7.41,21.83,9.99,560.0,15.0,0.0,0.0,0.0,0.0
21/06/2025,08:17:21,10.14,7.4,21.83,9.99,343.0,15.0,0.0,0.0,0.0,0.0
21/06/2025,08:23:07,10.15,7.42,21.83,9.99,885.0,15.0,0.0,0.0,0.0,0.0
21/06/2025,08:28:55,10.16,7.41,21.83,9.99,777.0,15.0,0.0,0.0,0.0,0.0
21/06/2025,08:34:42,10.16,7.39,21.83,9.99,560.0,15.0,0.0,0.0,0.0,0.0
21/06/2025,08:40:28,10.15,7.4,21.83,9.99,560.0,15.0,0.0,0.0,0.0,0.0
21/06/2025,08:46:16,10.15,7.42,21.83,9.99,343.0,15.0,0.0,0.0,0.0,0.0
21/06/2025,08:52:03,10.16,7.41,21.83,9.99,560.0,15.0,0.0,0.0,0.0,0.0
21/06/2025,08:57:49,10.16,7.41,21.83,9.99,343.0,15.0,0.0,0.0,0.0,0.0
21/06/2025,09:03:37,10.16,7.41,21.83,9.99,777.0,15.0,0.0,0.0,0.0,0.0
21/06/2025,09:09:23,10.16,7.41,21.83,9.99,343.0,15.0,0.0,0.0,0.0,0.0
21/06/2025,09:15:10,10.16,7.41,21.85,9.99,777.0,15.0,0.0,0.0,0.0,0.0
21/06/2025,09:20:58,10.16,7.4,21.85,9.99,234.0,15.0,0.0,0.0,0.0,0.0
21/06/2025,09:26:44,10.18,7.41,21.85,9.99,560.0,15.0,0.0,0.0,0.0,0.0
21/06/2025,09:32:31,10.16,7.41,21.85,9.99,451.0,15.0,0.0,0.0,0.0,0.0
21/06/2025,09:38:19,10.17,7.39,21.85,9.99,777.0,15.0,0.0,0.0,0.0,0.0
21/06/2025,09:44:05,10.17,7.39,21.88,9.99,885.0,15.0,0.0,0.0,0.0,0.0
21/06/2025,09:49:52,10.17,7.38,21.88,9.99,560.0,15.0,0.0,0.0,0.0,0.0
21/06/2025,09:55:40,10.18,7.4,21.88,9.99,777.0,15.0,0.0,0.0,0.0,0.0
21/06/2025,10:01:26,10.18,7.41,21.88,9.99,343.0,15.0,0.0,0.0,0.0,0.0
21/06/2025,10:07:13,10.18,7.39,21.88,9.99,451.0,15.0,0.0,0.0,0.0,0.0
21/06/2025,10:13:01,10.18,7.4,21.88,9.99,560.0,15.0,0.0,0.0,0.0,0.0
21/06/2025,10:18:47,10.19,7.39,21.88,9.99,126.0,15.0,0.0,0.0,0.0,0.0
21/06/2025,10:24:34,10.19,7.38,21.88,9.99,560.0,15.0,0.0,0.0,0.0,0.0
21/06/2025,10:30:22,10.18,7.39,21.88,9.99,451.0,15.0,0.0,0.0,0.0,0.0
21/06/2025,10:36:08,10.19,7.37,21.88,9.99,560.0,15.0,0.0,0.0,0.0,0.0
21/06/2025,10:41:55,10.19,7.39,21.88,9.99,560.0,15.0,0.0,0.0,0.0,0.0
21/06/2025,10:47:43,10.19,7.38,21.88,9.99,451.0,15.0,0.0,0.0,0.0,0.0
21/06/2025,10:53:29,10.19,7.38,21.88,9.99,126.0,15.0,0.0,0.0,0.0,0.0
21/06/2025,10:59:16,10.19,7.37,21.91,9.99,668.0,15.0,0.0,0.0,0.0,0.0
21/06/2025,11:05:04,10.19,7.38,21.91,9.99,451.0,15.0,0.0,0.0,0.0,0.0
21/06/2025,11:10:50,10.18,7.38,21.91,9.99,777.0,15.0,0.0,0.0,0.0,0.0
21/06/2025,11:16:37,10.17,7.36,21.91,9.99,885.0,15.0,0.0,0.0,0.0,0.0
21/06/2025,11:22:25,10.16,7.36,21.91,9.99,668.0,15.0,0.0,0.0,0.0,0.0
21/06/2025,11:28:11,10.16,7.37,21.91,9.99,885.0,15.0,0.0,0.0,0.0,0.0
21/06/2025,11:33:58,10.16,7.36,21.91,9.99,668.0,15.0,0.0,0.0,0.0,0.0
21/06/2025,11:39:46,10.16,7.37,21.91,9.99,777.0,15.0,0.0,0.0,0.0,0.0
21/06/2025,11:45:32,10.16,7.36,21.91,9.99,343.0,15.0,0.0,0.0,0.0,0.0
21/06/2025,11:51:19,10.16,7.36,21.91,9.99,668.0,15.0,0.0,0.0,0.0,0.0
21/06/2025,11:57:07,10.16,7.37,21.91,9.99,234.0,15.0,0.0,0.0,0.0,0.0
21/06/2025,12:02:53,10.17,7.35,21.91,9.99,1102.0,15.0,0.0,0.0,0.0,0.0
21/06/2025,12:08:41,10.18,7.35,21.91,9.99,777.0,15.0,0.0,0.0,0.0,0.0
21/06/2025,12:14:27,10.19,7.36,21.91,9.99,994.0,15.0,0.0,0.0,0.0,0.0
21/06/2025,12:20:14,10.19,7.37,21.91,9.99,560.0,15.0,0.0,0.0,0.0,0.0
21/06/2025,12:26:02,10.2,7.34,21.91,9.99,560.0,15.0,0.0,0.0,0.0,0.0
21/06/2025,12:31:48,10.2,7.36,21.91,9.99,451.0,15.0,0.0,0.0,0.0,0.0
21/06/2025,12:37:35,10.2,7.36,21.91,9.99,451.0,15.0,0.0,0.0,0.0,0.0
21/06/2025,12:43:23,10.2,7.36,21.91,9.99,668.0,15.0,0.0,0.0,0.0,0.0
21/06/2025,12:49:09,10.2,7.36,21.91,9.99,885.0,15.0,0.0,0.0,0.0,0.0
21/06/2025,12:54:56,10.2,7.34,21.91,9.99,668.0,15.0,0.0,0.0,0.0,0.0
21/06/2025,13:00:44,10.2,7.36,21.91,9.99,1102.0,15.0,0.0,0.0,0.0,0.0
21/06/2025,13:06:30,10.2,7.35,21.91,9.99,668.0,15.0,0.0,0.0,0.0,0.0
21/06/2025,13:12:17,10.2,7.36,21.91,9.99,777.0,15.0,0.0,0.0,0.0,0.0
21/06/2025,13:18:04,10.2,7.35,21.91,9.99,451.0,15.0,0.0,0.0,0.0,0.0
21/06/2025,13:23:51,10.2,7.35,21.91,9.99,560.0,15.0,0.0,0.0,0.0,0.0
21/06/2025,13:29:38,10.2,7.35,21.91,9.99,234.0,15.0,0.0,0.0,0.0,0.0
21/06/2025,13:35:25,10.2,7.34,21.91,9.99,451.0,15.0,0.0,0.0,0.0,0.0
21/06/2025,13:41:12,10.19,7.35,21.91,9.99,777.0,15.0,0.0,0.0,0.0,0.0
21/06/2025,13:46:59,10.19,7.35,21.91,9.99,668.0,15.0,0.0,0.0,0.0,0.0
21/06/2025,13:52:46,10.2,7.34,21.91,9.99,668.0,15.0,0.0,0.0,0.0,0.0
21/06/2025,13:58:33,10.2,7.34,21.91,9.99,668.0,15.0,0.0,0.0,0.0,0.0
21/06/2025,14:04:19,10.19,7.34,21.91,9.99,777.0,15.0,0.0,0.0,0.0,0.0
21/06/2025,14:10:07,10.2,7.34,21.91,9.99,668.0,15.0,0.0,0.0,0.0,0.0
21/06/2025,14:15:54,10.2,7.36,21.91,9.99,560.0,15.0,0.0,0.0,0.0,0.0
21/06/2025,14:21:40,10.2,7.35,21.91,9.99,885.0,15.0,0.0,0.0,0.0,0.0
21/06/2025,14:27:28,10.21,7.33,21.91,9.99,777.0,15.0,0.0,0.0,0.0,0.0
21/06/2025,14:33:15,10.2,7.35,21.91,9.99,777.0,15.0,0.0,0.0,0.0,0.0
21/06/2025,14:39:01,10.21,7.33,21.91,9.99,885.0,15.0,0.0,0.0,0.0,0.0
21/06/2025,14:44:49,10.21,7.34,21.91,9.99,560.0,15.0,0.0,0.0,0.0,0.0
21/06/2025,14:50:35,10.2,7.35,21.91,9.99,777.0,15.0,0.0,0.0,0.0,0.0
21/06/2025,14:56:22,10.21,7.35,21.91,9.99,885.0,15.0,0.0,0.0,0.0,0.0
21/06/2025,15:02:10,10.21,7.34,21.91,9.99,777.0,15.0,0.0,0.0,0.0,0.0
21/06/2025,15:07:56,10.21,7.34,21.91,9.99,994.0,15.0,0.0,0.0,0.0,0.0
21/06/2025,15:13:43,10.21,7.34,21.91,9.99,777.0,15.0,0.0,0.0,0.0,0.0
21/06/2025,15:19:31,10.21,7.34,21.91,9.99,994.0,15.0,0.0,0.0,0.0,0.0
21/06/2025,15:25:17,10.22,7.35,21.91,9.99,668.0,15.0,0.0,0.0,0.0,0.0
21/06/2025,15:31:04,10.22,7.35,21.91,9.99,885.0,15.0,0.0,0.0,0.0,0.0
21/06/2025,15:36:52,10.21,7.34,21.91,9.99,777.0,15.0,0.0,0.0,0.0,0.0
21/06/2025,15:42:38,10.21,7.33,21.91,9.99,560.0,15.0,0.0,0.0,0.0,0.0
21/06/2025,15:48:25,10.21,7.33,21.91,9.99,451.0,15.0,0.0,0.0,0.0,0.0
21/06/2025,15:54:12,10.22,7.35,21.91,9.99,1102.0,15.0,0.0,0.0,0.0,0.0
21/06/2025,15:59:59,10.22,7.34,21.91,9.99,451.0,15.0,0.0,0.0,0.0,0.0
21/06/2025,16:05:47,10.22,7.34,21.91,9.99,343.0,15.0,0.0,0.0,0.0,0.0
21/06/2025,16:11:33,10.22,7.34,21.91,9.99,668.0,15.0,0.0,0.0,0.0,0.0
21/06/2025,16:17:20,10.23,7.35,21.91,9.99,560.0,15.0,0.0,0.0,0.0,0.0
21/06/2025,16:23:07,10.22,7.35,21.91,9.99,777.0,15.0,0.0,0.0,0.0,0.0
21/06/2025,16:28:54,10.23,7.33,21.91,9.99,560.0,15.0,0.0,0.0,0.0,0.0
21/06/2025,16:34:41,10.23,7.35,21.91,9.99,777.0,15.0,0.0,0.0,0.0,0.0
21/06/2025,16:40:28,10.23,7.34,21.91,9.99,668.0,15.0,0.0,0.0,0.0,0.0
21/06/2025,16:46:15,10.23,7.34,21.91,9.99,560.0,15.0,0.0,0.0,0.0,0.0
21/06/2025,16:52:02,10.23,7.32,21.91,9.99,777.0,15.0,0.0,0.0,0.0,0.0
21/06/2025,16:57:49,10.23,7.33,21.91,9.99,451.0,15.0,0.0,0.0,0.0,0.0
21/06/2025,17:03:36,10.23,7.34,21.91,9.99,777.0,15.0,0.0,0.0,0.0,0.0
21/06/2025,17:09:22,10.23,7.34,21.91,9.99,777.0,15.0,0.0,0.0,0.0,0.0
21/06/2025,17:15:10,10.23,7.35,21.93,9.99,885.0,15.0,0.0,0.0,0.0,0.0
21/06/2025,17:20:57,10.23,7.34,21.93,9.99,885.0,15.0,0.0,0.0,0.0,0.0
21/06/2025,17:26:44,10.23,7.33,21.93,9.99,451.0,15.0,0.0,0.0,0.0,0.0
21/06/2025,17:32:31,10.24,7.34,21.93,9.99,777.0,15.0,0.0,0.0,0.0,0.0
21/06/2025,17:38:18,10.23,7.34,21.93,9.99,885.0,15.0,0.0,0.0,0.0,0.0
21/06/2025,17:44:04,10.24,7.32,21.93,9.99,777.0,15.0,0.0,0.0,0.0,0.0
21/06/2025,17:49:52,10.25,7.34,21.93,9.99,777.0,15.0,0.0,0.0,0.0,0.0
21/06/2025,17:55:39,10.25,7.34,21.93,9.99,777.0,15.0,0.0,0.0,0.0,0.0
21/06/2025,18:01:25,10.26,7.34,21.93,9.99,451.0,15.0,0.0,0.0,0.0,0.0
21/06/2025,18:07:13,10.26,7.35,21.93,9.99,777.0,15.0,0.0,0.0,0.0,0.0
21/06/2025,18:13:00,10.27,7.34,21.93,9.99,777.0,15.0,0.0,0.0,0.0,0.0
21/06/2025,18:18:46,10.26,7.35,21.93,9.99,560.0,15.0,0.0,0.0,0.0,0.0
21/06/2025,18:24:34,10.26,7.35,21.93,9.99,668.0,15.0,0.0,0.0,0.0,0.0
21/06/2025,18:30:20,10.26,7.35,21.93,9.99,994.0,15.0,0.0,0.0,0.0,0.0
21/06/2025,18:36:07,10.27,7.35,21.93,9.99,777.0,15.0,0.0,0.0,0.0,0.0
21/06/2025,18:41:55,10.27,7.34,21.93,9.99,451.0,15.0,0.0,0.0,0.0,0.0
21/06/2025,18:47:41,10.27,7.34,21.91,9.99,777.0,15.0,0.0,0.0,0.0,0.0
21/06/2025,18:53:28,10.29,7.35,21.91,9.99,668.0,15.0,0.0,0.0,0.0,0.0
21/06/2025,18:59:16,10.28,7.35,21.91,9.99,885.0,15.0,0.0,0.0,0.0,0.0
21/06/2025,19:05:02,10.28,7.35,21.91,9.99,777.0,15.0,0.0,0.0,0.0,0.0
21/06/2025,19:10:49,10.27,7.34,21.91,9.99,994.0,15.0,0.0,0.0,0.0,0.0
21/06/2025,19:16:37,10.28,7.35,21.91,9.99,777.0,15.0,0.0,0.0,0.0,0.0
21/06/2025,19:22:23,10.27,7.35,21.91,9.99,777.0,15.0,0.0,0.0,0.0,0.0
21/06/2025,19:28:10,10.27,7.35,21.91,9.99,777.0,15.0,0.0,0.0,0.0,0.0
21/06/2025,19:33:58,10.28,7.35,21.91,9.99,560.0,15.0,0.0,0.0,0.0,0.0
21/06/2025,19:39:44,10.28,7.35,21.91,9.99,668.0,15.0,0.0,0.0,0.0,0.0
21/06/2025,19:45:31,10.29,7.34,21.91,9.99,668.0,15.0,0.0,0.0,0.0,0.0
21/06/2025,19:51:19,10.28,7.36,21.91,9.99,885.0,15.0,0.0,0.0,0.0,0.0
21/06/2025,19:57:05,10.28,7.36,21.91,9.99,777.0,15.0,0.0,0.0,0.0,0.0
21/06/2025,20:02:53,10.28,7.35,21.91,9.99,560.0,15.0,0.0,0.0,0.0,0.0
21/06/2025,20:08:39,10.28,7.36,21.91,9.99,668.0,15.0,0.0,0.0,0.0,0.0
21/06/2025,20:14:26,10.28,7.36,21.91,9.99,777.0,15.0,0.0,0.0,0.0,0.0
21/06/2025,20:20:14,10.28,7.35,21.91,9.99,560.0,15.0,0.0,0.0,0.0,0.0
21/06/2025,20:26:00,10.28,7.35,21.93,9.99,777.0,15.0,0.0,0.0,0.0,0.0
21/06/2025,20:31:47,10.28,7.36,21.91,9.99,777.0,15.0,0.0,0.0,0.0,0.0
21/06/2025,20:37:35,10.28,7.35,21.91,9.99,126.0,15.0,0.0,0.0,0.0,0.0
21/06/2025,20:43:21,10.27,7.36,21.91,9.99,668.0,15.0,0.0,0.0,0.0,0.0
21/06/2025,20:49:08,10.28,7.37,21.91,9.99,885.0,15.0,0.0,0.0,0.0,0.0
21/06/2025,20:54:55,10.28,7.36,21.91,9.99,234.0,15.0,0.0,0.0,0.0,0.0
21/06/2025,21:00:42,10.28,7.37,21.91,9.99,668.0,15.0,0.0,0.0,0.0,0.0
21/06/2025,21:06:29,10.28,7.37,21.91,9.99,885.0,15.0,0.0,0.0,0.0,0.0
21/06/2025,21:12:16,10.28,7.35,21.91,9.99,668.0,15.0,0.0,0.0,0.0,0.0
21/06/2025,21:18:03,10.29,7.36,21.91,9.99,777.0,15.0,0.0,0.0,0.0,0.0
21/06/2025,21:23:50,10.28,7.35,21.91,9.99,885.0,15.0,0.0,0.0,0.0,0.0
21/06/2025,21:29:37,10.29,7.36,21.91,9.99,777.0,15.0,0.0,0.0,0.0,0.0
21/06/2025,21:35:24,10.29,7.37,21.91,9.99,343.0,15.0,0.0,0.0,0.0,0.0
21/06/2025,21:41:11,10.29,7.35,21.91,9.99,234.0,15.0,0.0,0.0,0.0,0.0
21/06/2025,21:46:58,10.3,7.36,21.91,9.99,343.0,15.0,0.0,0.0,0.0,0.0
21/06/2025,21:52:45,10.29,7.36,21.91,9.99,343.0,15.0,0.0,0.0,0.0,0.0
21/06/2025,21:58:32,10.29,7.37,21.91,9.99,343.0,15.0,0.0,0.0,0.0,0.0
21/06/2025,22:04:19,10.3,7.37,21.91,9.99,560.0,15.0,0.0,0.0,0.0,0.0
21/06/2025,22:10:06,10.3,7.37,21.91,9.99,560.0,15.0,0.0,0.0,0.0,0.0
21/06/2025,22:15:53,10.3,7.38,21.91,9.99,451.0,15.0,0.0,0.0,0.0,0.0
21/06/2025,22:21:40,10.3,7.39,21.91,9.99,560.0,15.0,0.0,0.0,0.0,0.0
21/06/2025,22:27:27,10.3,7.4,21.91,9.99,451.0,15.0,0.0,0.0,0.0,0.0
21/06/2025,22:33:13,10.3,7.38,21.91,9.99,343.0,15.0,0.0,0.0,0.0,0.0
21/06/2025,22:39:01,10.31,7.38,21.91,9.99,777.0,15.0,0.0,0.0,0.0,0.0
21/06/2025,22:44:48,10.3,7.38,21.91,9.99,994.0,15.0,0.0,0.0,0.0,0.0
21/06/2025,22:50:34,10.3,7.39,21.91,9.99,1102.0,15.0,0.0,0.0,0.0,0.0
21/06/2025,22:56:22,10.29,7.4,21.91,9.99,451.0,15.0,0.0,0.0,0.0,0.0
21/06/2025,23:02:09,10.29,7.4,21.91,9.99,126.0,15.0,0.0,0.0,0.0,0.0
21/06/2025,23:07:55,10.29,7.39,21.91,9.99,777.0,15.0,0.0,0.0,0.0,0.0
21/06/2025,23:13:43,10.3,7.4,21.91,9.99,668.0,15.0,0.0,0.0,0.0,0.0
21/06/2025,23:19:30,10.3,7.41,21.91,9.99,885.0,15.0,0.0,0.0,0.0,0.0
21/06/2025,23:25:16,10.31,7.41,21.91,9.99,343.0,15.0,0.0,0.0,0.0,0.0
21/06/2025,23:31:04,10.31,7.42,21.91,9.99,343.0,15.0,0.0,0.0,0.0,0.0
21/06/2025,23:36:51,10.31,7.41,21.91,9.99,560.0,15.0,0.0,0.0,0.0,0.0
21/06/2025,23:42:37,10.31,7.42,21.91,9.99,560.0,15.0,0.0,0.0,0.0,0.0
21/06/2025,23:48:25,10.31,7.41,21.91,9.99,560.0,15.0,0.0,0.0,0.0,0.0
21/06/2025,23:54:11,10.31,7.42,21.91,9.99,451.0,15.0,0.0,0.0,0.0,0.0
21/06/2025,23:59:59,10.32,7.42,21.91,9.99,560.0,15.0,0.0,0.0,0.0,0.0
22/06/2025,00:00:00,10.32,7.42,21.91,9.99,451.0,15.0,0.0,0.0,0.0,0.0
22/06/2025,00:05:47,10.32,7.43,21.88,9.99,668.0,15.0,0.0,0.0,0.0,0.0
22/06/2025,00:11:33,10.32,7.42,21.88,9.99,668.0,15.0,0.0,0.0,0.0,0.0
22/06/2025,00:17:21,10.32,7.43,21.88,9.99,560.0,15.0,0.0,0.0,0.0,0.0
22/06/2025,00:23:08,10.32,7.43,21.88,9.99,885.0,15.0,0.0,0.0,0.0,0.0
22/06/2025,00:28:54,10.32,7.44,21.88,9.99,451.0,15.0,0.0,0.0,0.0,0.0
22/06/2025,00:34:42,10.32,7.43,21.88,9.99,343.0,15.0,0.0,0.0,0.0,0.0
22/06/2025,00:40:28,10.32,7.42,21.88,9.99,668.0,15.0,0.0,0.0,0.0,0.0
22/06/2025,00:46:15,10.32,7.44,21.88,9.99,668.0,15.0,0.0,0.0,0.0,0.0
22/06/2025,00:52:03,10.33,7.44,21.88,9.99,560.0,15.0,0.0,0.0,0.0,0.0
22/06/2025,00:57:49,10.33,7.45,21.88,9.99,777.0,15.0,0.0,0.0,0.0,0.0
22/06/2025,01:03:36,10.33,7.43,21.88,9.99,560.0,15.0,0.0,0.0,0.0,0.0
22/06/2025,01:09:24,10.33,7.45,21.85,9.99,668.0,15.0,0.0,0.0,0.0,0.0
22/06/2025,01:15:10,10.34,7.44,21.85,9.99,560.0,15.0,0.0,0.0,0.0,0.0
22/06/2025,01:20:57,10.34,7.45,21.85,9.99,343.0,15.0,0.0,0.0,0.0,0.0
22/06/2025,01:26:44,10.34,7.45,21.85,9.99,343.0,15.0,0.0,0.0,0.0,0.0
22/06/2025,01:32:31,10.33,7.46,21.85,9.99,777.0,15.0,0.0,0.0,0.0,0.0
22/06/2025,01:38:18,10.32,7.46,21.83,9.99,668.0,15.0,0.0,0.0,0.0,0.0
22/06/2025,01:44:05,10.3,7.44,21.83,9.99,451.0,15.0,0.0,0.0,0.0,0.0
22/06/2025,01:49:52,10.3,7.45,21.83,9.99,1102.0,15.0,0.0,0.0,0.0,0.0
22/06/2025,01:55:39,10.3,7.44,21.83,9.99,668.0,15.0,0.0,0.0,0.0,0.0
22/06/2025,02:01:26,10.3,7.45,21.83,9.99,560.0,15.0,0.0,0.0,0.0,0.0
22/06/2025,02:07:13,10.3,7.46,21.83,9.99,668.0,15.0,0.0,0.0,0.0,0.0
22/06/2025,02:12:59,10.3,7.45,21.83,9.99,994.0,15.0,0.0,0.0,0.0,0.0
22/06/2025,02:18:47,10.31,7.43,21.83,9.99,777.0,15.0,0.0,0.0,0.0,0.0
22/06/2025,02:24:34,10.32,7.46,21.83,9.99,777.0,15.0,0.0,0.0,0.0,0.0
22/06/2025,02:30:20,10.33,7.45,21.83,9.99,668.0,15.0,0.0,0.0,0.0,0.0
22/06/2025,02:36:08,10.33,7.44,21.85,9.99,994.0,15.0,0.0,0.0,0.0,0.0
22/06/2025,02:41:54,10.34,7.46,21.85,9.99,343.0,15.0,0.0,0.0,0.0,0.0
22/06/2025,02:47:41,10.35,7.46,21.85,9.99,777.0,15.0,0.0,0.0,0.0,0.0
22/06/2025,02:53:29,10.34,7.44,21.85,9.99,885.0,15.0,0.0,0.0,0.0,0.0
22/06/2025,02:59:15,10.36,7.46,21.85,9.99,777.0,15.0,0.0,0.0,0.0,0.0
22/06/2025,03:05:02,10.36,7.46,21.85,9.99,560.0,15.0,0.0,0.0,0.0,0.0
22/06/2025,03:10:50,10.37,7.46,21.85,9.99,560.0,15.0,0.0,0.0,0.0,0.0
22/06/2025,03:16:36,10.37,7.45,21.85,9.99,234.0,15.0,0.0,0.0,0.0,0.0
22/06/2025,03:22:23,10.37,7.46,21.83,9.99,885.0,15.0,0.0,0.0,0.0,0.0
22/06/2025,03:28:11,10.38,7.44,21.83,9.99,668.0,15.0,0.0,0.0,0.0,0.0
22/06/2025,03:33:57,10.37,7.46,21.83,9.99,668.0,15.0,0.0,0.0,0.0,0.0
22/06/2025,03:39:44,10.37,7.45,21.83,9.99,668.0,15.0,0.0,0.0,0.0,0.0
22/06/2025,03:45:32,10.38,7.46,21.83,9.99,668.0,15.0,0.0,0.0,0.0,0.0
22/06/2025,03:51:18,10.39,7.45,21.83,9.99,777.0,15.0,0.0,0.0,0.0,0.0
22/06/2025,03:57:05,10.38,7.45,21.83,9.99,885.0,15.0,0.0,0.0,0.0,0.0
22/06/2025,04:02:53,10.39,7.47,21.83,9.99,668.0,15.0,0.0,0.0,0.0,0.0
22/06/2025,04:08:39,10.38,7.47,21.83,9.99,885.0,15.0,0.0,0.0,0.0,0.0
22/06/2025,04:14:26,10.38,7.44,21.83,9.99,668.0,15.0,0.0,0.0,0.0,0.0
22/06/2025,04:20:14,10.38,7.46,21.8,9.99,885.0,15.0,0.0,0.0,0.0,0.0
22/06/2025,04:26:00,10.38,7.47,21.8,9.99,885.0,15.0,0.0,0.0,0.0,0.0
22/06/2025,04:31:47,10.39,7.44,21.8,9.99,777.0,15.0,0.0,0.0,0.0,0.0
22/06/2025,04:37:35,10.39,7.47,21.8,9.99,777.0,15.0,0.0,0.0,0.0,0.0
22/06/2025,04:43:21,10.39,7.47,21.8,9.99,885.0,15.0,0.0,0.0,0.0,0.0
22/06/2025,04:49:08,10.39,7.47,21.8,9.99,777.0,15.0,0.0,0.0,0.0,0.0
22/06/2025,04:54:55,10.4,7.47,21.77,9.99,560.0,15.0,0.0,0.0,0.0,0.0
22/06/2025,05:00:42,10.39,7.46,21.75,9.99,560.0,15.0,0.0,0.0,0.0,0.0
22/06/2025,05:06:29,10.39,7.47,21.75,9.99,126.0,15.0,0.0,0.0,0.0,0.0
22/06/2025,05:12:17,10.4,7.47,21.75,9.99,668.0,15.0,0.0,0.0,0.0,0.0
22/06/2025,05:18:03,10.4,7.49,21.75,9.99,994.0,15.0,0.0,0.0,0.0,0.0
22/06/2025,05:23:50,10.4,7.48,21.77,9.99,668.0,15.0,0.0,0.0,0.0,0.0
22/06/2025,05:29:37,10.39,7.47,21.75,9.99,451.0,15.0,0.0,0.0,0.0,0.0
22/06/2025,05:35:24,10.4,7.47,21.75,9.99,777.0,15.0,0.0,0.0,0.0,0.0
22/06/2025,05:41:11,10.4,7.47,21.75,9.99,451.0,15.0,0.0,0.0,0.0,0.0
22/06/2025,05:46:58,10.4,7.47,21.75,9.99,451.0,15.0,0.0,0.0,0.0,0.0
22/06/2025,05:52:45,10.4,7.47,21.75,9.99,451.0,15.0,0.0,0.0,0.0,0.0
22/06/2025,05:58:32,10.39,7.48,21.75,9.99,451.0,15.0,0.0,0.0,0.0,0.0
22/06/2025,06:04:19,10.39,7.46,21.75,9.99,777.0,15.0,0.0,0.0,0.0,0.0
22/06/2025,06:10:06,10.39,7.47,21.75,9.99,777.0,15.0,0.0,0.0,0.0,0.0
22/06/2025,06:15:53,10.4,7.48,21.75,9.99,1102.0,15.0,0.0,0.0,0.0,0.0
22/06/2025,06:21:40,10.4,7.49,21.75,9.99,451.0,15.0,0.0,0.0,0.0,0.0
22/06/2025,06:27:27,10.4,7.47,21.75,9.99,994.0,15.0,0.0,0.0,0.0,0.0
22/06/2025,06:33:14,10.39,7.48,21.75,9.99,668.0,15.0,0.0,0.0,0.0,0.0
22/06/2025,06:39:01,10.39,7.46,21.75,9.99,343.0,15.0,0.0,0.0,0.0,0.0
22/06/2025,06:44:48,10.4,7.48,21.75,9.99,668.0,15.0,0.0,0.0,0.0,0.0
22/06/2025,06:50:35,10.4,7.46,21.75,9.99,451.0,15.0,0.0,0.0,0.0,0.0
22/06/2025,06:56:22,10.4,7.48,21.75,9.99,668.0,15.0,0.0,0.0,0.0,0.0
22/06/2025,07:02:09,10.41,7.48,21.75,9.99,668.0,15.0,0.0,0.0,0.0,0.0
22/06/2025,07:07:56,10.41,7.49,21.75,9.99,885.0,15.0,0.0,0.0,0.0,0.0
22/06/2025,07:13:43,10.39,7.48,21.75,9.99,343.0,15.0,0.0,0.0,0.0,0.0
22/06/2025,07:19:30,10.38,7.47,21.77,9.99,560.0,15.0,0.0,0.0,0.0,0.0
22/06/2025,07:25:17,10.38,7.47,21.75,9.99,560.0,15.0,0.0,0.0,0.0,0.0
22/06/2025,07:31:04,10.38,7.48,21.75,9.99,885.0,15.0,0.0,0.0,0.0,0.0
22/06/2025,07:36:51,10.37,7.48,21.75,9.99,343.0,15.0,0.0,0.0,0.0,0.0
22/06/2025,07:42:37,10.38,7.49,21.75,9.99,343.0,15.0,0.0,0.0,0.0,0.0
22/06/2025,07:48:25,10.38,7.48,21.75,9.99,777.0,15.0,0.0,0.0,0.0,0.0
22/06/2025,07:54:12,10.39,7.48,21.75,9.99,668.0,15.0,0.0,0.0,0.0,0.0
22/06/2025,07:59:58,10.39,7.48,21.75,9.99,343.0,15.0,0.0,0.0,0.0,0.0
22/06/2025,08:05:46,10.39,7.48,21.75,9.99,451.0,15.0,0.0,0.0,0.0,0.0
22/06/2025,08:11:33,10.4,7.48,21.75,9.99,451.0,15.0,0.0,0.0,0.0,0.0
22/06/2025,08:17:19,10.41,7.48,21.75,9.99,343.0,15.0,0.0,0.0,0.0,0.0
22/06/2025,08:23:07,10.41,7.49,21.72,9.99,777.0,15.0,0.0,0.0,0.0,0.0
22/06/2025,08:28:54,10.42,7.49,21.72,9.99,343.0,15.0,0.0,0.0,0.0,0.0
22/06/2025,08:34:40,10.43,7.5,21.69,9.99,560.0,15.0,0.0,0.0,0.0,0.0
22/06/2025,08:40:28,10.43,7.48,21.69,9.99,885.0,15.0,0.0,0.0,0.0,0.0
22/06/2025,08:46:15,10.43,7.51,21.69,9.99,668.0,15.0,0.0,0.0,0.0,0.0
22/06/2025,08:52:01,10.43,7.5,21.66,9.99,885.0,15.0,0.0,0.0,0.0,0.0
22/06/2025,08:57:49,10.43,7.5,21.66,9.99,234.0,15.0,0.0,0.0,0.0,0.0
22/06/2025,09:03:35,10.43,7.48,21.66,9.99,343.0,15.0,0.0,0.0,0.0,0.0
22/06/2025,09:09:22,10.44,7.5,21.69,9.99,777.0,15.0,0.0,0.0,0.0,0.0
22/06/2025,09:15:10,10.44,7.5,21.72,9.99,777.0,15.0,0.0,0.0,0.0,0.0
22/06/2025,09:20:56,10.44,7.5,21.72,9.99,451.0,15.0,0.0,0.0,0.0,0.0
22/06/2025,09:26:43,10.45,7.5,21.77,9.99,343.0,15.0,0.0,0.0,0.0,0.0
22/06/2025,09:32:31,10.46,7.5,21.77,9.99,343.0,15.0,0.0,0.0,0.0,0.0
22/06/2025,09:38:17,10.46,7.48,21.77,9.99,777.0,15.0,0.0,0.0,0.0,0.0
22/06/2025,09:44:04,10.44,7.49,21.77,9.99,668.0,15.0,0.0,0.0,0.0,0.0
22/06/2025,09:49:52,10.44,7.47,21.8,9.99,777.0,15.0,0.0,0.0,0.0,0.0
22/06/2025,09:55:38,10.43,7.47,21.83,9.99,777.0,15.0,0.0,0.0,0.0,0.0
22/06/2025,10:01:25,10.42,7.48,21.83,9.99,560.0,15.0,0.0,0.0,0.0,0.0
22/06/2025,10:07:13,10.42,7.48,21.85,9.99,560.0,15.0,0.0,0.0,0.0,0.0
22/06/2025,10:12:59,10.42,7.48,21.85,9.99,777.0,15.0,0.0,0.0,0.0,0.0
22/06/2025,10:18:46,10.42,7.47,21.88,9.99,560.0,15.0,0.0,0.0,0.0,0.0
22/06/2025,10:24:34,10.42,7.47,21.88,9.99,343.0,15.0,0.0,0.0,0.0,0.0
22/06/2025,10:30:20,10.43,7.47,21.88,9.99,560.0,15.0,0.0,0.0,0.0,0.0
22/06/2025,10:36:07,10.43,7.46,21.88,9.99,668.0,15.0,0.0,0.0,0.0,0.0
22/06/2025,10:41:55,10.44,7.47,21.88,9.99,668.0,15.0,0.0,0.0,0.0,0.0
22/06/2025,10:47:41,10.45,7.45,21.88,9.99,777.0,15.0,0.0,0.0,0.0,0.0
22/06/2025,10:53:28,10.45,7.46,21.91,9.99,343.0,15.0,0.0,0.0,0.0,0.0
22/06/2025,10:59:16,10.46,7.46,21.91,9.99,668.0,15.0,0.0,0.0,0.0,0.0
22/06/2025,11:05:02,10.46,7.45,21.91,9.99,17.0,15.0,0.0,0.0,0.0,0.0
22/06/2025,11:10:49,10.46,7.45,21.91,9.99,885.0,15.0,0.0,0.0,0.0,0.0
22/06/2025,11:16:36,10.46,7.45,21.91,9.99,560.0,15.0,0.0,0.0,0.0,0.0
22/06/2025,11:22:23,10.46,7.44,21.91,9.99,885.0,15.0,0.0,0.0,0.0,0.0
22/06/2025,11:28:10,10.46,7.44,21.91,9.99,234.0,15.0,0.0,0.0,0.0,0.0
22/06/2025,11:33:57,10.47,7.44,21.91,9.99,234.0,15.0,0.0,0.0,0.0,0.0
22/06/2025,11:39:44,10.46,7.44,21.91,9.99,668.0,15.0,0.0,0.0,0.0,0.0
22/06/2025,11:45:31,10.46,7.45,21.91,9.99,668.0,15.0,0.0,0.0,0.0,0.0
22/06/2025,11:51:18,10.47,7.45,21.91,9.99,668.0,15.0,0.0,0.0,0.0,0.0
22/06/2025,11:57:05,10.47,7.43,21.91,9.99,451.0,15.0,0.0,0.0,0.0,0.0
22/06/2025,12:02:52,10.47,7.43,21.91,9.99,777.0,15.0,0.0,0.0,0.0,0.0
22/06/2025,12:08:39,10.47,7.43,21.91,9.99,668.0,15.0,0.0,0.0,0.0,0.0
22/06/2025,12:14:26,10.47,7.45,21.91,9.99,560.0,15.0,0.0,0.0,0.0,0.0
22/06/2025,12:20:13,10.46,7.44,21.91,9.99,668.0,15.0,0.0,0.0,0.0,0.0
22/06/2025,12:26:00,10.46,7.44,21.91,9.99,668.0,15.0,0.0,0.0,0.0,0.0
22/06/2025,12:31:47,10.46,7.43,21.91,9.99,343.0,15.0,0.0,0.0,0.0,0.0
22/06/2025,12:37:33,10.45,7.43,21.91,9.99,885.0,15.0,0.0,0.0,0.0,0.0
22/06/2025,12:43:21,10.45,7.42,21.91,9.99,668.0,15.0,0.0,0.0,0.0,0.0
22/06/2025,12:49:08,10.47,7.43,21.91,9.99,451.0,15.0,0.0,0.0,0.0,0.0
22/06/2025,12:54:54,10.45,7.44,21.91,9.99,560.0,15.0,0.0,0.0,0.0,0.0
22/06/2025,13:00:42,10.45,7.43,21.91,9.99,777.0,15.0,0.0,0.0,0.0,0.0
22/06/2025,13:06:29,10.45,7.44,21.91,9.99,560.0,15.0,0.0,0.0,0.0,0.0
22/06/2025,13:12:15,10.45,7.43,21.91,9.99,668.0,15.0,0.0,0.0,0.0,0.0
22/06/2025,13:18:03,10.45,7.42,21.91,9.99,343.0,15.0,0.0,0.0,0.0,0.0
22/06/2025,13:23:49,10.45,7.42,21.91,9.99,668.0,15.0,0.0,0.0,0.0,0.0
22/06/2025,13:29:36,10.45,7.44,21.91,9.99,343.0,15.0,0.0,0.0,0.0,0.0
22/06/2025,13:35:24,10.45,7.43,21.91,9.99,668.0,15.0,0.0,0.0,0.0,0.0
22/06/2025,13:41:10,10.47,7.43,21.91,9.99,126.0,15.0,0.0,0.0,0.0,0.0
22/06/2025,13:46:57,10.46,7.43,21.91,9.99,560.0,15.0,0.0,0.0,0.0,0.0
22/06/2025,13:52:45,10.46,7.44,21.91,9.99,560.0,15.0,0.0,0.0,0.0,0.0
22/06/2025,13:58:31,10.45,7.44,21.91,9.99,560.0,15.0,0.0,0.0,0.0,0.0
22/06/2025,14:04:18,10.46,7.43,21.91,9.99,451.0,15.0,0.0,0.0,0.0,0.0
22/06/2025,14:10:05,10.46,7.43,21.91,9.99,668.0,15.0,0.0,0.0,0.0,0.0
22/06/2025,14:15:52,10.46,7.42,21.91,9.99,777.0,15.0,0.0,0.0,0.0,0.0
22/06/2025,14:21:39,10.46,7.44,21.91,9.99,451.0,15.0,0.0,0.0,0.0,0.0
22/06/2025,14:27:26,10.46,7.44,21.91,9.99,668.0,15.0,0.0,0.0,0.0,0.0
22/06/2025,14:33:13,10.48,7.43,21.91,9.99,668.0,15.0,0.0,0.0,0.0,0.0
22/06/2025,14:39:00,10.46,7.43,21.91,9.99,668.0,15.0,0.0,0.0,0.0,0.0
22/06/2025,14:44:47,10.46,7.43,21.91,9.99,234.0,15.0,0.0,0.0,0.0,0.0
22/06/2025,14:50:34,10.47,7.42,21.91,9.99,777.0,15.0,0.0,0.0,0.0,0.0
22/06/2025,14:56:20,10.47,7.42,21.91,9.99,560.0,15.0,0.0,0.0,0.0,0.0
22/06/2025,15:02:08,10.47,7.42,21.91,9.99,451.0,15.0,0.0,0.0,0.0,0.0
22/06/2025,15:07:55,10.46,7.43,21.91,9.99,451.0,15.0,0.0,0.0,0.0,0.0
22/06/2025,15:13:41,10.45,7.43,21.91,9.99,668.0,15.0,0.0,0.0,0.0,0.0
22/06/2025,15:19:29,10.44,7.43,21.91,9.99,560.0,15.0,0.0,0.0,0.0,0.0
22/06/2025,15:25:16,10.44,7.42,21.91,9.99,560.0,15.0,0.0,0.0,0.0,0.0
22/06/2025,15:31:02,10.44,7.43,21.91,9.99,994.0,15.0,0.0,0.0,0.0,0.0
22/06/2025,15:36:50,10.45,7.42,21.91,9.99,994.0,15.0,0.0,0.0,0.0,0.0
22/06/2025,15:42:37,10.45,7.43,21.91,9.99,777.0,15.0,0.0,0.0,0.0,0.0
22/06/2025,15:48:23,10.45,7.42,21.91,9.99,777.0,15.0,0.0,0.0,0.0,0.0
22/06/2025,15:54:11,10.45,7.42,21.91,9.99,777.0,15.0,0.0,0.0,0.0,0.0
22/06/2025,15:59:58,10.46,7.42,21.91,9.99,668.0,15.0,0.0,0.0,0.0,0.0
22/06/2025,16:05:44,10.46,7.41,21.91,9.99,885.0,15.0,0.0,0.0,0.0,0.0
22/06/2025,16:11:32,10.46,7.4,21.91,9.99,343.0,15.0,0.0,0.0,0.0,0.0
22/06/2025,16:17:19,10.46,7.41,21.93,9.99,560.0,15.0,0.0,0.0,0.0,0.0
22/06/2025,16:23:05,10.46,7.42,21.93,9.99,343.0,15.0,0.0,0.0,0.0,0.0
22/06/2025,16:28:53,10.47,7.44,21.93,9.99,668.0,15.0,0.0,0.0,0.0,0.0
22/06/2025,16:34:40,10.47,7.42,21.93,9.99,668.0,15.0,0.0,0.0,0.0,0.0
22/06/2025,16:40:26,10.48,7.42,21.93,9.99,777.0,15.0,0.0,0.0,0.0,0.0
22/06/2025,16:46:14,10.47,7.42,21.93,9.99,777.0,15.0,0.0,0.0,0.0,0.0
22/06/2025,16:52:01,10.48,7.41,21.91,9.99,451.0,15.0,0.0,0.0,0.0,0.0
22/06/2025,16:57:47,10.48,7.41,21.91,9.99,560.0,15.0,0.0,0.0,0.0,0.0
22/06/2025,17:03:35,10.48,7.42,21.91,9.99,668.0,15.0,0.0,0.0,0.0,0.0
22/06/2025,17:09:22,10.48,7.42,21.91,9.99,668.0,15.0,0.0,0.0,0.0,0.0
22/06/2025,17:15:08,10.47,7.41,21.91,9.99,451.0,15.0,0.0,0.0,0.0,0.0
22/06/2025,17:20:56,10.47,7.42,21.91,9.99,451.0,15.0,0.0,0.0,0.0,0.0
22/06/2025,17:26:43,10.47,7.43,21.91,9.99,126.0,15.0,0.0,0.0,0.0,0.0
22/06/2025,17:32:29,10.47,7.42,21.91,9.99,451.0,15.0,0.0,0.0,0.0,0.0
22/06/2025,17:38:17,10.47,7.44,21.91,9.99,668.0,15.0,0.0,0.0,0.0,0.0
22/06/2025,17:44:04,10.47,7.43,21.91,9.99,885.0,15.0,0.0,0.0,0.0,0.0
22/06/2025,17:49:50,10.46,7.41,21.91,9.99,994.0,15.0,0.0,0.0,0.0,0.0
22/06/2025,17:55:38,10.46,7.43,21.91,9.99,560.0,15.0,0.0,0.0,0.0,0.0
22/06/2025,18:01:25,10.47,7.43,21.91,9.99,777.0,15.0,0.0,0.0,0.0,0.0
22/06/2025,18:07:11,10.46,7.41,21.93,9.99,234.0,15.0,0.0,0.0,0.0,0.0
22/06/2025,18:12:59,10.46,7.41,21.93,9.99,234.0,15.0,0.0,0.0,0.0,0.0
22/06/2025,18:18:46,10.46,7.41,21.93,9.99,668.0,15.0,0.0,0.0,0.0,0.0
22/06/2025,18:24:32,10.47,7.42,21.96,9.99,343.0,15.0,0.0,0.0,0.0,0.0
22/06/2025,18:30:20,10.48,7.42,21.96,9.99,777.0,15.0,0.0,0.0,0.0,0.0
22/06/2025,18:36:07,10.48,7.42,21.96,9.99,560.0,15.0,0.0,0.0,0.0,0.0
22/06/2025,18:41:53,10.48,7.42,21.96,9.99,451.0,15.0,0.0,0.0,0.0,0.0
22/06/2025,18:47:41,10.48,7.41,21.99,9.99,343.0,15.0,0.0,0.0,0.0,0.0
22/06/2025,18:53:28,10.49,7.4,21.99,9.99,560.0,15.0,0.0,0.0,0.0,0.0
22/06/2025,18:59:14,10.49,7.42,21.99,9.99,777.0,15.0,0.0,0.0,0.0,0.0
22/06/2025,19:05:02,10.49,7.41,21.99,9.99,668.0,15.0,0.0,0.0,0.0,0.0
22/06/2025,19:10:49,10.49,7.42,21.99,9.99,885.0,15.0,0.0,0.0,0.0,0.0
22/06/2025,19:16:35,10.49,7.42,21.99,9.99,668.0,15.0,0.0,0.0,0.0,0.0
22/06/2025,19:22:23,10.5,7.43,21.99,9.99,560.0,15.0,0.0,0.0,0.0,0.0
22/06/2025,19:28:10,10.5,7.42,21.99,9.99,560.0,15.0,0.0,0.0,0.0,0.0
22/06/2025,19:33:56,10.49,7.43,21.99,9.99,885.0,15.0,0.0,0.0,0.0,0.0
22/06/2025,19:39:44,10.49,7.41,21.99,9.99,343.0,15.0,0.0,0.0,0.0,0.0
22/06/2025,19:45:31,10.49,7.42,21.99,9.99,777.0,15.0,0.0,0.0,0.0,0.0
22/06/2025,19:51:17,10.49,7.42,21.99,9.99,668.0,15.0,0.0,0.0,0.0,0.0
22/06/2025,19:57:05,10.48,7.42,21.99,9.99,560.0,15.0,0.0,0.0,0.0,0.0
22/06/2025,20:02:52,10.48,7.44,21.99,9.99,885.0,15.0,0.0,0.0,0.0,0.0
22/06/2025,20:08:38,10.48,7.42,21.96,9.99,451.0,15.0,0.0,0.0,0.0,0.0
22/06/2025,20:14:26,10.48,7.43,21.99,9.99,668.0,15.0,0.0,0.0,0.0,0.0
22/06/2025,20:20:13,10.47,7.42,22.01,9.99,451.0,15.0,0.0,0.0,0.0,0.0
22/06/2025,20:25:59,10.47,7.42,22.01,9.99,343.0,15.0,0.0,0.0,0.0,0.0
22/06/2025,20:31:47,10.47,7.42,22.04,9.99,777.0,15.0,0.0,0.0,0.0,0.0
22/06/2025,20:37:34,10.47,7.41,22.04,9.99,17.0,15.0,0.0,0.0,0.0,0.0
22/06/2025,20:43:20,10.47,7.42,22.07,9.99,777.0,15.0,0.0,0.0,0.0,0.0
22/06/2025,20:49:08,10.47,7.42,22.1,9.99,668.0,15.0,0.0,0.0,0.0,0.0
22/06/2025,20:54:54,10.48,7.41,22.1,9.99,451.0,15.0,0.0,0.0,0.0,0.0
22/06/2025,21:00:41,10.45,7.42,22.1,9.99,668.0,15.0,0.0,0.0,0.0,0.0
22/06/2025,21:06:29,10.44,7.41,22.1,9.99,885.0,15.0,0.0,0.0,0.0,0.0
22/06/2025,21:12:15,10.43,7.42,22.1,9.99,560.0,15.0,0.0,0.0,0.0,0.0
22/06/2025,21:18:02,10.39,7.41,22.1,9.99,234.0,15.0,0.0,0.0,0.0,0.0
22/06/2025,21:23:50,10.38,7.41,22.1,9.99,777.0,15.0,0.0,0.0,0.0,0.0
22/06/2025,21:29:36,10.34,7.42,22.12,9.99,126.0,15.0,0.0,0.0,0.0,0.0
22/06/2025,21:35:23,10.29,7.42,22.12,9.99,451.0,15.0,0.0,0.0,0.0,0.0
22/06/2025,21:41:11,10.28,7.4,22.12,9.99,-91.0,15.0,0.0,0.0,0.0,0.0
22/06/2025,21:46:57,10.32,7.41,22.1,9.99,885.0,15.0,0.0,0.0,0.0,0.0
22/06/2025,21:52:44,10.33,7.44,22.1,9.99,885.0,15.0,0.0,0.0,0.0,0.0
22/06/2025,21:58:32,10.36,7.43,22.1,9.99,668.0,15.0,0.0,0.0,0.0,0.0
22/06/2025,22:04:18,10.38,7.41,22.07,9.99,885.0,15.0,0.0,0.0,0.0,0.0
22/06/2025,22:10:05,10.38,7.41,22.04,9.99,668.0,15.0,0.0,0.0,0.0,0.0
22/06/2025,22:15:53,10.39,7.42,21.99,9.99,994.0,15.0,0.0,0.0,0.0,0.0
22/06/2025,22:21:39,10.39,7.42,21.96,9.99,343.0,15.0,0.0,0.0,0.0,0.0
22/06/2025,22:27:26,10.39,7.42,21.93,9.99,343.0,15.0,0.0,0.0,0.0,0.0
22/06/2025,22:33:14,10.4,7.42,21.93,9.99,343.0,15.0,0.0,0.0,0.0,0.0
22/06/2025,22:39:00,10.4,7.43,21.93,9.99,560.0,15.0,0.0,0.0,0.0,0.0
22/06/2025,22:44:47,10.4,7.45,21.91,9.99,560.0,15.0,0.0,0.0,0.0,0.0
22/06/2025,22:50:35,10.41,7.43,21.91,9.99,451.0,15.0,0.0,0.0,0.0,0.0
22/06/2025,22:56:21,10.41,7.45,21.91,9.99,777.0,15.0,0.0,0.0,0.0,0.0
22/06/2025,23:02:08,10.42,7.45,21.91,9.99,885.0,15.0,0.0,0.0,0.0,0.0
22/06/2025,23:07:56,10.41,7.43,21.91,9.99,777.0,15.0,0.0,0.0,0.0,0.0
22/06/2025,23:13:42,10.42,7.46,21.91,9.99,668.0,15.0,0.0,0.0,0.0,0.0
22/06/2025,23:19:29,10.42,7.46,21.91,9.99,668.0,15.0,0.0,0.0,0.0,0.0
22/06/2025,23:25:17,10.42,7.46,21.91,9.99,777.0,15.0,0.0,0.0,0.0,0.0
22/06/2025,23:31:03,10.42,7.47,21.91,9.99,668.0,15.0,0.0,0.0,0.0,0.0
22/06/2025,23:36:50,10.42,7.46,21.91,9.99,451.0,15.0,0.0,0.0,0.0,0.0
22/06/2025,23:42:38,10.4,7.48,21.91,9.99,560.0,15.0,0.0,0.0,0.0,0.0
22/06/2025,23:48:24,10.34,7.46,21.91,9.99,777.0,15.0,0.0,0.0,0.0,0.0
22/06/2025,23:54:11,10.34,7.48,21.91,9.99,343.0,15.0,0.0,0.0,0.0,0.0
22/06/2025,23:59:59,10.35,7.46,21.91,9.99,668.0,15.0,0.0,0.0,0.0,0.0
23/06/2025,00:00:00,10.35,7.46,21.91,9.99,560.0,15.0,0.0,0.0,0.0,0.0
23/06/2025,00:05:46,10.36,7.47,21.91,9.99,777.0,15.0,0.0,0.0,0.0,0.0
23/06/2025,00:11:33,10.36,7.47,21.91,9.99,777.0,15.0,0.0,0.0,0.0,0.0
23/06/2025,00:17:21,10.36,7.47,21.91,9.99,560.0,15.0,0.0,0.0,0.0,0.0
23/06/2025,00:23:07,10.37,7.48,21.91,9.99,451.0,15.0,0.0,0.0,0.0,0.0
23/06/2025,00:28:54,10.38,7.48,21.91,9.99,343.0,15.0,0.0,0.0,0.0,0.0
23/06/2025,00:34:42,10.38,7.49,21.91,9.99,343.0,15.0,0.0,0.0,0.0,0.0
23/06/2025,00:40:28,10.38,7.49,21.91,9.99,451.0,15.0,0.0,0.0,0.0,0.0
23/06/2025,00:46:15,10.38,7.49,21.91,9.99,777.0,15.0,0.0,0.0,0.0,0.0
23/06/2025,00:52:03,10.39,7.49,21.88,9.99,560.0,15.0,0.0,0.0,0.0,0.0
23/06/2025,00:57:49,10.39,7.49,21.88,9.99,777.0,15.0,0.0,0.0,0.0,0.0
23/06/2025,01:03:36,10.38,7.49,21.88,9.99,451.0,15.0,0.0,0.0,0.0,0.0
23/06/2025,01:09:24,10.38,7.5,21.88,9.99,343.0,15.0,0.0,0.0,0.0,0.0
23/06/2025,01:15:10,10.38,7.49,21.88,9.99,560.0,15.0,0.0,0.0,0.0,0.0
23/06/2025,01:20:57,10.39,7.48,21.88,9.99,560.0,15.0,0.0,0.0,0.0,0.0
23/06/2025,01:26:44,10.38,7.5,21.88,9.99,668.0,15.0,0.0,0.0,0.0,0.0
23/06/2025,01:32:31,10.38,7.5,21.88,9.99,668.0,15.0,0.0,0.0,0.0,0.0
23/06/2025,01:38:18,10.38,7.5,21.88,9.99,885.0,15.0,0.0,0.0,0.0,0.0
23/06/2025,01:44:05,10.38,7.5,21.88,9.99,777.0,15.0,0.0,0.0,0.0,0.0
23/06/2025,01:49:52,10.38,7.52,21.88,9.99,668.0,15.0,0.0,0.0,0.0,0.0
23/06/2025,01:55:39,10.38,7.5,21.88,9.99,668.0,15.0,0.0,0.0,0.0,0.0
23/06/2025,02:01:26,10.38,7.51,21.88,9.99,885.0,15.0,0.0,0.0,0.0,0.0
23/06/2025,02:07:13,10.38,7.5,21.88,9.99,560.0,15.0,0.0,0.0,0.0,0.0
23/06/2025,02:13:01,10.38,7.51,21.88,9.99,668.0,15.0,0.0,0.0,0.0,0.0
23/06/2025,02:18:47,10.39,7.51,21.88,9.99,451.0,15.0,0.0,0.0,0.0,0.0
23/06/2025,02:24:34,10.39,7.53,21.88,9.99,668.0,15.0,0.0,0.0,0.0,0.0
23/06/2025,02:30:22,10.38,7.51,21.85,9.99,668.0,15.0,0.0,0.0,0.0,0.0
23/06/2025,02:36:08,10.37,7.51,21.85,9.99,994.0,15.0,0.0,0.0,0.0,0.0
23/06/2025,02:41:55,10.38,7.51,21.85,9.99,668.0,15.0,0.0,0.0,0.0,0.0
23/06/2025,02:47:43,10.37,7.51,21.85,9.99,885.0,15.0,0.0,0.0,0.0,0.0
23/06/2025,02:53:29,10.38,7.51,21.85,9.99,451.0,15.0,0.0,0.0,0.0,0.0
23/06/2025,02:59:16,10.39,7.52,21.85,9.99,668.0,15.0,0.0,0.0,0.0,0.0
23/06/2025,03:05:04,10.39,7.52,21.85,9.99,777.0,15.0,0.0,0.0,0.0,0.0
23/06/2025,03:10:50,10.39,7.51,21.85,9.99,560.0,15.0,0.0,0.0,0.0,0.0
23/06/2025,03:16:37,10.39,7.51,21.85,9.99,777.0,15.0,0.0,0.0,0.0,0.0
23/06/2025,03:22:25,10.39,7.52,21.85,9.99,234.0,15.0,0.0,0.0,0.0,0.0
23/06/2025,03:28:11,10.39,7.52,21.85,9.99,885.0,15.0,0.0,0.0,0.0,0.0
23/06/2025,03:33:58,10.39,7.53,21.85,9.99,668.0,15.0,0.0,0.0,0.0,0.0
23/06/2025,03:39:46,10.39,7.52,21.85,9.99,668.0,15.0,0.0,0.0,0.0,0.0
23/06/2025,03:45:32,10.39,7.51,21.85,9.99,451.0,15.0,0.0,0.0,0.0,0.0
23/06/2025,03:51:19,10.38,7.53,21.83,9.99,777.0,15.0,0.0,0.0,0.0,0.0
23/06/2025,03:57:07,10.38,7.51,21.83,9.99,451.0,15.0,0.0,0.0,0.0,0.0
23/06/2025,04:02:53,10.39,7.53,21.83,9.99,668.0,15.0,0.0,0.0,0.0,0.0
23/06/2025,04:08:41,10.4,7.53,21.83,9.99,343.0,15.0,0.0,0.0,0.0,0.0
23/06/2025,04:14:28,10.4,7.53,21.83,9.99,668.0,15.0,0.0,0.0,0.0,0.0
23/06/2025,04:20:14,10.4,7.51,21.83,9.99,668.0,15.0,0.0,0.0,0.0,0.0
23/06/2025,04:26:02,10.4,7.52,21.83,9.99,560.0,15.0,0.0,0.0,0.0,0.0
23/06/2025,04:31:49,10.41,7.52,21.83,9.99,668.0,15.0,0.0,0.0,0.0,0.0
23/06/2025,04:37:35,10.41,7.53,21.83,9.99,777.0,15.0,0.0,0.0,0.0,0.0
23/06/2025,04:43:23,10.41,7.52,21.8,9.99,560.0,15.0,0.0,0.0,0.0,0.0
23/06/2025,04:49:09,10.4,7.53,21.8,9.99,560.0,15.0,0.0,0.0,0.0,0.0
23/06/2025,04:54:56,10.4,7.53,21.8,9.99,777.0,15.0,0.0,0.0,0.0,0.0
23/06/2025,05:00:44,10.41,7.54,21.8,9.99,668.0,15.0,0.0,0.0,0.0,0.0
23/06/2025,05:06:30,10.42,7.52,21.8,9.99,994.0,15.0,0.0,0.0,0.0,0.0
23/06/2025,05:12:17,10.42,7.54,21.8,9.99,885.0,15.0,0.0,0.0,0.0,0.0
23/06/2025,05:18:05,10.42,7.53,21.83,9.99,560.0,15.0,0.0,0.0,0.0,0.0
23/06/2025,05:23:51,10.42,7.53,21.8,9.99,777.0,15.0,0.0,0.0,0.0,0.0
23/06/2025,05:29:38,10.41,7.53,21.8,9.99,668.0,15.0,0.0,0.0,0.0,0.0
23/06/2025,05:35:26,10.4,7.54,21.8,9.99,668.0,15.0,0.0,0.0,0.0,0.0
23/06/2025,05:41:12,10.4,7.53,21.8,9.99,668.0,15.0,0.0,0.0,0.0,0.0
23/06/2025,05:46:59,10.4,7.52,21.8,9.99,451.0,15.0,0.0,0.0,0.0,0.0
23/06/2025,05:52:47,10.41,7.53,21.8,9.99,560.0,15.0,0.0,0.0,0.0,0.0
23/06/2025,05:58:33,10.41,7.51,21.8,9.99,343.0,15.0,0.0,0.0,0.0,0.0
23/06/2025,06:04:21,10.42,7.53,21.8,9.99,560.0,15.0,0.0,0.0,0.0,0.0
23/06/2025,06:10:08,10.41,7.53,21.8,9.99,994.0,15.0,0.0,0.0,0.0,0.0
23/06/2025,06:15:54,10.4,7.54,21.8,9.99,668.0,15.0,0.0,0.0,0.0,0.0
23/06/2025,06:21:42,10.4,7.53,21.8,9.99,343.0,15.0,0.0,0.0,0.0,0.0
23/06/2025,06:27:28,10.4,7.54,21.8,9.99,668.0,15.0,0.0,0.0,0.0,0.0
23/06/2025,06:33:15,10.4,7.52,21.8,9.99,451.0,15.0,0.0,0.0,0.0,0.0
23/06/2025,06:39:03,10.39,7.53,21.8,9.99,343.0,15.0,0.0,0.0,0.0,0.0
23/06/2025,06:44:49,10.39,7.54,21.8,9.99,234.0,15.0,0.0,0.0,0.0,0.0
23/06/2025,06:50:36,10.4,7.54,21.77,9.99,668.0,15.0,0.0,0.0,0.0,0.0
23/06/2025,06:56:24,10.38,7.56,21.77,9.99,343.0,15.0,0.0,0.0,0.0,0.0
23/06/2025,07:02:10,10.38,7.55,21.77,9.99,777.0,15.0,0.0,0.0,0.0,0.0
23/06/2025,07:07:57,10.39,7.53,21.77,9.99,560.0,15.0,0.0,0.0,0.0,0.0
23/06/2025,07:13:45,10.39,7.54,21.77,9.99,885.0,15.0,0.0,0.0,0.0,0.0
23/06/2025,07:19:31,10.39,7.53,21.77,9.99,668.0,15.0,0.0,0.0,0.0,0.0
23/06/2025,07:25:18,10.4,7.53,21.77,9.99,451.0,15.0,0.0,0.0,0.0,0.0
23/06/2025,07:31:06,10.4,7.54,21.77,9.99,560.0,15.0,0.0,0.0,0.0,0.0
23/06/2025,07:36:52,10.4,7.54,21.77,9.99,668.0,15.0,0.0,0.0,0.0,0.0
23/06/2025,07:42:39,10.39,7.53,21.8,9.99,560.0,15.0,0.0,0.0,0.0,0.0
23/06/2025,07:48:27,10.4,7.54,21.8,9.99,885.0,15.0,0.0,0.0,0.0,0.0
23/06/2025,07:54:13,10.39,7.54,21.8,9.99,560.0,15.0,0.0,0.0,0.0,0.0
23/06/2025,08:00:01,10.37,7.53,21.8,9.99,560.0,15.0,0.0,0.0,0.0,0.0
23/06/2025,08:05:48,10.36,7.54,21.8,9.99,343.0,15.0,0.0,0.0,0.0,0.0
23/06/2025,08:11:34,10.35,7.54,21.8,9.99,777.0,15.0,0.0,0.0,0.0,0.0
23/06/2025,08:17:22,10.33,7.55,21.8,9.99,234.0,15.0,0.0,0.0,0.0,0.0
23/06/2025,08:23:09,10.32,7.54,21.8,9.99,668.0,15.0,0.0,0.0,0.0,0.0
23/06/2025,08:28:55,10.31,7.54,21.8,9.99,560.0,15.0,0.0,0.0,0.0,0.0
23/06/2025,08:34:43,10.3,7.54,21.8,9.99,451.0,15.0,0.0,0.0,0.0,0.0
23/06/2025,08:40:30,10.3,7.53,21.8,9.99,994.0,15.0,0.0,0.0,0.0,0.0
23/06/2025,08:46:16,10.31,7.54,21.8,9.99,668.0,15.0,0.0,0.0,0.0,0.0
23/06/2025,08:52:04,10.31,7.54,21.8,9.99,451.0,15.0,0.0,0.0,0.0,0.0
23/06/2025,08:57:51,10.31,7.56,21.8,9.99,343.0,15.0,0.0,0.0,0.0,0.0
23/06/2025,09:03:37,10.32,7.56,21.8,9.99,668.0,15.0,0.0,0.0,0.0,0.0
23/06/2025,09:09:25,10.32,7.54,21.8,9.99,560.0,15.0,0.0,0.0,0.0,0.0
23/06/2025,09:15:12,10.33,7.55,21.83,9.99,234.0,15.0,0.0,0.0,0.0,0.0
23/06/2025,09:20:58,10.33,7.57,21.85,9.99,668.0,15.0,0.0,0.0,0.0,0.0
23/06/2025,09:26:46,10.32,7.54,21.85,9.99,234.0,15.0,0.0,0.0,0.0,0.0
23/06/2025,09:32:33,10.31,7.54,21.85,9.99,777.0,15.0,0.0,0.0,0.0,0.0
23/06/2025,09:38:19,10.31,7.53,21.88,9.99,777.0,15.0,0.0,0.0,0.0,0.0
23/06/2025,09:44:07,10.3,7.54,21.88,9.99,126.0,15.0,0.0,0.0,0.0,0.0
23/06/2025,09:49:54,10.3,7.53,21.88,9.99,343.0,15.0,0.0,0.0,0.0,0.0
23/06/2025,09:55:40,10.31,7.54,21.88,9.99,126.0,15.0,0.0,0.0,0.0,0.0
23/06/2025,10:01:28,10.31,7.53,21.88,9.99,885.0,15.0,0.0,0.0,0.0,0.0
23/06/2025,10:07:14,10.31,7.52,21.88,9.99,777.0,15.0,0.0,0.0,0.0,0.0
23/06/2025,10:13:02,10.31,7.51,21.88,9.99,343.0,15.0,0.0,0.0,0.0,0.0
23/06/2025,10:18:49,10.3,7.53,21.91,9.99,668.0,15.0,0.0,0.0,0.0,0.0
23/06/2025,10:24:35,10.3,7.52,21.91,9.99,668.0,15.0,0.0,0.0,0.0,0.0
23/06/2025,10:30:23,10.31,7.52,21.91,9.99,560.0,15.0,0.0,0.0,0.0,0.0
23/06/2025,10:36:10,10.3,7.53,21.91,9.99,560.0,15.0,0.0,0.0,0.0,0.0
23/06/2025,10:41:56,10.3,7.52,21.91,9.99,560.0,15.0,0.0,0.0,0.0,0.0
23/06/2025,10:47:44,10.31,7.52,21.91,9.99,343.0,15.0,0.0,0.0,0.0,0.0
23/06/2025,10:53:30,10.3,7.53,21.91,9.99,885.0,15.0,0.0,0.0,0.0,0.0
23/06/2025,10:59:17,10.39,7.48,21.91,9.99,668.0,15.0,0.0,0.0,0.0,0.0
23/06/2025,11:05:05,10.31,7.5,21.91,9.99,-200.0,15.0,0.0,0.0,0.0,0.0
23/06/2025,11:10:51,10.28,7.53,21.91,9.99,234.0,15.0,0.0,0.0,0.0,0.0
23/06/2025,11:16:38,10.28,7.51,21.91,9.99,560.0,15.0,0.0,0.0,0.0,0.0
23/06/2025,11:22:26,10.28,7.52,21.91,9.99,343.0,25.0,0.0,0.0,0.0,0.0
23/06/2025,11:28:12,10.29,7.52,21.91,9.99,343.0,25.0,0.0,0.0,0.0,0.0
23/06/2025,11:33:59,10.3,7.51,21.91,9.99,668.0,25.0,0.0,0.0,0.0,0.0
23/06/2025,11:39:47,10.32,7.51,21.91,9.99,126.0,25.0,0.0,0.0,0.0,0.0
23/06/2025,11:45:33,10.29,7.51,21.91,9.99,343.0,25.0,0.0,0.0,0.0,0.0
23/06/2025,11:51:20,10.28,7.52,21.91,9.99,885.0,25.0,0.0,0.0,0.0,0.0
23/06/2025,11:57:08,10.3,7.5,21.91,9.99,451.0,25.0,0.0,0.0,0.0,0.0
23/06/2025,12:02:54,10.3,7.5,21.91,9.99,343.0,25.0,0.0,0.0,0.0,0.0
23/06/2025,12:08:42,10.31,7.5,21.91,9.99,560.0,25.0,0.0,0.0,0.0,0.0
23/06/2025,12:14:29,10.32,7.48,21.91,9.99,668.0,25.0,0.0,0.0,0.0,0.0
23/06/2025,12:20:15,10.33,7.48,21.91,9.99,17.0,25.0,0.0,0.0,0.0,0.0
23/06/2025,12:26:03,10.33,7.48,21.93,9.99,560.0,25.0,0.0,0.0,0.0,0.0
23/06/2025,12:31:50,10.33,7.49,21.93,9.99,343.0,25.0,0.0,0.0,0.0,0.0
23/06/2025,12:37:36,10.33,7.48,21.93,9.99,885.0,25.0,0.0,0.0,0.0,0.0
23/06/2025,12:43:24,10.49,7.47,21.96,9.99,343.0,25.0,0.0,0.0,0.0,0.0
23/06/2025,12:49:11,10.38,7.49,21.99,9.99,560.0,25.0,0.0,0.0,0.0,0.0
23/06/2025,12:54:57,10.34,7.47,21.99,9.99,668.0,25.0,0.0,0.0,0.0,0.0
23/06/2025,13:00:45,10.33,7.48,22.01,9.99,560.0,25.0,0.0,0.0,0.0,0.0
23/06/2025,13:06:31,10.33,7.47,22.01,9.99,668.0,25.0,0.0,0.0,0.0,0.0
23/06/2025,13:12:18,10.32,7.48,22.04,9.99,451.0,25.0,0.0,0.0,0.0,0.0
23/06/2025,13:18:06,10.32,7.46,22.04,9.99,343.0,25.0,0.0,0.0,0.0,0.0
23/06/2025,13:23:52,10.33,7.46,22.1,9.99,451.0,25.0,0.0,0.0,0.0,0.0
23/06/2025,13:29:39,10.33,7.46,22.12,9.99,560.0,25.0,0.0,0.0,0.0,0.0
23/06/2025,13:35:27,10.34,7.47,22.12,9.99,17.0,25.0,0.0,0.0,0.0,0.0
23/06/2025,13:41:13,10.33,7.46,22.15,9.99,-91.0,25.0,0.0,0.0,0.0,0.0
23/06/2025,13:47:00,10.33,7.47,22.18,9.99,668.0,25.0,0.0,0.0,0.0,0.0
23/06/2025,13:52:47,10.34,7.46,22.2,9.99,451.0,25.0,0.0,0.0,0.0,0.0
23/06/2025,13:58:34,10.33,7.45,22.23,9.99,560.0,25.0,0.0,0.0,0.0,0.0
23/06/2025,14:04:22,10.34,7.45,22.23,9.99,343.0,25.0,0.0,0.0,0.0,0.0
23/06/2025,14:10:08,10.34,7.47,22.26,9.99,451.0,25.0,0.0,0.0,0.0,0.0
23/06/2025,14:15:55,10.34,7.45,22.26,9.99,126.0,25.0,0.0,0.0,0.0,0.0
23/06/2025,14:21:43,10.35,7.45,22.28,9.99,560.0,25.0,0.0,0.0,0.0,0.0
23/06/2025,14:27:29,10.34,7.46,22.28,9.99,343.0,25.0,0.0,0.0,0.0,0.0
23/06/2025,14:33:16,10.35,7.46,22.34,9.99,668.0,25.0,0.0,0.0,0.0,0.0
23/06/2025,14:39:03,10.35,7.46,22.31,9.99,560.0,25.0,0.0,0.0,0.0,0.0
23/06/2025,14:44:50,10.35,7.45,22.34,9.99,560.0,25.0,0.0,0.0,0.0,0.0
23/06/2025,14:50:37,10.35,7.46,22.31,9.99,451.0,25.0,0.0,0.0,0.0,0.0
23/06/2025,14:56:24,10.35,7.45,22.34,9.99,777.0,25.0,0.0,0.0,0.0,0.0
23/06/2025,15:02:11,10.35,7.45,22.34,9.99,343.0,25.0,0.0,0.0,0.0,0.0
23/06/2025,15:07:57,10.36,7.45,22.34,9.99,343.0,25.0,0.0,0.0,0.0,0.0
23/06/2025,15:13:45,10.36,7.45,22.34,9.99,451.0,25.0,0.0,0.0,0.0,0.0
23/06/2025,15:19:32,10.36,7.46,22.34,9.99,234.0,25.0,0.0,0.0,0.0,0.0
23/06/2025,15:25:18,10.36,7.45,22.31,9.99,343.0,25.0,0.0,0.0,0.0,0.0
23/06/2025,15:31:06,10.36,7.46,22.31,9.99,234.0,25.0,0.0,0.0,0.0,0.0
23/06/2025,15:36:53,10.36,7.45,22.31,9.99,668.0,25.0,0.0,0.0,0.0,0.0
23/06/2025,15:42:39,10.36,7.43,22.31,9.99,17.0,25.0,0.0,0.0,0.0,0.0
23/06/2025,15:48:27,10.36,7.46,22.31,9.99,17.0,25.0,0.0,0.0,0.0,0.0
23/06/2025,15:54:13,10.36,7.45,22.31,9.99,234.0,25.0,0.0,0.0,0.0,0.0
23/06/2025,16:00:01,10.36,7.45,22.31,9.99,17.0,25.0,0.0,0.0,0.0,0.0
23/06/2025,16:05:48,10.35,7.47,22.31,9.99,234.0,25.0,0.0,0.0,0.0,0.0
23/06/2025,16:11:34,10.36,7.45,22.31,9.99,560.0,25.0,0.0,0.0,0.0,0.0
23/06/2025,16:17:22,10.35,7.46,22.28,9.99,668.0,25.0,0.0,0.0,0.0,0.0
23/06/2025,16:23:09,10.35,7.46,22.26,9.99,234.0,25.0,0.0,0.0,0.0,0.0
23/06/2025,16:28:55,10.38,7.48,22.26,9.99,885.0,25.0,0.0,0.0,0.0,0.0
23/06/2025,16:34:43,10.37,7.47,22.23,9.99,126.0,25.0,0.0,0.0,0.0,0.0
23/06/2025,16:40:29,10.37,7.45,22.2,9.99,777.0,25.0,0.0,0.0,0.0,0.0
23/06/2025,16:46:16,10.37,7.46,22.2,9.99,451.0,25.0,0.0,0.0,0.0,0.0
23/06/2025,16:52:04,10.37,7.48,22.2,9.99,451.0,25.0,0.0,0.0,0.0,0.0
23/06/2025,16:57:50,10.37,7.48,22.18,9.99,777.0,25.0,0.0,0.0,0.0,0.0
23/06/2025,17:03:37,10.37,7.48,22.18,9.99,560.0,25.0,0.0,0.0,0.0,0.0
23/06/2025,17:09:24,10.38,7.48,22.15,9.99,343.0,25.0,0.0,0.0,0.0,0.0
23/06/2025,17:15:11,10.38,7.48,22.12,9.99,234.0,25.0,0.0,0.0,0.0,0.0
23/06/2025,17:20:58,10.38,7.47,22.1,9.99,451.0,25.0,0.0,0.0,0.0,0.0
23/06/2025,17:26:45,10.38,7.5,22.07,9.99,343.0,25.0,0.0,0.0,0.0,0.0
23/06/2025,17:32:32,10.38,7.49,22.07,9.99,560.0,25.0,0.0,0.0,0.0,0.0
23/06/2025,17:38:18,10.38,7.48,22.07,9.99,126.0,25.0,0.0,0.0,0.0,0.0
23/06/2025,17:44:06,10.38,7.48,22.04,9.99,560.0,25.0,0.0,0.0,0.0,0.0
23/06/2025,17:49:53,10.37,7.5,22.01,9.99,560.0,25.0,0.0,0.0,0.0,0.0
23/06/2025,17:55:39,10.37,7.49,22.01,9.99,234.0,25.0,0.0,0.0,0.0,0.0
23/06/2025,18:01:27,10.37,7.48,22.01,9.99,343.0,25.0,0.0,0.0,0.0,0.0
23/06/2025,18:07:13,10.38,7.49,22.01,9.99,-200.0,25.0,0.0,0.0,0.0,0.0
23/06/2025,18:13:01,10.38,7.49,21.99,9.99,560.0,25.0,0.0,0.0,0.0,0.0
23/06/2025,18:18:48,10.38,7.5,22.01,9.99,560.0,25.0,0.0,0.0,0.0,0.0
23/06/2025,18:24:34,10.38,7.5,21.99,9.99,-200.0,25.0,0.0,0.0,0.0,0.0
23/06/2025,18:30:22,10.38,7.5,21.96,9.99,668.0,25.0,0.0,0.0,0.0,0.0
23/06/2025,18:36:08,10.38,7.49,21.96,9.99,777.0,25.0,0.0,0.0,0.0,0.0
23/06/2025,18:41:55,10.38,7.5,21.96,9.99,234.0,25.0,0.0,0.0,0.0,0.0
23/06/2025,18:47:43,10.38,7.48,21.96,9.99,451.0,25.0,0.0,0.0,0.0,0.0
23/06/2025,18:53:29,10.39,7.49,21.96,9.99,451.0,25.0,0.0,0.0,0.0,0.0
23/06/2025,18:59:16,10.38,7.49,21.96,9.99,560.0,25.0,0.0,0.0,0.0,0.0
23/06/2025,19:05:04,10.38,7.48,21.96,9.99,668.0,25.0,0.0,0.0,0.0,0.0
23/06/2025,19:10:50,10.38,7.5,21.96,9.99,560.0,25.0,0.0,0.0,0.0,0.0
23/06/2025,19:16:37,10.38,7.49,21.96,9.99,451.0,25.0,0.0,0.0,0.0,0.0
23/06/2025,19:22:24,10.37,7.48,21.96,9.99,451.0,25.0,0.0,0.0,0.0,0.0
23/06/2025,19:28:11,10.37,7.5,21.96,9.99,451.0,25.0,0.0,0.0,0.0,0.0
23/06/2025,19:33:58,10.38,7.5,21.96,9.99,560.0,25.0,0.0,0.0,0.0,0.0
23/06/2025,19:39:45,10.38,7.49,21.96,9.99,451.0,25.0,0.0,0.0,0.0,0.0
23/06/2025,19:45:32,10.39,7.5,21.96,9.99,126.0,25.0,0.0,0.0,0.0,0.0
23/06/2025,19:51:18,10.38,7.51,21.96,9.99,126.0,25.0,0.0,0.0,0.0,0.0
23/06/2025,19:57:06,10.38,7.51,21.93,9.99,343.0,25.0,0.0,0.0,0.0,0.0
23/06/2025,20:02:53,10.38,7.5,21.93,9.99,126.0,25.0,0.0,0.0,0.0,0.0
23/06/2025,20:08:40,10.38,7.5,21.96,9.99,126.0,25.0,0.0,0.0,0.0,0.0
23/06/2025,20:14:27,10.39,7.49,21.96,9.99,451.0,25.0,0.0,0.0,0.0,0.0
23/06/2025,20:20:14,10.38,7.49,21.96,9.99,343.0,25.0,0.0,0.0,0.0,0.0
23/06/2025,20:26:01,10.39,7.51,21.96,9.99,777.0,25.0,0.0,0.0,0.0,0.0
23/06/2025,20:31:48,10.39,7.5,21.99,9.99,343.0,25.0,0.0,0.0,0.0,0.0
23/06/2025,20:37:34,10.38,7.5,21.99,9.99,-200.0,25.0,0.0,0.0,0.0,0.0
23/06/2025,20:43:22,10.38,7.48,21.99,9.99,560.0,25.0,0.0,0.0,0.0,0.0
23/06/2025,20:49:09,10.39,7.51,22.01,9.99,668.0,25.0,0.0,0.0,0.0,0.0
23/06/2025,20:54:55,10.38,7.5,22.01,9.99,777.0,25.0,0.0,0.0,0.0,0.0
23/06/2025,21:00:43,10.38,7.48,22.01,9.99,126.0,25.0,0.0,0.0,0.0,0.0
23/06/2025,21:06:29,10.38,7.49,22.04,9.99,343.0,25.0,0.0,0.0,0.0,0.0
23/06/2025,21:12:16,10.39,7.49,22.04,9.99,560.0,25.0,0.0,0.0,0.0,0.0
23/06/2025,21:18:04,10.39,7.5,22.04,9.99,777.0,25.0,0.0,0.0,0.0,0.0
23/06/2025,21:23:50,10.38,7.47,22.07,9.99,777.0,25.0,0.0,0.0,0.0,0.0
23/06/2025,21:29:37,10.38,7.47,22.1,9.99,560.0,25.0,0.0,0.0,0.0,0.0
23/06/2025,21:35:24,10.39,7.49,22.12,9.99,668.0,25.0,0.0,0.0,0.0,0.0
23/06/2025,21:41:11,10.39,7.5,22.15,9.99,234.0,25.0,0.0,0.0,0.0,0.0
23/06/2025,21:46:58,10.39,7.5,22.12,9.99,234.0,25.0,0.0,0.0,0.0,0.0
23/06/2025,21:52:45,10.4,7.49,22.15,9.99,451.0,25.0,0.0,0.0,0.0,0.0
23/06/2025,21:58:32,10.4,7.49,22.15,9.99,560.0,25.0,0.0,0.0,0.0,0.0
23/06/2025,22:04:20,10.4,7.49,22.15,9.99,451.0,25.0,0.0,0.0,0.0,0.0
23/06/2025,22:10:06,10.39,7.47,22.12,9.99,560.0,25.0,0.0,0.0,0.0,0.0
23/06/2025,22:15:53,10.39,7.46,22.07,9.99,668.0,25.0,0.0,0.0,0.0,0.0
23/06/2025,22:21:40,10.4,7.45,22.01,9.99,451.0,25.0,0.0,0.0,0.0,0.0
23/06/2025,22:27:27,10.4,7.46,21.96,9.99,-91.0,25.0,0.0,0.0,0.0,0.0
23/06/2025,22:33:14,10.39,7.46,21.96,9.99,668.0,25.0,0.0,0.0,0.0,0.0
23/06/2025,22:39:01,10.4,7.47,21.93,9.99,451.0,25.0,0.0,0.0,0.0,0.0
23/06/2025,22:44:48,10.4,7.49,21.91,9.99,343.0,25.0,0.0,0.0,0.0,0.0
23/06/2025,22:50:34,10.39,7.48,21.91,9.99,234.0,25.0,0.0,0.0,0.0,0.0
23/06/2025,22:56:22,10.4,7.47,21.91,9.99,668.0,25.0,0.0,0.0,0.0,0.0
23/06/2025,23:02:09,10.39,7.49,21.91,9.99,343.0,25.0,0.0,0.0,0.0,0.0
23/06/2025,23:07:55,10.39,7.49,21.91,9.99,451.0,25.0,0.0,0.0,0.0,0.0
23/06/2025,23:13:43,10.39,7.5,21.91,9.99,17.0,25.0,0.0,0.0,0.0,0.0
23/06/2025,23:19:29,10.39,7.49,21.91,9.99,560.0,25.0,0.0,0.0,0.0,0.0
23/06/2025,23:25:16,10.4,7.52,21.91,9.99,234.0,25.0,0.0,0.0,0.0,0.0
23/06/2025,23:31:04,10.39,7.53,21.91,9.99,343.0,25.0,0.0,0.0,0.0,0.0
23/06/2025,23:36:50,10.4,7.53,21.91,9.99,343.0,25.0,0.0,0.0,0.0,0.0
23/06/2025,23:42:37,10.4,7.52,21.91,9.99,451.0,25.0,0.0,0.0,0.0,0.0
23/06/2025,23:48:24,10.39,7.52,21.91,9.99,343.0,25.0,0.0,0.0,0.0,0.0
23/06/2025,23:54:11,10.39,7.54,21.91,9.99,343.0,25.0,0.0,0.0,0.0,0.0
23/06/2025,23:59:59,10.39,7.53,21.91,9.99,451.0,25.0,0.0,0.0,0.0,0.0
24/06/2025,00:00:00,10.39,7.53,21.91,9.99,560.0,25.0,0.0,0.0,0.0,0.0
24/06/2025,00:05:46,10.39,7.53,21.91,9.99,560.0,25.0,0.0,0.0,0.0,0.0
24/06/2025,00:11:33,10.4,7.53,21.91,9.99,560.0,25.0,0.0,0.0,0.0,0.0
24/06/2025,00:17:20,10.39,7.52,21.91,9.99,451.0,25.0,0.0,0.0,0.0,0.0
24/06/2025,00:23:07,10.4,7.53,21.88,9.99,560.0,25.0,0.0,0.0,0.0,0.0
24/06/2025,00:28:54,10.4,7.53,21.88,9.99,668.0,25.0,0.0,0.0,0.0,0.0
24/06/2025,00:34:41,10.4,7.53,21.88,9.99,668.0,25.0,0.0,0.0,0.0,0.0
24/06/2025,00:40:28,10.4,7.54,21.88,9.99,126.0,25.0,0.0,0.0,0.0,0.0
24/06/2025,00:46:14,10.41,7.54,21.88,9.99,451.0,25.0,0.0,0.0,0.0,0.0
24/06/2025,00:52:02,10.41,7.55,21.88,9.99,343.0,25.0,0.0,0.0,0.0,0.0
24/06/2025,00:57:49,10.41,7.55,21.88,9.99,126.0,25.0,0.0,0.0,0.0,0.0
24/06/2025,01:03:36,10.41,7.56,21.88,9.99,451.0,25.0,0.0,0.0,0.0,0.0
24/06/2025,01:09:23,10.4,7.55,21.88,9.99,560.0,25.0,0.0,0.0,0.0,0.0
24/06/2025,01:15:09,10.41,7.55,21.88,9.99,668.0,25.0,0.0,0.0,0.0,0.0
24/06/2025,01:20:57,10.41,7.56,21.88,9.99,451.0,25.0,0.0,0.0,0.0,0.0
24/06/2025,01:26:44,10.41,7.57,21.85,9.99,560.0,25.0,0.0,0.0,0.0,0.0
24/06/2025,01:32:30,10.42,7.56,21.85,9.99,560.0,25.0,0.0,0.0,0.0,0.0
24/06/2025,01:38:18,10.42,7.55,21.85,9.99,343.0,25.0,0.0,0.0,0.0,0.0
24/06/2025,01:44:04,10.43,7.57,21.85,9.99,668.0,25.0,0.0,0.0,0.0,0.0
24/06/2025,01:49:52,10.42,7.57,21.85,9.99,777.0,25.0,0.0,0.0,0.0,0.0
24/06/2025,01:55:39,10.43,7.57,21.83,9.99,451.0,25.0,0.0,0.0,0.0,0.0
24/06/2025,02:01:25,10.43,7.58,21.83,9.99,668.0,25.0,0.0,0.0,0.0,0.0
24/06/2025,02:07:13,10.44,7.57,21.83,9.99,560.0,25.0,0.0,0.0,0.0,0.0
24/06/2025,02:12:59,10.44,7.57,21.8,9.99,777.0,25.0,0.0,0.0,0.0,0.0
24/06/2025,02:18:46,10.46,7.58,21.8,9.99,451.0,25.0,0.0,0.0,0.0,0.0
24/06/2025,02:24:34,10.45,7.57,21.8,9.99,343.0,25.0,0.0,0.0,0.0,0.0
24/06/2025,02:30:20,10.45,7.58,21.77,9.99,668.0,25.0,0.0,0.0,0.0,0.0
24/06/2025,02:36:08,10.45,7.56,21.77,9.99,668.0,25.0,0.0,0.0,0.0,0.0
24/06/2025,02:41:54,10.45,7.58,21.77,9.99,560.0,25.0,0.0,0.0,0.0,0.0
24/06/2025,02:47:41,10.45,7.58,21.75,9.99,343.0,25.0,0.0,0.0,0.0,0.0
24/06/2025,02:53:29,10.46,7.57,21.75,9.99,668.0,25.0,0.0,0.0,0.0,0.0
24/06/2025,02:59:15,10.47,7.56,21.75,9.99,777.0,25.0,0.0,0.0,0.0,0.0
24/06/2025,03:05:02,10.46,7.6,21.72,9.99,668.0,25.0,0.0,0.0,0.0,0.0
24/06/2025,03:10:49,10.47,7.58,21.72,9.99,343.0,25.0,0.0,0.0,0.0,0.0
24/06/2025,03:16:36,10.47,7.59,21.72,9.99,234.0,25.0,0.0,0.0,0.0,0.0
24/06/2025,03:22:24,10.46,7.58,21.69,9.99,451.0,25.0,0.0,0.0,0.0,0.0
24/06/2025,03:28:10,10.46,7.58,21.69,9.99,343.0,25.0,0.0,0.0,0.0,0.0
24/06/2025,03:33:57,10.46,7.59,21.69,9.99,234.0,25.0,0.0,0.0,0.0,0.0
24/06/2025,03:39:44,10.46,7.58,21.69,9.99,451.0,25.0,0.0,0.0,0.0,0.0
24/06/2025,03:45:31,10.45,7.58,21.69,9.99,451.0,25.0,0.0,0.0,0.0,0.0
24/06/2025,03:51:18,10.45,7.59,21.64,9.99,668.0,25.0,0.0,0.0,0.0,0.0
24/06/2025,03:57:05,10.45,7.59,21.64,9.99,451.0,25.0,0.0,0.0,0.0,0.0
24/06/2025,04:02:52,10.44,7.59,21.64,9.99,451.0,25.0,0.0,0.0,0.0,0.0
24/06/2025,04:08:40,10.44,7.58,21.64,9.99,560.0,25.0,0.0,0.0,0.0,0.0
24/06/2025,04:14:26,10.43,7.6,21.64,9.99,560.0,25.0,0.0,0.0,0.0,0.0
24/06/2025,04:20:13,10.43,7.6,21.64,9.99,343.0,25.0,0.0,0.0,0.0,0.0
24/06/2025,04:26:00,10.43,7.58,21.64,9.99,126.0,25.0,0.0,0.0,0.0,0.0
24/06/2025,04:31:47,10.43,7.58,21.64,9.99,451.0,25.0,0.0,0.0,0.0,0.0
24/06/2025,04:37:34,10.43,7.6,21.64,9.99,343.0,25.0,0.0,0.0,0.0,0.0
24/06/2025,04:43:21,10.43,7.59,21.61,9.99,451.0,25.0,0.0,0.0,0.0,0.0
24/06/2025,04:49:08,10.44,7.59,21.61,9.99,343.0,25.0,0.0,0.0,0.0,0.0
24/06/2025,04:54:55,10.43,7.6,21.61,9.99,1102.0,25.0,0.0,0.0,0.0,0.0
24/06/2025,05:00:42,10.43,7.59,21.61,9.99,668.0,25.0,0.0,0.0,0.0,0.0
24/06/2025,05:06:29,10.44,7.6,21.61,9.99,343.0,25.0,0.0,0.0,0.0,0.0
24/06/2025,05:12:16,10.44,7.61,21.61,9.99,777.0,25.0,0.0,0.0,0.0,0.0
24/06/2025,05:18:03,10.45,7.59,21.61,9.99,234.0,25.0,0.0,0.0,0.0,0.0
24/06/2025,05:23:49,10.45,7.59,21.61,9.99,777.0,25.0,0.0,0.0,0.0,0.0
24/06/2025,05:29:37,10.45,7.6,21.58,9.99,560.0,25.0,0.0,0.0,0.0,0.0
24/06/2025,05:35:24,10.44,7.6,21.58,9.99,560.0,25.0,0.0,0.0,0.0,0.0
24/06/2025,05:41:11,10.44,7.59,21.58,9.99,560.0,25.0,0.0,0.0,0.0,0.0
24/06/2025,05:46:58,10.45,7.59,21.58,9.99,343.0,25.0,0.0,0.0,0.0,0.0
24/06/2025,05:52:44,10.44,7.61,21.58,9.99,234.0,25.0,0.0,0.0,0.0,0.0
24/06/2025,05:58:32,10.44,7.62,21.58,9.99,343.0,25.0,0.0,0.0,0.0,0.0
24/06/2025,06:04:19,10.44,7.6,21.58,9.99,343.0,25.0,0.0,0.0,0.0,0.0
24/06/2025,06:10:05,10.45,7.6,21.58,9.99,451.0,25.0,0.0,0.0,0.0,0.0
24/06/2025,06:15:53,10.45,7.6,21.58,9.99,560.0,25.0,0.0,0.0,0.0,0.0
24/06/2025,06:21:39,10.45,7.61,21.58,9.99,777.0,25.0,0.0,0.0,0.0,0.0
24/06/2025,06:27:27,10.46,7.6,21.56,9.99,17.0,25.0,0.0,0.0,0.0,0.0
24/06/2025,06:33:14,10.47,7.6,21.56,9.99,451.0,25.0,0.0,0.0,0.0,0.0
24/06/2025,06:39:00,10.47,7.6,21.56,9.99,343.0,25.0,0.0,0.0,0.0,0.0
24/06/2025,06:44:48,10.47,7.61,21.56,9.99,668.0,25.0,0.0,0.0,0.0,0.0
24/06/2025,06:50:34,10.48,7.59,21.56,9.99,343.0,25.0,0.0,0.0,0.0,0.0
24/06/2025,06:56:21,10.47,7.61,21.56,9.99,451.0,25.0,0.0,0.0,0.0,0.0
24/06/2025,07:02:09,10.47,7.61,21.56,9.99,560.0,25.0,0.0,0.0,0.0,0.0
24/06/2025,07:07:55,10.47,7.6,21.56,9.99,234.0,25.0,0.0,0.0,0.0,0.0
24/06/2025,07:13:43,10.47,7.61,21.56,9.99,343.0,25.0,0.0,0.0,0.0,0.0
24/06/2025,07:19:29,10.47,7.61,21.53,9.99,668.0,25.0,0.0,0.0,0.0,0.0
24/06/2025,07:25:16,10.47,7.61,21.53,9.99,126.0,25.0,0.0,0.0,0.0,0.0
24/06/2025,07:31:03,10.46,7.61,21.53,9.99,234.0,25.0,0.0,0.0,0.0,0.0
24/06/2025,07:36:50,10.47,7.6,21.53,9.99,234.0,25.0,0.0,0.0,0.0,0.0
24/06/2025,07:42:37,10.47,7.62,21.56,9.99,343.0,25.0,0.0,0.0,0.0,0.0
24/06/2025,07:48:24,10.47,7.63,21.53,9.99,668.0,25.0,0.0,0.0,0.0,0.0
24/06/2025,07:54:11,10.46,7.61,21.53,9.99,560.0,25.0,0.0,0.0,0.0,0.0
24/06/2025,07:59:59,10.46,7.63,21.53,9.99,560.0,25.0,0.0,0.0,0.0,0.0
24/06/2025,08:05:45,10.46,7.63,21.53,9.99,343.0,25.0,0.0,0.0,0.0,0.0
24/06/2025,08:11:32,10.46,7.62,21.53,9.99,234.0,25.0,0.0,0.0,0.0,0.0
24/06/2025,08:17:19,10.47,7.63,21.48,9.99,451.0,25.0,0.0,0.0,0.0,0.0
24/06/2025,08:23:06,10.47,7.62,21.48,9.99,668.0,25.0,0.0,0.0,0.0,0.0
24/06/2025,08:28:53,10.47,7.62,21.42,9.99,777.0,25.0,0.0,0.0,0.0,0.0
24/06/2025,08:34:40,10.46,7.62,21.42,9.99,343.0,25.0,0.0,0.0,0.0,0.0
24/06/2025,08:40:27,10.46,7.63,21.42,9.99,560.0,25.0,0.0,0.0,0.0,0.0
24/06/2025,08:46:13,10.46,7.62,21.42,9.99,126.0,25.0,0.0,0.0,0.0,0.0
24/06/2025,08:52:01,10.46,7.63,21.42,9.99,343.0,25.0,0.0,0.0,0.0,0.0
24/06/2025,08:57:48,10.46,7.64,21.42,9.99,560.0,25.0,0.0,0.0,0.0,0.0
24/06/2025,09:03:35,10.46,7.62,21.45,9.99,560.0,25.0,0.0,0.0,0.0,0.0
24/06/2025,09:09:22,10.46,7.63,21.61,9.99,17.0,25.0,0.0,0.0,0.0,0.0
24/06/2025,09:15:08,10.46,7.65,21.66,9.99,-91.0,25.0,0.0,0.0,0.0,0.0
24/06/2025,09:20:56,10.46,7.63,21.77,9.99,17.0,25.0,0.0,0.0,0.0,0.0
24/06/2025,09:26:43,10.47,7.63,21.8,9.99,777.0,25.0,0.0,0.0,0.0,0.0
24/06/2025,09:32:29,10.47,7.65,21.85,9.99,-91.0,25.0,0.0,0.0,0.0,0.0
24/06/2025,09:38:17,10.48,7.63,21.88,9.99,17.0,25.0,0.0,0.0,0.0,0.0
24/06/2025,09:44:04,10.48,7.61,21.88,9.99,343.0,25.0,0.0,0.0,0.0,0.0
24/06/2025,09:49:51,10.49,7.6,21.91,9.99,234.0,25.0,0.0,0.0,0.0,0.0
24/06/2025,09:55:38,10.48,7.61,21.91,9.99,343.0,25.0,0.0,0.0,0.0,0.0
24/06/2025,10:01:24,10.49,7.59,21.91,9.99,668.0,25.0,0.0,0.0,0.0,0.0
24/06/2025,10:07:12,10.5,7.62,21.91,9.99,451.0,25.0,0.0,0.0,0.0,0.0
24/06/2025,10:12:59,10.51,7.59,21.91,9.99,234.0,25.0,0.0,0.0,0.0,0.0
24/06/2025,10:18:45,10.51,7.59,21.91,9.99,451.0,25.0,0.0,0.0,0.0,0.0
24/06/2025,10:24:33,10.51,7.59,21.91,9.99,451.0,25.0,0.0,0.0,0.0,0.0
24/06/2025,10:30:20,10.51,7.57,21.91,9.99,668.0,25.0,0.0,0.0,0.0,0.0
24/06/2025,10:36:07,10.52,7.57,21.91,9.99,560.0,25.0,0.0,0.0,0.0,0.0
24/06/2025,10:41:54,10.52,7.54,21.91,9.99,-91.0,25.0,0.0,0.0,0.0,0.0
24/06/2025,10:47:41,10.52,7.56,21.93,9.99,17.0,25.0,0.0,0.0,0.0,0.0
24/06/2025,10:53:28,10.53,7.55,21.96,9.99,343.0,25.0,0.0,0.0,0.0,0.0
24/06/2025,10:59:15,10.55,7.55,21.96,9.99,234.0,25.0,0.0,0.0,0.0,0.0
24/06/2025,11:05:01,10.55,7.55,21.99,9.99,343.0,25.0,0.0,0.0,0.0,0.0
24/06/2025,11:10:49,10.55,7.55,22.04,9.99,126.0,25.0,0.0,0.0,0.0,0.0
24/06/2025,11:16:36,10.52,7.54,22.04,9.99,668.0,25.0,0.0,0.0,0.0,0.0
24/06/2025,11:22:23,10.49,7.53,22.12,9.99,-200.0,25.0,0.0,0.0,0.0,0.0
24/06/2025,11:28:10,10.45,7.53,22.2,9.99,17.0,25.0,0.0,0.0,0.0,0.0
24/06/2025,11:33:56,10.41,7.52,22.34,9.99,343.0,25.0,0.0,0.0,0.0,0.0
24/06/2025,11:39:44,10.38,7.5,22.58,9.99,234.0,25.0,0.0,0.0,0.0,0.0
24/06/2025,11:45:31,10.38,7.51,22.72,9.99,234.0,25.0,0.0,0.0,0.0,0.0
24/06/2025,11:51:17,10.46,7.51,22.85,9.99,451.0,25.0,0.0,0.0,0.0,0.0
24/06/2025,11:57:05,10.48,7.48,22.9,9.99,451.0,25.0,0.0,0.0,0.0,0.0
24/06/2025,12:02:52,10.51,7.5,22.93,9.99,668.0,25.0,0.0,0.0,0.0,0.0
24/06/2025,12:08:39,10.53,7.48,22.93,9.99,777.0,25.0,0.0,0.0,0.0,0.0
24/06/2025,12:14:26,10.54,7.49,22.96,9.99,234.0,25.0,0.0,0.0,0.0,0.0
24/06/2025,12:20:12,10.54,7.48,22.98,9.99,234.0,25.0,0.0,0.0,0.0,0.0
24/06/2025,12:26:00,10.53,7.48,22.98,9.99,343.0,25.0,0.0,0.0,0.0,0.0
24/06/2025,12:31:47,10.53,7.45,22.98,9.99,560.0,25.0,0.0,0.0,0.0,0.0
24/06/2025,12:37:33,10.54,7.47,22.98,9.99,234.0,25.0,0.0,0.0,0.0,0.0
24/06/2025,12:43:21,10.55,7.48,23.01,9.99,234.0,25.0,0.0,0.0,0.0,0.0
24/06/2025,12:49:07,10.54,7.46,23.01,9.99,343.0,25.0,0.0,0.0,0.0,0.0
24/06/2025,12:54:55,10.56,7.47,23.01,9.99,126.0,25.0,0.0,0.0,0.0,0.0
24/06/2025,13:00:42,10.57,7.46,23.01,9.99,560.0,25.0,0.0,0.0,0.0,0.0
24/06/2025,13:06:28,10.59,7.46,23.01,9.99,560.0,25.0,0.0,0.0,0.0,0.0
24/06/2025,13:12:16,10.57,7.46,23.04,9.99,126.0,25.0,0.0,0.0,0.0,0.0
24/06/2025,13:18:03,10.57,7.46,23.04,9.99,234.0,25.0,0.0,0.0,0.0,0.0
24/06/2025,13:23:49,10.58,7.47,23.04,9.99,343.0,25.0,0.0,0.0,0.0,0.0
24/06/2025,13:29:37,10.58,7.48,23.04,9.99,-308.0,25.0,0.0,0.0,0.0,0.0
24/06/2025,13:35:23,10.58,7.48,23.04,9.99,777.0,25.0,0.0,0.0,0.0,0.0
24/06/2025,13:41:11,10.58,7.47,23.04,9.99,560.0,25.0,0.0,0.0,0.0,0.0
24/06/2025,13:46:58,10.59,7.47,23.04,9.99,234.0,25.0,0.0,0.0,0.0,0.0
24/06/2025,13:52:44,10.59,7.47,23.04,9.99,668.0,25.0,0.0,0.0,0.0,0.0
24/06/2025,13:58:32,10.59,7.46,23.04,9.99,451.0,25.0,0.0,0.0,0.0,0.0
24/06/2025,14:04:18,10.6,7.44,23.04,9.99,17.0,25.0,0.0,0.0,0.0,0.0
24/06/2025,14:10:05,10.59,7.46,23.04,9.99,451.0,25.0,0.0,0.0,0.0,0.0
24/06/2025,14:15:53,10.6,7.47,23.04,9.99,451.0,25.0,0.0,0.0,0.0,0.0
24/06/2025,14:21:39,10.6,7.47,23.04,9.99,560.0,25.0,0.0,0.0,0.0,0.0
24/06/2025,14:27:27,10.59,7.48,23.04,9.99,668.0,25.0,0.0,0.0,0.0,0.0
24/06/2025,14:33:13,10.59,7.46,23.04,9.99,560.0,25.0,0.0,0.0,0.0,0.0
24/06/2025,14:39:00,10.59,7.46,23.04,9.99,343.0,25.0,0.0,0.0,0.0,0.0
24/06/2025,14:44:48,10.59,7.46,23.04,9.99,126.0,25.0,0.0,0.0,0.0,0.0
24/06/2025,14:50:34,10.59,7.46,23.04,9.99,668.0,25.0,0.0,0.0,0.0,0.0
24/06/2025,14:56:21,10.57,7.46,23.04,9.99,343.0,25.0,0.0,0.0,0.0,0.0
24/06/2025,15:02:08,10.57,7.47,23.04,9.99,668.0,25.0,0.0,0.0,0.0,0.0
24/06/2025,15:07:55,10.56,7.47,23.04,9.99,668.0,25.0,0.0,0.0,0.0,0.0
24/06/2025,15:13:43,10.55,7.46,23.04,9.99,343.0,25.0,0.0,0.0,0.0,0.0
24/06/2025,15:19:29,10.55,7.46,23.04,9.99,-91.0,25.0,0.0,0.0,0.0,0.0
24/06/2025,15:25:16,10.55,7.45,23.07,9.99,234.0,25.0,0.0,0.0,0.0,0.0
24/06/2025,15:31:04,10.55,7.47,23.07,9.99,-308.0,25.0,0.0,0.0,0.0,0.0
24/06/2025,15:36:50,10.55,7.46,23.07,9.99,17.0,25.0,0.0,0.0,0.0,0.0
24/06/2025,15:42:37,10.55,7.47,23.07,9.99,126.0,25.0,0.0,0.0,0.0,0.0
24/06/2025,15:48:25,10.55,7.48,23.07,9.99,17.0,25.0,0.0,0.0,0.0,0.0
24/06/2025,15:54:11,10.56,7.46,23.07,9.99,-200.0,25.0,0.0,0.0,0.0,0.0
24/06/2025,15:59:59,10.56,7.45,23.07,9.99,17.0,25.0,0.0,0.0,0.0,0.0
24/06/2025,16:05:45,10.56,7.46,23.07,9.99,560.0,25.0,0.0,0.0,0.0,0.0
24/06/2025,16:11:32,10.56,7.47,23.07,9.99,451.0,25.0,0.0,0.0,0.0,0.0
24/06/2025,16:17:20,10.55,7.46,23.07,9.99,343.0,25.0,0.0,0.0,0.0,0.0
24/06/2025,16:23:06,10.56,7.48,23.07,9.99,668.0,25.0,0.0,0.0,0.0,0.0
24/06/2025,16:28:53,10.55,7.47,23.07,9.99,126.0,25.0,0.0,0.0,0.0,0.0
24/06/2025,16:34:40,10.55,7.45,23.07,9.99,451.0,25.0,0.0,0.0,0.0,0.0
24/06/2025,16:40:27,10.63,7.45,23.09,9.99,451.0,25.0,0.0,0.0,0.0,0.0
24/06/2025,16:46:14,10.6,7.46,23.09,9.99,17.0,25.0,0.0,0.0,0.0,0.0
24/06/2025,16:52:01,10.51,7.45,23.09,9.99,777.0,25.0,0.0,0.0,0.0,0.0
24/06/2025,16:57:48,10.86,7.45,23.07,9.99,126.0,25.0,0.0,0.0,0.0,0.0
24/06/2025,17:03:36,10.64,7.46,23.07,9.99,668.0,25.0,0.0,0.0,0.0,0.0
24/06/2025,17:09:22,10.57,7.47,23.07,9.99,343.0,25.0,0.0,0.0,0.0,0.0
24/06/2025,17:15:09,10.54,7.48,23.07,9.99,451.0,25.0,0.0,0.0,0.0,0.0
24/06/2025,17:20:56,10.53,7.47,23.07,9.99,343.0,25.0,0.0,0.0,0.0,0.0
24/06/2025,17:26:43,10.54,7.48,23.07,9.99,-91.0,25.0,0.0,0.0,0.0,0.0
24/06/2025,17:32:30,10.54,7.46,23.07,9.99,343.0,25.0,0.0,0.0,0.0,0.0
24/06/2025,17:38:17,10.55,7.47,23.07,9.99,343.0,25.0,0.0,0.0,0.0,0.0
24/06/2025,17:44:04,10.56,7.48,23.07,9.99,560.0,25.0,0.0,0.0,0.0,0.0
24/06/2025,17:49:51,10.57,7.47,23.07,9.99,668.0,25.0,0.0,0.0,0.0,0.0
24/06/2025,17:55:38,10.57,7.5,23.07,9.99,234.0,25.0,0.0,0.0,0.0,0.0
24/06/2025,18:01:25,10.58,7.46,23.07,9.99,234.0,25.0,0.0,0.0,0.0,0.0
24/06/2025,18:07:12,10.58,7.49,23.07,9.99,560.0,25.0,0.0,0.0,0.0,0.0
24/06/2025,18:12:59,10.59,7.49,23.07,9.99,451.0,25.0,0.0,0.0,0.0,0.0
24/06/2025,18:18:45,10.59,7.48,23.07,9.99,451.0,25.0,0.0,0.0,0.0,0.0
24/06/2025,18:24:33,10.58,7.49,23.07,9.99,234.0,25.0,0.0,0.0,0.0,0.0
24/06/2025,18:30:20,10.57,7.48,23.07,9.99,343.0,25.0,0.0,0.0,0.0,0.0
24/06/2025,18:36:07,10.57,7.48,23.07,9.99,668.0,25.0,0.0,0.0,0.0,0.0
24/06/2025,18:41:54,10.56,7.48,23.04,9.99,451.0,25.0,0.0,0.0,0.0,0.0
24/06/2025,18:47:41,10.56,7.49,23.04,9.99,451.0,25.0,0.0,0.0,0.0,0.0
24/06/2025,18:53:28,10.56,7.49,23.04,9.99,451.0,25.0,0.0,0.0,0.0,0.0
24/06/2025,18:59:15,10.57,7.48,23.04,9.99,-91.0,25.0,0.0,0.0,0.0,0.0
24/06/2025,19:05:01,10.57,7.49,23.04,9.99,668.0,25.0,0.0,0.0,0.0,0.0
24/06/2025,19:10:49,10.58,7.51,23.04,9.99,-200.0,25.0,0.0,0.0,0.0,0.0
24/06/2025,19:16:36,10.58,7.49,23.04,9.99,126.0,25.0,0.0,0.0,0.0,0.0
24/06/2025,19:22:23,10.58,7.47,23.04,9.99,668.0,25.0,0.0,0.0,0.0,0.0
24/06/2025,19:28:10,10.57,7.47,23.04,9.99,343.0,25.0,0.0,0.0,0.0,0.0
24/06/2025,19:33:56,10.57,7.5,23.04,9.99,126.0,25.0,0.0,0.0,0.0,0.0
24/06/2025,19:39:44,10.57,7.47,23.04,9.99,17.0,25.0,0.0,0.0,0.0,0.0
24/06/2025,19:45:31,10.56,7.49,23.04,9.99,343.0,25.0,0.0,0.0,0.0,0.0
24/06/2025,19:51:17,10.56,7.48,23.01,9.99,343.0,25.0,0.0,0.0,0.0,0.0
24/06/2025,19:57:05,10.55,7.5,23.01,9.99,17.0,25.0,0.0,0.0,0.0,0.0
24/06/2025,20:02:51,10.55,7.48,23.01,9.99,560.0,25.0,0.0,0.0,0.0,0.0
24/06/2025,20:08:39,10.55,7.5,23.01,9.99,-91.0,25.0,0.0,0.0,0.0,0.0
24/06/2025,20:14:26,10.54,7.49,23.01,9.99,343.0,25.0,0.0,0.0,0.0,0.0
24/06/2025,20:20:12,10.54,7.49,23.01,9.99,17.0,25.0,0.0,0.0,0.0,0.0
24/06/2025,20:26:00,10.54,7.51,22.98,9.99,-200.0,25.0,0.0,0.0,0.0,0.0
24/06/2025,20:31:47,10.52,7.5,22.98,9.99,560.0,25.0,0.0,0.0,0.0,0.0
24/06/2025,20:37:33,10.51,7.47,22.98,9.99,560.0,25.0,0.0,0.0,0.0,0.0
24/06/2025,20:43:21,10.53,7.5,22.98,9.99,-91.0,25.0,0.0,0.0,0.0,0.0
24/06/2025,20:49:07,10.53,7.48,22.98,9.99,451.0,25.0,0.0,0.0,0.0,0.0
24/06/2025,20:54:55,10.54,7.48,22.98,9.99,-91.0,25.0,0.0,0.0,0.0,0.0
24/06/2025,21:00:42,10.53,7.51,23.01,9.99,-91.0,25.0,0.0,0.0,0.0,0.0
24/06/2025,21:06:28,10.52,7.51,23.01,9.99,451.0,25.0,0.0,0.0,0.0,0.0
24/06/2025,21:12:16,10.52,7.5,23.01,9.99,343.0,25.0,0.0,0.0,0.0,0.0
24/06/2025,21:18:03,10.52,7.5,23.01,9.99,17.0,25.0,0.0,0.0,0.0,0.0
24/06/2025,21:23:49,10.52,7.49,23.01,9.99,17.0,25.0,0.0,0.0,0.0,0.0
24/06/2025,21:29:37,10.52,7.48,23.01,9.99,126.0,25.0,0.0,0.0,0.0,0.0
24/06/2025,21:35:23,10.52,7.49,23.04,9.99,451.0,25.0,0.0,0.0,0.0,0.0
24/06/2025,21:41:11,10.53,7.5,23.01,9.99,-91.0,25.0,0.0,0.0,0.0,0.0
24/06/2025,21:46:58,10.53,7.51,23.01,9.99,777.0,25.0,0.0,0.0,0.0,0.0
24/06/2025,21:52:44,10.53,7.49,23.01,9.99,560.0,25.0,0.0,0.0,0.0,0.0
24/06/2025,21:58:32,10.54,7.5,23.04,9.99,343.0,25.0,0.0,0.0,0.0,0.0
24/06/2025,22:04:18,10.54,7.47,23.04,9.99,451.0,25.0,0.0,0.0,0.0,0.0
24/06/2025,22:10:05,10.53,7.45,22.98,9.99,560.0,25.0,0.0,0.0,0.0,0.0
24/06/2025,22:15:53,10.52,7.44,22.93,9.99,234.0,25.0,0.0,0.0,0.0,0.0
24/06/2025,22:21:39,10.52,7.45,22.82,9.99,343.0,25.0,0.0,0.0,0.0,0.0
24/06/2025,22:27:27,10.53,7.46,22.69,9.99,668.0,25.0,0.0,0.0,0.0,0.0
24/06/2025,22:33:13,10.51,7.46,22.55,9.99,560.0,25.0,0.0,0.0,0.0,0.0
24/06/2025,22:39:00,10.51,7.47,22.42,9.99,560.0,25.0,0.0,0.0,0.0,0.0
24/06/2025,22:44:48,10.52,7.48,22.34,9.99,451.0,25.0,0.0,0.0,0.0,0.0
24/06/2025,22:50:34,10.52,7.5,22.23,9.99,343.0,25.0,0.0,0.0,0.0,0.0
24/06/2025,22:56:21,10.51,7.49,22.15,9.99,560.0,25.0,0.0,0.0,0.0,0.0
24/06/2025,23:02:08,10.52,7.48,22.07,9.99,343.0,25.0,0.0,0.0,0.0,0.0
24/06/2025,23:07:55,10.52,7.51,22.01,9.99,560.0,25.0,0.0,0.0,0.0,0.0
24/06/2025,23:13:43,10.51,7.52,21.99,9.99,343.0,25.0,0.0,0.0,0.0,0.0
24/06/2025,23:19:29,10.51,7.5,21.96,9.99,451.0,25.0,0.0,0.0,0.0,0.0
24/06/2025,23:25:16,10.51,7.51,21.93,9.99,560.0,25.0,0.0,0.0,0.0,0.0
24/06/2025,23:31:04,10.52,7.52,21.91,9.99,451.0,25.0,0.0,0.0,0.0,0.0
24/06/2025,23:36:50,10.51,7.53,21.91,9.99,560.0,25.0,0.0,0.0,0.0,0.0
24/06/2025,23:42:37,10.51,7.52,21.91,9.99,126.0,25.0,0.0,0.0,0.0,0.0
24/06/2025,23:48:24,10.51,7.53,21.91,9.99,451.0,25.0,0.0,0.0,0.0,0.0
24/06/2025,23:54:11,10.51,7.53,21.91,9.99,343.0,25.0,0.0,0.0,0.0,0.0
24/06/2025,23:59:59,10.52,7.53,21.91,9.99,343.0,25.0,0.0,0.0,0.0,0.0
25/06/2025,00:00:00,10.52,7.53,21.91,9.99,343.0,25.0,0.0,0.0,0.0,0.0
25/06/2025,00:05:46,10.52,7.56,21.91,9.99,126.0,25.0,0.0,0.0,0.0,0.0
25/06/2025,00:11:33,10.52,7.54,21.91,9.99,17.0,25.0,0.0,0.0,0.0,0.0
25/06/2025,00:17:21,10.52,7.56,21.91,9.99,234.0,25.0,0.0,0.0,0.0,0.0
25/06/2025,00:23:07,10.52,7.55,21.91,9.99,17.0,25.0,0.0,0.0,0.0,0.0
25/06/2025,00:28:54,10.52,7.56,21.91,9.99,560.0,25.0,0.0,0.0,0.0,0.0
25/06/2025,00:34:41,10.53,7.57,21.91,9.99,885.0,25.0,0.0,0.0,0.0,0.0
25/06/2025,00:40:28,10.53,7.55,21.91,9.99,451.0,25.0,0.0,0.0,0.0,0.0
25/06/2025,00:46:16,10.52,7.57,21.91,9.99,451.0,25.0,0.0,0.0,0.0,0.0
25/06/2025,00:52:02,10.52,7.58,21.91,9.99,668.0,25.0,0.0,0.0,0.0,0.0
25/06/2025,00:57:49,10.53,7.58,21.91,9.99,451.0,25.0,0.0,0.0,0.0,0.0
25/06/2025,01:03:36,10.52,7.56,21.91,9.99,451.0,25.0,0.0,0.0,0.0,0.0
25/06/2025,01:09:23,10.52,7.57,21.91,9.99,777.0,25.0,0.0,0.0,0.0,0.0
25/06/2025,01:15:10,10.52,7.58,21.91,9.99,777.0,25.0,0.0,0.0,0.0,0.0
25/06/2025,01:20:57,10.53,7.59,21.88,9.99,560.0,25.0,0.0,0.0,0.0,0.0
25/06/2025,01:26:44,10.51,7.58,21.88,9.99,668.0,25.0,0.0,0.0,0.0,0.0
25/06/2025,01:32:31,10.51,7.58,21.88,9.99,234.0,25.0,0.0,0.0,0.0,0.0
25/06/2025,01:38:18,10.53,7.58,21.88,9.99,343.0,25.0,0.0,0.0,0.0,0.0
25/06/2025,01:44:04,10.55,7.59,21.88,9.99,451.0,25.0,0.0,0.0,0.0,0.0
25/06/2025,01:49:52,10.51,7.58,21.88,9.99,451.0,25.0,0.0,0.0,0.0,0.0
25/06/2025,01:55:39,10.5,7.6,21.88,9.99,126.0,25.0,0.0,0.0,0.0,0.0
25/06/2025,02:01:25,10.5,7.59,21.88,9.99,668.0,25.0,0.0,0.0,0.0,0.0
25/06/2025,02:07:13,10.51,7.59,21.88,9.99,777.0,25.0,0.0,0.0,0.0,0.0
25/06/2025,02:12:59,10.49,7.58,21.88,9.99,451.0,25.0,0.0,0.0,0.0,0.0
25/06/2025,02:18:47,10.5,7.59,21.88,9.99,560.0,25.0,0.0,0.0,0.0,0.0
25/06/2025,02:24:34,10.49,7.59,21.85,9.99,668.0,25.0,0.0,0.0,0.0,0.0
25/06/2025,02:30:20,10.48,7.58,21.85,9.99,451.0,25.0,0.0,0.0,0.0,0.0
25/06/2025,02:36:08,10.5,7.59,21.85,9.99,451.0,25.0,0.0,0.0,0.0,0.0
25/06/2025,02:41:54,10.49,7.58,21.85,9.99,451.0,25.0,0.0,0.0,0.0,0.0
25/06/2025,02:47:41,10.49,7.59,21.85,9.99,668.0,25.0,0.0,0.0,0.0,0.0
25/06/2025,02:53:29,10.5,7.61,21.85,9.99,668.0,25.0,0.0,0.0,0.0,0.0
25/06/2025,02:59:15,10.49,7.6,21.85,9.99,668.0,25.0,0.0,0.0,0.0,0.0
25/06/2025,03:05:03,10.52,7.6,21.85,9.99,451.0,25.0,0.0,0.0,0.0,0.0
25/06/2025,03:10:49,10.53,7.61,21.85,9.99,777.0,25.0,0.0,0.0,0.0,0.0
25/06/2025,03:16:36,10.52,7.59,21.85,9.99,451.0,25.0,0.0,0.0,0.0,0.0
25/06/2025,03:22:24,10.53,7.6,21.85,9.99,777.0,25.0,0.0,0.0,0.0,0.0
25/06/2025,03:28:10,10.52,7.6,21.83,9.99,668.0,25.0,0.0,0.0,0.0,0.0
25/06/2025,03:33:57,10.53,7.6,21.83,9.99,777.0,25.0,0.0,0.0,0.0,0.0
25/06/2025,03:39:45,10.52,7.61,21.83,9.99,885.0,25.0,0.0,0.0,0.0,0.0
25/06/2025,03:45:31,10.52,7.6,21.83,9.99,777.0,25.0,0.0,0.0,0.0,0.0
25/06/2025,03:51:19,10.52,7.6,21.8,9.99,234.0,25.0,0.0,0.0,0.0,0.0
25/06/2025,03:57:05,10.52,7.61,21.8,9.99,451.0,25.0,0.0,0.0,0.0,0.0
25/06/2025,04:02:52,10.52,7.59,21.8,9.99,560.0,25.0,0.0,0.0,0.0,0.0
25/06/2025,04:08:40,10.52,7.61,21.8,9.99,668.0,25.0,0.0,0.0,0.0,0.0
25/06/2025,04:14:26,10.52,7.6,21.8,9.99,885.0,25.0,0.0,0.0,0.0,0.0
25/06/2025,04:20:13,10.51,7.6,21.8,9.99,777.0,25.0,0.0,0.0,0.0,0.0
25/06/2025,04:26:00,10.52,7.62,21.8,9.99,560.0,25.0,0.0,0.0,0.0,0.0
25/06/2025,04:31:47,10.52,7.62,21.8,9.99,451.0,25.0,0.0,0.0,0.0,0.0
25/06/2025,04:37:35,10.53,7.62,21.77,9.99,885.0,25.0,0.0,0.0,0.0,0.0
25/06/2025,04:43:21,10.52,7.62,21.77,9.99,777.0,25.0,0.0,0.0,0.0,0.0
25/06/2025,04:49:08,10.52,7.62,21.75,9.99,343.0,25.0,0.0,0.0,0.0,0.0
25/06/2025,04:54:55,10.52,7.6,21.75,9.99,343.0,25.0,0.0,0.0,0.0,0.0
25/06/2025,05:00:42,10.52,7.61,21.75,9.99,234.0,25.0,0.0,0.0,0.0,0.0
25/06/2025,05:06:30,10.51,7.63,21.75,9.99,668.0,25.0,0.0,0.0,0.0,0.0
25/06/2025,05:12:16,10.52,7.62,21.72,9.99,234.0,25.0,0.0,0.0,0.0,0.0
25/06/2025,05:18:03,10.52,7.61,21.72,9.99,560.0,25.0,0.0,0.0,0.0,0.0
25/06/2025,05:23:50,10.52,7.62,21.69,9.99,451.0,25.0,0.0,0.0,0.0,0.0
25/06/2025,05:29:37,10.52,7.61,21.69,9.99,560.0,25.0,0.0,0.0,0.0,0.0
25/06/2025,05:35:24,10.51,7.63,21.69,9.99,343.0,25.0,0.0,0.0,0.0,0.0
25/06/2025,05:41:11,10.52,7.62,21.69,9.99,451.0,25.0,0.0,0.0,0.0,0.0
25/06/2025,05:46:58,10.52,7.63,21.69,9.99,343.0,25.0,0.0,0.0,0.0,0.0
25/06/2025,05:52:45,10.54,7.64,21.69,9.99,560.0,25.0,0.0,0.0,0.0,0.0
25/06/2025,05:58:32,10.51,7.64,21.69,9.99,560.0,25.0,0.0,0.0,0.0,0.0
25/06/2025,06:04:19,10.52,7.63,21.66,9.99,560.0,25.0,0.0,0.0,0.0,0.0
25/06/2025,06:10:06,10.52,7.63,21.66,9.99,560.0,25.0,0.0,0.0,0.0,0.0
25/06/2025,06:15:53,10.52,7.63,21.66,9.99,234.0,25.0,0.0,0.0,0.0,0.0
25/06/2025,06:21:39,10.52,7.64,21.64,9.99,668.0,25.0,0.0,0.0,0.0,0.0
25/06/2025,06:27:27,10.54,7.62,21.64,9.99,234.0,25.0,0.0,0.0,0.0,0.0
25/06/2025,06:33:14,10.52,7.62,21.64,9.99,560.0,25.0,0.0,0.0,0.0,0.0
25/06/2025,06:39:01,10.52,7.65,21.64,9.99,343.0,25.0,0.0,0.0,0.0,0.0
25/06/2025,06:44:48,10.52,7.63,21.64,9.99,668.0,25.0,0.0,0.0,0.0,0.0
25/06/2025,06:50:34,10.52,7.63,21.64,9.99,668.0,25.0,0.0,0.0,0.0,0.0
25/06/2025,06:56:22,10.52,7.64,21.61,9.99,560.0,25.0,0.0,0.0,0.0,0.0
25/06/2025,07:02:09,10.52,7.63,21.61,9.99,560.0,25.0,0.0,0.0,0.0,0.0
25/06/2025,07:07:55,10.52,7.63,21.61,9.99,343.0,25.0,0.0,0.0,0.0,0.0
25/06/2025,07:13:43,10.51,7.64,21.61,9.99,126.0,25.0,0.0,0.0,0.0,0.0
25/06/2025,07:19:29,10.52,7.63,21.61,9.99,451.0,25.0,0.0,0.0,0.0,0.0
25/06/2025,07:25:17,10.52,7.63,21.61,9.99,560.0,25.0,0.0,0.0,0.0,0.0
25/06/2025,07:31:04,10.52,7.64,21.61,9.99,560.0,25.0,0.0,0.0,0.0,0.0
25/06/2025,07:36:50,10.52,7.64,21.58,9.99,668.0,25.0,0.0,0.0,0.0,0.0
25/06/2025,07:42:38,10.52,7.65,21.58,9.99,343.0,25.0,0.0,0.0,0.0,0.0
25/06/2025,07:48:25,10.51,7.64,21.58,9.99,668.0,25.0,0.0,0.0,0.0,0.0
25/06/2025,07:54:11,10.51,7.63,21.58,9.99,560.0,25.0,0.0,0.0,0.0,0.0
25/06/2025,07:59:59,10.51,7.64,21.58,9.99,451.0,25.0,0.0,0.0,0.0,0.0
25/06/2025,08:05:45,10.51,7.64,21.58,9.99,560.0,25.0,0.0,0.0,0.0,0.0
25/06/2025,08:11:33,10.51,7.64,21.58,9.99,560.0,25.0,0.0,0.0,0.0,0.0
25/06/2025,08:17:20,10.51,7.64,21.58,9.99,17.0,25.0,0.0,0.0,0.0,0.0
25/06/2025,08:23:06,10.51,7.65,21.56,9.99,668.0,25.0,0.0,0.0,0.0,0.0
25/06/2025,08:28:54,10.52,7.66,21.56,9.99,451.0,25.0,0.0,0.0,0.0,0.0
25/06/2025,08:34:40,10.52,7.64,21.5,9.99,234.0,25.0,0.0,0.0,0.0,0.0
25/06/2025,08:40:27,10.52,7.65,21.5,9.99,17.0,25.0,0.0,0.0,0.0,0.0
25/06/2025,08:46:15,10.52,7.65,21.48,9.99,343.0,25.0,0.0,0.0,0.0,0.0
25/06/2025,08:52:01,10.51,7.66,21.5,9.99,-91.0,25.0,0.0,0.0,0.0,0.0
25/06/2025,08:57:49,10.51,7.64,21.5,9.99,126.0,25.0,0.0,0.0,0.0,0.0
25/06/2025,09:03:36,10.5,7.64,21.5,9.99,126.0,25.0,0.0,0.0,0.0,0.0
25/06/2025,09:09:22,10.5,7.68,21.61,9.99,560.0,25.0,0.0,0.0,0.0,0.0
25/06/2025,09:15:10,10.51,7.69,21.72,9.99,777.0,25.0,0.0,0.0,0.0,0.0
25/06/2025,09:20:56,10.52,7.69,21.8,9.99,17.0,25.0,0.0,0.0,0.0,0.0
25/06/2025,09:26:43,10.54,7.69,21.83,9.99,451.0,25.0,0.0,0.0,0.0,0.0
25/06/2025,09:32:31,10.53,7.69,21.88,9.99,668.0,25.0,0.0,0.0,0.0,0.0
25/06/2025,09:38:17,10.54,7.68,21.88,9.99,560.0,25.0,0.0,0.0,0.0,0.0
25/06/2025,09:44:05,10.56,7.68,21.88,9.99,668.0,25.0,0.0,0.0,0.0,0.0
25/06/2025,09:49:51,10.57,7.65,21.91,9.99,126.0,25.0,0.0,0.0,0.0,0.0
25/06/2025,09:55:38,10.58,7.63,21.91,9.99,451.0,25.0,0.0,0.0,0.0,0.0
25/06/2025,10:01:26,10.59,7.64,21.91,9.99,343.0,25.0,0.0,0.0,0.0,0.0
25/06/2025,10:07:12,10.6,7.65,21.91,9.99,343.0,25.0,0.0,0.0,0.0,0.0
25/06/2025,10:13:00,10.6,7.6,21.91,9.99,668.0,25.0,0.0,0.0,0.0,0.0
25/06/2025,10:18:46,10.61,7.6,21.91,9.99,560.0,25.0,0.0,0.0,0.0,0.0
25/06/2025,10:24:33,10.62,7.61,21.91,9.99,777.0,25.0,0.0,0.0,0.0,0.0
25/06/2025,10:30:21,10.61,7.62,21.91,9.99,126.0,25.0,0.0,0.0,0.0,0.0
25/06/2025,10:36:07,10.61,7.61,21.91,9.99,343.0,25.0,0.0,0.0,0.0,0.0
25/06/2025,10:41:54,10.61,7.6,21.91,9.99,560.0,25.0,0.0,0.0,0.0,0.0
25/06/2025,10:47:41,10.6,7.61,21.91,9.99,-91.0,25.0,0.0,0.0,0.0,0.0
25/06/2025,10:53:28,10.6,7.61,21.93,9.99,560.0,25.0,0.0,0.0,0.0,0.0
25/06/2025,10:59:16,10.58,7.57,21.93,9.99,451.0,25.0,0.0,0.0,0.0,0.0
25/06/2025,11:05:02,10.57,7.58,21.96,9.99,17.0,25.0,0.0,0.0,0.0,0.0
25/06/2025,11:10:49,10.54,7.59,21.99,9.99,234.0,25.0,0.0,0.0,0.0,0.0
25/06/2025,11:16:36,10.47,7.58,22.04,9.99,777.0,25.0,0.0,0.0,0.0,0.0
25/06/2025,11:22:23,10.43,7.57,22.1,9.99,234.0,25.0,0.0,0.0,0.0,0.0
25/06/2025,11:28:10,10.43,7.58,22.15,9.99,560.0,25.0,0.0,0.0,0.0,0.0
25/06/2025,11:33:57,10.47,7.57,22.26,9.99,668.0,25.0,0.0,0.0,0.0,0.0
25/06/2025,11:39:44,10.48,7.55,22.34,9.99,560.0,25.0,0.0,0.0,0.0,0.0
25/06/2025,11:45:32,10.56,7.39,22.42,9.99,343.0,25.0,0.0,0.0,0.0,0.0
25/06/2025,11:51:18,11.2,7.17,22.34,9.99,451.0,25.0,0.0,0.0,0.0,0.0
25/06/2025,11:57:05,10.52,7.04,23.12,9.99,451.0,25.0,0.0,0.0,0.0,0.0
25/06/2025,12:02:52,10.35,6.99,23.6,9.99,777.0,25.0,0.0,0.0,0.0,0.0
25/06/2025,12:08:39,10.77,6.96,23.12,9.99,343.0,25.0,0.0,0.0,0.0,0.0
25/06/2025,12:14:26,11.33,6.9,23.15,9.99,668.0,25.0,0.0,0.0,0.0,0.0
25/06/2025,12:20:13,10.93,6.92,23.12,9.99,343.0,25.0,0.0,0.0,0.0,0.0
25/06/2025,12:26:00,10.77,6.93,22.85,9.99,560.0,25.0,0.0,0.0,0.0,0.0
25/06/2025,12:31:47,10.68,6.96,22.42,9.99,234.0,25.0,0.0,0.0,0.0,0.0
25/06/2025,12:37:34,10.62,6.97,22.12,9.99,343.0,25.0,0.0,0.0,0.0,0.0
25/06/2025,12:43:21,10.59,6.97,21.99,9.99,777.0,25.0,0.0,0.0,0.0,0.0
25/06/2025,12:49:08,10.57,6.99,21.93,9.99,885.0,25.0,0.0,0.0,0.0,0.0
25/06/2025,12:54:55,10.75,6.99,21.91,9.99,451.0,25.0,0.0,0.0,0.0,0.0
25/06/2025,13:00:42,10.57,6.97,22.12,9.99,668.0,25.0,0.0,0.0,0.0,0.0
25/06/2025,13:06:29,10.58,6.97,22.04,9.99,777.0,25.0,0.0,0.0,0.0,0.0
25/06/2025,13:12:16,10.55,7.39,21.91,9.99,668.0,25.0,0.0,0.0,0.0,0.0
25/06/2025,13:18:03,10.54,7.47,21.91,9.99,885.0,25.0,0.0,0.0,0.0,0.0
25/06/2025,13:23:50,10.54,7.52,21.93,9.99,451.0,25.0,0.0,0.0,0.0,0.0
25/06/2025,13:29:37,10.53,7.52,21.96,9.99,560.0,25.0,0.0,0.0,0.0,0.0
25/06/2025,13:35:24,10.54,7.52,22.04,9.99,343.0,25.0,0.0,0.0,0.0,0.0
25/06/2025,13:41:11,10.53,7.51,22.12,9.99,234.0,25.0,0.0,0.0,0.0,0.0
25/06/2025,13:46:57,10.53,7.5,22.2,9.99,560.0,25.0,0.0,0.0,0.0,0.0
25/06/2025,13:52:45,10.44,7.46,22.31,9.99,668.0,25.0,0.0,0.0,0.0,0.0
25/06/2025,13:58:32,9.31,7.51,22.47,9.99,343.0,25.0,0.0,0.0,0.0,0.0
25/06/2025,14:04:19,10.16,7.5,22.55,9.99,560.0,25.0,0.0,0.0,0.0,0.0
25/06/2025,14:10:06,10.44,7.47,22.66,9.99,-91.0,25.0,0.0,0.0,0.0,0.0
25/06/2025,14:15:52,10.53,7.46,22.72,9.99,777.0,25.0,0.0,0.0,0.0,0.0
25/06/2025,14:21:40,10.57,7.46,22.8,9.99,343.0,25.0,0.0,0.0,0.0,0.0
25/06/2025,14:27:27,10.58,7.46,22.88,9.99,343.0,25.0,0.0,0.0,0.0,0.0
25/06/2025,14:33:14,10.59,7.45,22.9,9.99,126.0,25.0,0.0,0.0,0.0,0.0
25/06/2025,14:39:01,10.58,7.46,22.93,9.99,126.0,25.0,0.0,0.0,0.0,0.0
25/06/2025,14:44:47,10.58,7.45,22.98,9.99,451.0,25.0,0.0,0.0,0.0,0.0
25/06/2025,14:50:35,10.57,7.43,22.98,9.99,343.0,25.0,0.0,0.0,0.0,0.0
25/06/2025,14:56:22,10.57,7.44,23.04,9.99,777.0,25.0,0.0,0.0,0.0,0.0
25/06/2025,15:02:08,10.58,7.43,23.04,9.99,668.0,25.0,0.0,0.0,0.0,0.0
25/06/2025,15:07:56,10.56,7.42,23.07,9.99,777.0,25.0,0.0,0.0,0.0,0.0
25/06/2025,15:13:43,10.56,7.41,23.07,9.99,668.0,25.0,0.0,0.0,0.0,0.0
25/06/2025,15:19:30,10.55,7.43,23.07,9.99,343.0,25.0,0.0,0.0,0.0,0.0
25/06/2025,15:25:17,10.57,7.41,23.09,9.99,777.0,25.0,0.0,0.0,0.0,0.0
25/06/2025,15:31:03,10.54,7.42,23.09,9.99,560.0,25.0,0.0,0.0,0.0,0.0
25/06/2025,15:36:51,10.55,7.41,23.09,9.99,668.0,25.0,0.0,0.0,0.0,0.0
25/06/2025,15:42:38,10.55,7.4,23.09,9.99,994.0,25.0,0.0,0.0,0.0,0.0
25/06/2025,15:48:24,10.55,7.41,23.09,9.99,668.0,25.0,0.0,0.0,0.0,0.0
25/06/2025,15:54:12,10.55,7.4,23.12,9.99,234.0,25.0,0.0,0.0,0.0,0.0
25/06/2025,15:59:58,11.02,7.39,23.12,9.99,126.0,25.0,0.0,0.0,0.0,0.0
25/06/2025,16:05:46,10.62,7.41,23.12,9.99,-308.0,25.0,0.0,0.0,0.0,0.0
25/06/2025,16:11:33,10.44,7.4,23.12,9.99,668.0,25.0,0.0,0.0,0.0,0.0
25/06/2025,16:17:19,10.4,7.4,23.12,9.99,126.0,25.0,0.0,0.0,0.0,0.0
25/06/2025,16:23:07,10.41,7.4,23.12,9.99,777.0,25.0,0.0,0.0,0.0,0.0
25/06/2025,16:28:54,10.43,7.39,23.12,9.99,777.0,25.0,0.0,0.0,0.0,0.0
25/06/2025,16:34:40,10.47,7.38,23.12,9.99,-200.0,25.0,0.0,0.0,0.0,0.0
25/06/2025,16:40:28,10.49,7.38,23.12,9.99,234.0,25.0,0.0,0.0,0.0,0.0
25/06/2025,16:46:14,10.49,7.39,23.12,9.99,777.0,25.0,0.0,0.0,0.0,0.0
25/06/2025,16:52:02,10.5,7.4,23.12,9.99,668.0,25.0,0.0,0.0,0.0,0.0
25/06/2025,16:57:49,10.51,7.39,23.12,9.99,885.0,25.0,0.0,0.0,0.0,0.0
25/06/2025,17:03:35,10.52,7.4,23.12,9.99,560.0,25.0,0.0,0.0,0.0,0.0
25/06/2025,17:09:23,10.52,7.39,23.12,9.99,234.0,25.0,0.0,0.0,0.0,0.0
25/06/2025,17:15:10,10.53,7.37,23.12,9.99,343.0,25.0,0.0,0.0,0.0,0.0
25/06/2025,17:20:56,10.53,7.38,23.12,9.99,451.0,25.0,0.0,0.0,0.0,0.0
25/06/2025,17:26:44,10.54,7.37,23.12,9.99,777.0,25.0,0.0,0.0,0.0,0.0
25/06/2025,17:32:30,10.54,7.36,23.12,9.99,234.0,25.0,0.0,0.0,0.0,0.0
25/06/2025,17:38:18,10.54,7.38,23.12,9.99,885.0,25.0,0.0,0.0,0.0,0.0
25/06/2025,17:44:05,10.55,7.36,23.12,9.99,343.0,25.0,0.0,0.0,0.0,0.0
25/06/2025,17:49:51,10.54,7.37,23.12,9.99,234.0,25.0,0.0,0.0,0.0,0.0
25/06/2025,17:55:39,10.53,7.36,23.12,9.99,777.0,25.0,0.0,0.0,0.0,0.0
25/06/2025,18:01:25,10.52,7.37,23.12,9.99,234.0,25.0,0.0,0.0,0.0,0.0
25/06/2025,18:07:12,10.52,7.38,23.12,9.99,451.0,25.0,0.0,0.0,0.0,0.0
25/06/2025,18:13:00,10.52,7.35,23.12,9.99,343.0,25.0,0.0,0.0,0.0,0.0
25/06/2025,18:18:46,10.54,7.37,23.12,9.99,17.0,25.0,0.0,0.0,0.0,0.0
25/06/2025,18:24:34,10.53,7.37,23.12,9.99,-200.0,25.0,0.0,0.0,0.0,0.0
25/06/2025,18:30:21,10.53,7.37,23.15,9.99,126.0,25.0,0.0,0.0,0.0,0.0
25/06/2025,18:36:07,10.53,7.38,23.15,9.99,17.0,25.0,0.0,0.0,0.0,0.0
25/06/2025,18:41:55,10.53,7.37,23.15,9.99,560.0,25.0,0.0,0.0,0.0,0.0
25/06/2025,18:47:41,10.54,7.36,23.15,9.99,234.0,25.0,0.0,0.0,0.0,0.0
25/06/2025,18:53:28,10.54,7.36,23.15,9.99,777.0,25.0,0.0,0.0,0.0,0.0
25/06/2025,18:59:16,10.55,7.36,23.15,9.99,668.0,25.0,0.0,0.0,0.0,0.0
25/06/2025,19:05:02,10.55,7.36,23.15,9.99,560.0,25.0,0.0,0.0,0.0,0.0
25/06/2025,19:10:50,10.55,7.36,23.15,9.99,343.0,25.0,0.0,0.0,0.0,0.0
25/06/2025,19:16:36,10.56,7.36,23.15,9.99,343.0,25.0,0.0,0.0,0.0,0.0
25/06/2025,19:22:23,10.56,7.37,23.15,9.99,451.0,25.0,0.0,0.0,0.0,0.0
25/06/2025,19:28:11,10.57,7.36,23.15,9.99,777.0,25.0,0.0,0.0,0.0,0.0
25/06/2025,19:33:57,10.57,7.36,23.15,9.99,668.0,25.0,0.0,0.0,0.0,0.0
25/06/2025,19:39:45,10.57,7.37,23.15,9.99,343.0,25.0,0.0,0.0,0.0,0.0
25/06/2025,19:45:31,10.58,7.37,23.12,9.99,451.0,25.0,0.0,0.0,0.0,0.0
25/06/2025,19:51:18,10.59,7.38,23.12,9.99,126.0,25.0,0.0,0.0,0.0,0.0
25/06/2025,19:57:06,10.58,7.37,23.12,9.99,17.0,25.0,0.0,0.0,0.0,0.0
25/06/2025,20:02:52,10.58,7.39,23.12,9.99,451.0,25.0,0.0,0.0,0.0,0.0
25/06/2025,20:08:39,10.61,7.37,23.12,9.99,560.0,25.0,0.0,0.0,0.0,0.0
25/06/2025,20:14:26,10.59,7.38,23.12,9.99,451.0,25.0,0.0,0.0,0.0,0.0
25/06/2025,20:20:13,10.6,7.39,23.12,9.99,126.0,25.0,0.0,0.0,0.0,0.0
25/06/2025,20:26:01,10.57,7.39,23.12,9.99,-200.0,25.0,0.0,0.0,0.0,0.0
25/06/2025,20:31:47,10.56,7.39,23.12,9.99,234.0,25.0,0.0,0.0,0.0,0.0
25/06/2025,20:37:34,10.53,7.39,23.12,9.99,451.0,25.0,0.0,0.0,0.0,0.0
25/06/2025,20:43:21,10.52,7.37,23.12,9.99,343.0,25.0,0.0,0.0,0.0,0.0
25/06/2025,20:49:08,10.53,7.37,23.12,9.99,234.0,25.0,0.0,0.0,0.0,0.0
25/06/2025,20:54:55,10.54,7.4,23.12,9.99,560.0,25.0,0.0,0.0,0.0,0.0
25/06/2025,21:00:42,10.55,7.4,23.12,9.99,560.0,25.0,0.0,0.0,0.0,0.0
25/06/2025,21:06:29,10.55,7.38,23.12,9.99,668.0,25.0,0.0,0.0,0.0,0.0
25/06/2025,21:12:16,10.55,7.41,23.12,9.99,451.0,25.0,0.0,0.0,0.0,0.0
25/06/2025,21:18:03,10.54,7.41,23.12,9.99,668.0,25.0,0.0,0.0,0.0,0.0
25/06/2025,21:23:50,10.53,7.39,23.12,9.99,343.0,25.0,0.0,0.0,0.0,0.0
25/06/2025,21:29:37,10.53,7.4,23.12,9.99,343.0,25.0,0.0,0.0,0.0,0.0
25/06/2025,21:35:24,10.51,7.39,23.12,9.99,451.0,25.0,0.0,0.0,0.0,0.0
25/06/2025,21:41:11,10.52,7.41,23.12,9.99,126.0,25.0,0.0,0.0,0.0,0.0
25/06/2025,21:46:58,10.51,7.4,23.12,9.99,668.0,25.0,0.0,0.0,0.0,0.0
25/06/2025,21:52:45,10.49,7.41,23.12,9.99,343.0,25.0,0.0,0.0,0.0,0.0
25/06/2025,21:58:32,10.49,7.4,23.12,9.99,343.0,25.0,0.0,0.0,0.0,0.0
25/06/2025,22:04:19,10.5,7.39,23.12,9.99,451.0,25.0,0.0,0.0,0.0,0.0
25/06/2025,22:10:06,10.49,7.37,23.12,9.99,234.0,25.0,0.0,0.0,0.0,0.0
25/06/2025,22:15:53,10.49,7.39,23.12,9.99,343.0,25.0,0.0,0.0,0.0,0.0
25/06/2025,22:21:40,10.48,7.39,23.12,9.99,560.0,25.0,0.0,0.0,0.0,0.0
25/06/2025,22:27:26,10.48,7.38,23.12,9.99,451.0,25.0,0.0,0.0,0.0,0.0
25/06/2025,22:33:14,10.48,7.4,23.12,9.99,451.0,25.0,0.0,0.0,0.0,0.0
25/06/2025,22:39:01,10.48,7.4,23.09,9.99,234.0,25.0,0.0,0.0,0.0,0.0
25/06/2025,22:44:48,10.48,7.43,23.09,9.99,234.0,25.0,0.0,0.0,0.0,0.0
25/06/2025,22:50:35,10.48,7.41,23.09,9.99,451.0,25.0,0.0,0.0,0.0,0.0
25/06/2025,22:56:21,10.48,7.43,23.09,9.99,-91.0,25.0,0.0,0.0,0.0,0.0
25/06/2025,23:02:09,10.48,7.44,23.07,9.99,668.0,25.0,0.0,0.0,0.0,0.0
25/06/2025,23:07:56,10.47,7.42,23.04,9.99,777.0,25.0,0.0,0.0,0.0,0.0
25/06/2025,23:13:42,10.48,7.42,23.01,9.99,560.0,25.0,0.0,0.0,0.0,0.0
25/06/2025,23:19:30,10.47,7.44,23.01,9.99,234.0,25.0,0.0,0.0,0.0,0.0
25/06/2025,23:25:16,10.46,7.44,22.98,9.99,126.0,25.0,0.0,0.0,0.0,0.0
25/06/2025,23:31:04,10.46,7.44,22.96,9.99,560.0,25.0,0.0,0.0,0.0,0.0
25/06/2025,23:36:51,10.46,7.45,22.93,9.99,668.0,25.0,0.0,0.0,0.0,0.0
25/06/2025,23:42:37,10.45,7.45,22.88,9.99,668.0,25.0,0.0,0.0,0.0,0.0
25/06/2025,23:48:25,10.45,7.46,22.88,9.99,234.0,25.0,0.0,0.0,0.0,0.0
25/06/2025,23:54:11,10.45,7.47,22.82,9.99,560.0,25.0,0.0,0.0,0.0,0.0
25/06/2025,23:59:59,10.45,7.45,22.82,9.99,994.0,25.0,0.0,0.0,0.0,0.0
26/06/2025,00:00:00,10.45,7.45,22.82,9.99,234.0,25.0,0.0,0.0,0.0,0.0
26/06/2025,00:05:47,10.44,7.47,22.8,9.99,885.0,25.0,0.0,0.0,0.0,0.0
26/06/2025,00:11:33,10.45,7.46,22.8,9.99,560.0,25.0,0.0,0.0,0.0,0.0
26/06/2025,00:17:21,10.45,7.46,22.77,9.99,777.0,25.0,0.0,0.0,0.0,0.0
26/06/2025,00:23:08,10.45,7.46,22.77,9.99,885.0,25.0,0.0,0.0,0.0,0.0
26/06/2025,00:28:54,10.45,7.46,22.74,9.99,885.0,25.0,0.0,0.0,0.0,0.0
26/06/2025,00:34:42,10.45,7.46,22.69,9.99,777.0,25.0,0.0,0.0,0.0,0.0
26/06/2025,00:40:28,10.46,7.47,22.66,9.99,668.0,25.0,0.0,0.0,0.0,0.0
26/06/2025,00:46:15,10.46,7.48,22.63,9.99,777.0,25.0,0.0,0.0,0.0,0.0
26/06/2025,00:52:03,10.46,7.47,22.58,9.99,885.0,25.0,0.0,0.0,0.0,0.0
26/06/2025,00:57:49,10.47,7.47,22.58,9.99,668.0,25.0,0.0,0.0,0.0,0.0
26/06/2025,01:03:37,10.47,7.47,22.55,9.99,668.0,25.0,0.0,0.0,0.0,0.0
26/06/2025,01:09:23,10.46,7.48,22.53,9.99,885.0,25.0,0.0,0.0,0.0,0.0
26/06/2025,01:15:10,10.48,7.47,22.5,9.99,343.0,25.0,0.0,0.0,0.0,0.0
26/06/2025,01:20:58,10.51,7.48,22.42,9.99,451.0,25.0,0.0,0.0,0.0,0.0
26/06/2025,01:26:44,10.51,7.48,22.34,9.99,668.0,25.0,0.0,0.0,0.0,0.0
26/06/2025,01:32:31,10.52,7.5,22.31,9.99,885.0,25.0,0.0,0.0,0.0,0.0
26/06/2025,01:38:18,10.53,7.5,22.23,9.99,560.0,25.0,0.0,0.0,0.0,0.0
26/06/2025,01:44:05,10.52,7.49,22.18,9.99,343.0,25.0,0.0,0.0,0.0,0.0
26/06/2025,01:49:53,10.51,7.51,22.12,9.99,560.0,25.0,0.0,0.0,0.0,0.0
26/06/2025,01:55:39,10.51,7.5,22.07,9.99,885.0,25.0,0.0,0.0,0.0,0.0
26/06/2025,02:01:26,10.5,7.5,22.04,9.99,451.0,25.0,0.0,0.0,0.0,0.0
26/06/2025,02:07:13,10.49,7.51,22.04,9.99,343.0,25.0,0.0,0.0,0.0,0.0
26/06/2025,02:13:00,10.48,7.49,21.99,9.99,560.0,25.0,0.0,0.0,0.0,0.0
26/06/2025,02:18:47,10.46,7.51,21.96,9.99,885.0,25.0,0.0,0.0,0.0,0.0
26/06/2025,02:24:34,10.45,7.5,21.96,9.99,451.0,25.0,0.0,0.0,0.0,0.0
26/06/2025,02:30:21,10.45,7.52,21.96,9.99,668.0,25.0,0.0,0.0,0.0,0.0
26/06/2025,02:36:07,10.46,7.51,21.93,9.99,560.0,25.0,0.0,0.0,0.0,0.0
26/06/2025,02:41:55,10.46,7.51,21.93,9.99,668.0,25.0,0.0,0.0,0.0,0.0
26/06/2025,02:47:42,10.46,7.53,21.93,9.99,668.0,25.0,0.0,0.0,0.0,0.0
26/06/2025,02:53:29,10.47,7.51,21.91,9.99,777.0,25.0,0.0,0.0,0.0,0.0
26/06/2025,02:59:16,10.47,7.52,21.91,9.99,560.0,25.0,0.0,0.0,0.0,0.0
26/06/2025,03:05:02,10.47,7.51,21.91,9.99,777.0,25.0,0.0,0.0,0.0,0.0
26/06/2025,03:10:50,10.48,7.53,21.91,9.99,777.0,25.0,0.0,0.0,0.0,0.0
26/06/2025,03:16:37,10.51,7.53,21.91,9.99,451.0,25.0,0.0,0.0,0.0,0.0
26/06/2025,03:22:23,10.49,7.52,21.91,9.99,560.0,25.0,0.0,0.0,0.0,0.0
26/06/2025,03:28:11,10.49,7.54,21.91,9.99,560.0,25.0,0.0,0.0,0.0,0.0
26/06/2025,03:33:57,10.49,7.54,21.91,9.99,777.0,25.0,0.0,0.0,0.0,0.0
26/06/2025,03:39:45,10.49,7.54,21.91,9.99,885.0,25.0,0.0,0.0,0.0,0.0
26/06/2025,03:45:32,10.49,7.53,21.91,9.99,234.0,25.0,0.0,0.0,0.0,0.0
26/06/2025,03:51:18,10.49,7.54,21.91,9.99,126.0,25.0,0.0,0.0,0.0,0.0
26/06/2025,03:57:06,10.49,7.55,21.91,9.99,560.0,25.0,0.0,0.0,0.0,0.0
26/06/2025,04:02:52,10.5,7.55,21.91,9.99,560.0,25.0,0.0,0.0,0.0,0.0
26/06/2025,04:08:39,10.5,7.55,21.91,9.99,451.0,25.0,0.0,0.0,0.0,0.0
26/06/2025,04:14:27,10.45,7.55,21.91,9.99,885.0,25.0,0.0,0.0,0.0,0.0
26/06/2025,04:20:13,10.45,7.56,21.91,9.99,885.0,25.0,0.0,0.0,0.0,0.0
26/06/2025,04:26:00,10.44,7.55,21.91,9.99,560.0,25.0,0.0,0.0,0.0,0.0
26/06/2025,04:31:48,10.44,7.55,21.91,9.99,994.0,25.0,0.0,0.0,0.0,0.0
26/06/2025,04:37:34,10.45,7.56,21.91,9.99,777.0,25.0,0.0,0.0,0.0,0.0
26/06/2025,04:43:22,10.43,7.55,21.91,9.99,560.0,25.0,0.0,0.0,0.0,0.0
26/06/2025,04:49:08,10.44,7.55,21.91,9.99,451.0,25.0,0.0,0.0,0.0,0.0
26/06/2025,04:54:55,10.43,7.54,21.91,9.99,994.0,25.0,0.0,0.0,0.0,0.0
26/06/2025,05:00:43,10.44,7.54,21.91,9.99,777.0,25.0,0.0,0.0,0.0,0.0
26/06/2025,05:06:29,10.43,7.54,21.91,9.99,1102.0,25.0,0.0,0.0,0.0,0.0
26/06/2025,05:12:16,10.43,7.54,21.91,9.99,885.0,25.0,0.0,0.0,0.0,0.0
26/06/2025,05:18:03,10.44,7.52,21.91,9.99,994.0,25.0,0.0,0.0,0.0,0.0
26/06/2025,05:23:50,10.44,7.53,21.91,9.99,885.0,25.0,0.0,0.0,0.0,0.0
26/06/2025,05:29:38,10.46,7.54,21.91,9.99,885.0,25.0,0.0,0.0,0.0,0.0
26/06/2025,05:35:24,10.49,7.55,21.91,9.99,451.0,25.0,0.0,0.0,0.0,0.0
26/06/2025,05:41:11,10.52,7.55,21.91,9.99,560.0,25.0,0.0,0.0,0.0,0.0
26/06/2025,05:46:58,10.54,7.54,21.91,9.99,343.0,25.0,0.0,0.0,0.0,0.0
26/06/2025,05:52:45,10.55,7.54,21.91,9.99,343.0,25.0,0.0,0.0,0.0,0.0
26/06/2025,05:58:32,10.52,7.55,21.91,9.99,560.0,25.0,0.0,0.0,0.0,0.0
26/06/2025,06:04:19,10.49,7.55,21.91,9.99,885.0,25.0,0.0,0.0,0.0,0.0
26/06/2025,06:10:06,10.48,7.56,21.91,9.99,451.0,25.0,0.0,0.0,0.0,0.0
26/06/2025,06:15:53,10.48,7.55,21.91,9.99,668.0,25.0,0.0,0.0,0.0,0.0
26/06/2025,06:21:40,10.47,7.57,21.91,9.99,668.0,25.0,0.0,0.0,0.0,0.0
26/06/2025,06:27:27,10.47,7.56,21.91,9.99,777.0,25.0,0.0,0.0,0.0,0.0
26/06/2025,06:33:14,10.46,7.56,21.91,9.99,668.0,25.0,0.0,0.0,0.0,0.0
26/06/2025,06:39:01,10.45,7.57,21.91,9.99,668.0,25.0,0.0,0.0,0.0,0.0
26/06/2025,06:44:47,10.45,7.56,21.91,9.99,451.0,25.0,0.0,0.0,0.0,0.0
26/06/2025,06:50:35,10.45,7.57,21.91,9.99,560.0,25.0,0.0,0.0,0.0,0.0
26/06/2025,06:56:22,10.45,7.57,21.91,9.99,885.0,25.0,0.0,0.0,0.0,0.0
26/06/2025,07:02:08,10.45,7.58,21.91,9.99,994.0,25.0,0.0,0.0,0.0,0.0
26/06/2025,07:07:56,10.45,7.58,21.91,9.99,668.0,25.0,0.0,0.0,0.0,0.0
26/06/2025,07:13:42,10.45,7.56,21.91,9.99,668.0,25.0,0.0,0.0,0.0,0.0
26/06/2025,07:19:30,10.45,7.58,21.91,9.99,343.0,25.0,0.0,0.0,0.0,0.0
26/06/2025,07:25:17,10.45,7.58,21.91,9.99,560.0,25.0,0.0,0.0,0.0,0.0
26/06/2025,07:31:03,10.45,7.58,21.91,9.99,343.0,25.0,0.0,0.0,0.0,0.0
26/06/2025,07:36:51,10.47,7.59,21.91,9.99,343.0,25.0,0.0,0.0,0.0,0.0
26/06/2025,07:42:38,10.45,7.6,21.91,9.99,668.0,25.0,0.0,0.0,0.0,0.0
26/06/2025,07:48:24,10.46,7.58,21.88,9.99,560.0,25.0,0.0,0.0,0.0,0.0
26/06/2025,07:54:12,10.46,7.57,21.88,9.99,668.0,25.0,0.0,0.0,0.0,0.0
26/06/2025,07:59:58,10.46,7.59,21.88,9.99,560.0,25.0,0.0,0.0,0.0,0.0
26/06/2025,08:05:46,10.47,7.6,21.88,9.99,777.0,25.0,0.0,0.0,0.0,0.0
26/06/2025,08:11:33,10.46,7.59,21.88,9.99,668.0,25.0,0.0,0.0,0.0,0.0
26/06/2025,08:17:19,10.46,7.61,21.88,9.99,668.0,25.0,0.0,0.0,0.0,0.0
26/06/2025,08:23:07,10.45,7.59,21.88,9.99,994.0,25.0,0.0,0.0,0.0,0.0
26/06/2025,08:28:54,10.46,7.59,21.88,9.99,994.0,25.0,0.0,0.0,0.0,0.0
26/06/2025,08:34:40,10.46,7.6,21.88,9.99,885.0,25.0,0.0,0.0,0.0,0.0
26/06/2025,08:40:28,10.45,7.6,21.88,9.99,451.0,25.0,0.0,0.0,0.0,0.0
26/06/2025,08:46:14,10.46,7.6,21.88,9.99,234.0,25.0,0.0,0.0,0.0,0.0
26/06/2025,08:52:01,10.46,7.61,21.88,9.99,451.0,25.0,0.0,0.0,0.0,0.0
26/06/2025,08:57:49,10.46,7.59,21.88,9.99,451.0,25.0,0.0,0.0,0.0,0.0
26/06/2025,09:03:35,10.46,7.62,21.88,9.99,343.0,25.0,0.0,0.0,0.0,0.0
26/06/2025,09:09:23,10.46,7.62,21.88,9.99,668.0,25.0,0.0,0.0,0.0,0.0
26/06/2025,09:15:09,10.46,7.63,21.91,9.99,451.0,25.0,0.0,0.0,0.0,0.0
26/06/2025,09:20:56,10.46,7.63,21.91,9.99,777.0,25.0,0.0,0.0,0.0,0.0
26/06/2025,09:26:44,10.51,7.61,21.91,9.99,560.0,25.0,0.0,0.0,0.0,0.0
26/06/2025,09:32:30,10.58,7.61,21.91,9.99,343.0,25.0,0.0,0.0,0.0,0.0
26/06/2025,09:38:17,10.57,7.58,21.91,9.99,343.0,25.0,0.0,0.0,0.0,0.0
26/06/2025,09:44:04,10.55,7.59,21.91,9.99,234.0,25.0,0.0,0.0,0.0,0.0
26/06/2025,09:49:51,10.55,7.59,21.91,9.99,343.0,25.0,0.0,0.0,0.0,0.0
26/06/2025,09:55:39,10.53,7.58,21.91,9.99,-91.0,25.0,0.0,0.0,0.0,0.0
26/06/2025,10:01:25,10.52,7.56,21.91,9.99,234.0,25.0,0.0,0.0,0.0,0.0
26/06/2025,10:07:12,10.53,7.56,21.93,9.99,126.0,25.0,0.0,0.0,0.0,0.0
26/06/2025,10:13:00,10.53,7.56,21.93,9.99,126.0,25.0,0.0,0.0,0.0,0.0
26/06/2025,10:18:46,10.53,7.54,21.96,9.99,234.0,25.0,0.0,0.0,0.0,0.0
26/06/2025,10:24:33,10.53,7.56,21.96,9.99,560.0,25.0,0.0,0.0,0.0,0.0
26/06/2025,10:30:20,10.53,7.56,21.99,9.99,234.0,25.0,0.0,0.0,0.0,0.0
26/06/2025,10:36:07,10.53,7.55,22.01,9.99,777.0,25.0,0.0,0.0,0.0,0.0
26/06/2025,10:41:55,10.53,7.55,22.04,9.99,668.0,25.0,0.0,0.0,0.0,0.0
26/06/2025,10:47:41,10.5,7.53,22.1,9.99,343.0,25.0,0.0,0.0,0.0,0.0
26/06/2025,10:53:28,10.53,7.54,22.12,9.99,560.0,25.0,0.0,0.0,0.0,0.0
26/06/2025,10:59:15,10.51,7.51,22.18,9.99,451.0,25.0,0.0,0.0,0.0,0.0
26/06/2025,11:05:02,10.52,7.52,22.26,9.99,126.0,25.0,0.0,0.0,0.0,0.0
26/06/2025,11:10:49,10.52,7.52,22.34,9.99,560.0,25.0,0.0,0.0,0.0,0.0
26/06/2025,11:16:36,10.5,7.52,22.39,9.99,451.0,25.0,0.0,0.0,0.0,0.0
26/06/2025,11:22:23,10.49,7.51,22.47,9.99,451.0,25.0,0.0,0.0,0.0,0.0
26/06/2025,11:28:09,10.48,7.51,22.63,9.99,-91.0,25.0,0.0,0.0,0.0,0.0
26/06/2025,11:33:57,10.48,7.5,22.72,9.99,668.0,25.0,0.0,0.0,0.0,0.0
26/06/2025,11:39:44,10.48,7.49,22.77,9.99,-91.0,25.0,0.0,0.0,0.0,0.0
26/06/2025,11:45:31,10.48,7.5,22.85,9.99,343.0,25.0,0.0,0.0,0.0,0.0
26/06/2025,11:51:18,10.48,7.49,22.88,9.99,234.0,25.0,0.0,0.0,0.0,0.0
26/06/2025,11:57:04,10.47,7.48,22.96,9.99,451.0,25.0,0.0,0.0,0.0,0.0
26/06/2025,12:02:52,10.47,7.48,23.01,9.99,560.0,25.0,0.0,0.0,0.0,0.0
26/06/2025,12:08:39,10.46,7.47,23.04,9.99,451.0,25.0,0.0,0.0,0.0,0.0
26/06/2025,12:14:25,10.45,7.47,23.07,9.99,777.0,25.0,0.0,0.0,0.0,0.0
26/06/2025,12:20:13,10.45,7.46,23.07,9.99,885.0,25.0,0.0,0.0,0.0,0.0
26/06/2025,12:26:00,10.45,7.46,23.09,9.99,668.0,25.0,0.0,0.0,0.0,0.0
26/06/2025,12:31:47,10.45,7.45,23.09,9.99,451.0,25.0,0.0,0.0,0.0,0.0
26/06/2025,12:37:34,10.45,7.43,23.09,9.99,451.0,25.0,0.0,0.0,0.0,0.0
26/06/2025,12:43:20,10.45,7.44,23.09,9.99,451.0,25.0,0.0,0.0,0.0,0.0
26/06/2025,12:49:08,10.44,7.43,23.12,9.99,343.0,25.0,0.0,0.0,0.0,0.0
26/06/2025,12:54:55,10.45,7.43,23.12,9.99,-91.0,25.0,0.0,0.0,0.0,0.0
26/06/2025,13:00:41,10.45,7.43,23.12,9.99,668.0,25.0,0.0,0.0,0.0,0.0
26/06/2025,13:06:29,10.45,7.43,23.12,9.99,-91.0,25.0,0.0,0.0,0.0,0.0
26/06/2025,13:12:15,10.45,7.44,23.12,9.99,451.0,25.0,0.0,0.0,0.0,0.0
26/06/2025,13:18:02,10.46,7.41,23.12,9.99,451.0,25.0,0.0,0.0,0.0,0.0
26/06/2025,13:23:50,10.45,7.41,23.12,9.99,126.0,25.0,0.0,0.0,0.0,0.0
26/06/2025,13:29:36,10.45,7.41,23.12,9.99,-308.0,25.0,0.0,0.0,0.0,0.0
26/06/2025,13:35:24,10.46,7.39,23.12,9.99,668.0,25.0,0.0,0.0,0.0,0.0
26/06/2025,13:41:11,10.45,7.39,23.12,9.99,885.0,25.0,0.0,0.0,0.0,0.0
26/06/2025,13:46:57,10.47,7.38,23.12,9.99,668.0,25.0,0.0,0.0,0.0,0.0
26/06/2025,13:52:45,10.45,7.39,23.12,9.99,451.0,25.0,0.0,0.0,0.0,0.0
26/06/2025,13:58:31,10.45,7.4,23.15,9.99,560.0,25.0,0.0,0.0,0.0,0.0
26/06/2025,14:04:18,10.45,7.38,23.15,9.99,560.0,25.0,0.0,0.0,0.0,0.0
26/06/2025,14:10:06,10.45,7.36,23.2,9.99,668.0,25.0,0.0,0.0,0.0,0.0
26/06/2025,14:15:52,10.45,7.37,23.23,9.99,777.0,25.0,0.0,0.0,0.0,0.0
26/06/2025,14:21:40,10.45,7.36,23.25,9.99,668.0,25.0,0.0,0.0,0.0,0.0
26/06/2025,14:27:27,10.45,7.36,23.31,9.99,560.0,25.0,0.0,0.0,0.0,0.0
26/06/2025,14:33:13,10.46,7.36,23.33,9.99,343.0,25.0,0.0,0.0,0.0,0.0
26/06/2025,14:39:01,10.45,7.37,23.36,9.99,234.0,25.0,0.0,0.0,0.0,0.0
26/06/2025,14:44:47,10.45,7.35,23.47,9.99,-91.0,25.0,0.0,0.0,0.0,0.0
26/06/2025,14:50:34,10.45,7.34,23.5,9.99,234.0,25.0,0.0,0.0,0.0,0.0
26/06/2025,14:56:22,10.46,7.34,23.55,9.99,343.0,25.0,0.0,0.0,0.0,0.0
26/06/2025,15:02:08,10.46,7.36,23.55,9.99,343.0,25.0,0.0,0.0,0.0,0.0
26/06/2025,15:07:56,10.45,7.34,23.6,9.99,126.0,25.0,0.0,0.0,0.0,0.0
26/06/2025,15:13:43,10.45,7.34,23.66,9.99,451.0,25.0,0.0,0.0,0.0,0.0
26/06/2025,15:19:29,10.45,7.34,23.68,9.99,126.0,25.0,0.0,0.0,0.0,0.0
26/06/2025,15:25:17,10.48,7.34,23.74,9.99,234.0,25.0,0.0,0.0,0.0,0.0
26/06/2025,15:31:04,10.46,7.33,23.74,9.99,777.0,25.0,0.0,0.0,0.0,0.0
26/06/2025,15:36:50,10.48,7.34,23.74,9.99,451.0,25.0,0.0,0.0,0.0,0.0
26/06/2025,15:42:38,10.46,7.32,23.77,9.99,234.0,25.0,0.0,0.0,0.0,0.0
26/06/2025,15:48:24,10.47,7.34,23.79,9.99,777.0,25.0,0.0,0.0,0.0,0.0
26/06/2025,15:54:11,10.46,7.33,23.82,9.99,343.0,25.0,0.0,0.0,0.0,0.0
26/06/2025,15:59:59,10.46,7.34,23.85,9.99,343.0,25.0,0.0,0.0,0.0,0.0
26/06/2025,16:05:45,10.46,7.33,23.87,9.99,-200.0,25.0,0.0,0.0,0.0,0.0
26/06/2025,16:11:33,10.47,7.33,23.98,9.99,560.0,25.0,0.0,0.0,0.0,0.0
26/06/2025,16:17:20,10.46,7.32,24.09,9.99,234.0,25.0,0.0,0.0,0.0,0.0
26/06/2025,16:23:06,10.46,7.31,24.12,9.99,560.0,25.0,0.0,0.0,0.0,0.0
26/06/2025,16:28:54,10.46,7.31,24.17,9.99,777.0,25.0,0.0,0.0,0.0,0.0
26/06/2025,16:34:40,10.46,7.32,24.17,9.99,126.0,25.0,0.0,0.0,0.0,0.0
26/06/2025,16:40:27,10.46,7.32,24.2,9.99,560.0,25.0,0.0,0.0,0.0,0.0
26/06/2025,16:46:15,10.46,7.31,24.22,9.99,343.0,25.0,0.0,0.0,0.0,0.0
26/06/2025,16:52:01,10.48,7.31,24.22,9.99,560.0,25.0,0.0,0.0,0.0,0.0
26/06/2025,16:57:49,10.47,7.29,24.25,9.99,777.0,25.0,0.0,0.0,0.0,0.0
26/06/2025,17:03:36,10.46,7.3,24.25,9.99,-91.0,25.0,0.0,0.0,0.0,0.0
26/06/2025,17:09:22,10.47,7.29,24.25,9.99,560.0,25.0,0.0,0.0,0.0,0.0
26/06/2025,17:15:10,10.48,7.3,24.25,9.99,777.0,25.0,0.0,0.0,0.0,0.0
26/06/2025,17:20:57,10.48,7.29,24.28,9.99,777.0,25.0,0.0,0.0,0.0,0.0
26/06/2025,17:26:43,10.49,7.28,24.28,9.99,126.0,25.0,0.0,0.0,0.0,0.0
26/06/2025,17:32:31,10.49,7.27,24.28,9.99,560.0,25.0,0.0,0.0,0.0,0.0
26/06/2025,17:38:17,10.51,7.3,24.28,9.99,668.0,25.0,0.0,0.0,0.0,0.0
26/06/2025,17:44:04,10.5,7.28,24.28,9.99,-200.0,25.0,0.0,0.0,0.0,0.0
26/06/2025,17:49:52,10.5,7.28,24.28,9.99,343.0,25.0,0.0,0.0,0.0,0.0
26/06/2025,17:55:38,10.51,7.3,24.28,9.99,234.0,25.0,0.0,0.0,0.0,0.0
26/06/2025,18:01:26,10.52,7.31,24.28,9.99,343.0,25.0,0.0,0.0,0.0,0.0
26/06/2025,18:07:12,10.52,7.29,24.3,9.99,560.0,25.0,0.0,0.0,0.0,0.0
26/06/2025,18:12:59,10.52,7.3,24.3,9.99,-91.0,25.0,0.0,0.0,0.0,0.0
26/06/2025,18:18:47,10.53,7.28,24.3,9.99,126.0,25.0,0.0,0.0,0.0,0.0
26/06/2025,18:24:33,10.54,7.3,24.28,9.99,343.0,25.0,0.0,0.0,0.0,0.0
26/06/2025,18:30:20,10.54,7.29,24.28,9.99,234.0,25.0,0.0,0.0,0.0,0.0
26/06/2025,18:36:07,10.54,7.29,24.28,9.99,126.0,25.0,0.0,0.0,0.0,0.0
26/06/2025,18:41:54,10.56,7.31,24.25,9.99,560.0,25.0,0.0,0.0,0.0,0.0
26/06/2025,18:47:42,10.55,7.31,24.25,9.99,451.0,25.0,0.0,0.0,0.0,0.0
26/06/2025,18:53:28,10.54,7.31,24.22,9.99,343.0,25.0,0.0,0.0,0.0,0.0
26/06/2025,18:59:15,10.54,7.32,24.2,9.99,451.0,25.0,0.0,0.0,0.0,0.0
26/06/2025,19:05:02,10.54,7.31,24.17,9.99,-91.0,25.0,0.0,0.0,0.0,0.0
26/06/2025,19:10:49,10.55,7.32,24.12,9.99,451.0,25.0,0.0,0.0,0.0,0.0
26/06/2025,19:16:36,10.55,7.34,24.12,9.99,126.0,25.0,0.0,0.0,0.0,0.0
26/06/2025,19:22:23,10.55,7.33,24.06,9.99,343.0,25.0,0.0,0.0,0.0,0.0
26/06/2025,19:28:10,10.55,7.34,24.01,9.99,126.0,25.0,0.0,0.0,0.0,0.0
26/06/2025,19:33:58,10.55,7.34,24.01,9.99,668.0,25.0,0.0,0.0,0.0,0.0
26/06/2025,19:39:44,10.56,7.33,23.93,9.99,343.0,25.0,0.0,0.0,0.0,0.0
26/06/2025,19:45:31,10.56,7.33,23.9,9.99,234.0,25.0,0.0,0.0,0.0,0.0
26/06/2025,19:51:18,10.56,7.36,23.9,9.99,668.0,25.0,0.0,0.0,0.0,0.0
26/06/2025,19:57:05,10.55,7.35,23.82,9.99,126.0,25.0,0.0,0.0,0.0,0.0
26/06/2025,20:02:52,10.54,7.35,23.79,9.99,17.0,25.0,0.0,0.0,0.0,0.0
26/06/2025,20:08:39,10.54,7.35,23.74,9.99,885.0,25.0,0.0,0.0,0.0,0.0
26/06/2025,20:14:26,10.53,7.36,23.68,9.99,777.0,25.0,0.0,0.0,0.0,0.0
26/06/2025,20:20:13,10.52,7.35,23.68,9.99,234.0,25.0,0.0,0.0,0.0,0.0
26/06/2025,20:26:00,10.49,7.38,23.68,9.99,451.0,25.0,0.0,0.0,0.0,0.0
26/06/2025,20:31:47,10.46,7.33,23.68,9.99,777.0,25.0,0.0,0.0,0.0,0.0
26/06/2025,20:37:34,10.45,7.35,23.74,9.99,560.0,25.0,0.0,0.0,0.0,0.0
26/06/2025,20:43:21,10.43,7.34,23.82,9.99,-91.0,25.0,0.0,0.0,0.0,0.0
26/06/2025,20:49:08,10.43,7.34,23.85,9.99,560.0,25.0,0.0,0.0,0.0,0.0
26/06/2025,20:54:55,10.43,7.35,23.93,9.99,777.0,25.0,0.0,0.0,0.0,0.0
26/06/2025,21:00:42,10.42,7.33,23.95,9.99,451.0,25.0,0.0,0.0,0.0,0.0
26/06/2025,21:06:28,10.43,7.34,24.01,9.99,777.0,25.0,0.0,0.0,0.0,0.0
26/06/2025,21:12:16,10.46,7.33,24.04,9.99,451.0,25.0,0.0,0.0,0.0,0.0
26/06/2025,21:18:03,10.47,7.32,24.06,9.99,343.0,25.0,0.0,0.0,0.0,0.0
26/06/2025,21:23:50,10.48,7.34,24.09,9.99,560.0,25.0,0.0,0.0,0.0,0.0
26/06/2025,21:29:37,10.49,7.34,24.09,9.99,560.0,25.0,0.0,0.0,0.0,0.0
26/06/2025,21:35:23,10.5,7.34,24.09,9.99,126.0,25.0,0.0,0.0,0.0,0.0
26/06/2025,21:41:11,10.51,7.35,24.12,9.99,343.0,25.0,0.0,0.0,0.0,0.0
26/06/2025,21:46:58,10.51,7.33,24.12,9.99,234.0,25.0,0.0,0.0,0.0,0.0
26/06/2025,21:52:44,10.51,7.32,24.14,9.99,343.0,25.0,0.0,0.0,0.0,0.0
26/06/2025,21:58:32,10.51,7.32,24.14,9.99,-308.0,25.0,0.0,0.0,0.0,0.0
26/06/2025,22:04:18,10.5,7.33,24.14,9.99,777.0,25.0,0.0,0.0,0.0,0.0
26/06/2025,22:10:05,10.5,7.3,24.09,9.99,343.0,25.0,0.0,0.0,0.0,0.0
26/06/2025,22:15:53,10.5,7.31,23.93,9.99,451.0,25.0,0.0,0.0,0.0,0.0
26/06/2025,22:21:39,10.5,7.32,23.82,9.99,560.0,25.0,0.0,0.0,0.0,0.0
26/06/2025,22:27:27,10.5,7.32,23.71,9.99,668.0,25.0,0.0,0.0,0.0,0.0
26/06/2025,22:33:13,10.5,7.34,23.55,9.99,885.0,25.0,0.0,0.0,0.0,0.0
26/06/2025,22:39:00,10.5,7.34,23.44,9.99,451.0,25.0,0.0,0.0,0.0,0.0
26/06/2025,22:44:48,10.49,7.36,23.33,9.99,777.0,25.0,0.0,0.0,0.0,0.0
26/06/2025,22:50:34,10.49,7.34,23.28,9.99,343.0,25.0,0.0,0.0,0.0,0.0
26/06/2025,22:56:21,10.48,7.36,23.2,9.99,234.0,25.0,0.0,0.0,0.0,0.0
26/06/2025,23:02:08,10.47,7.36,23.17,9.99,777.0,25.0,0.0,0.0,0.0,0.0
26/06/2025,23:07:55,10.47,7.36,23.15,9.99,343.0,25.0,0.0,0.0,0.0,0.0
26/06/2025,23:13:43,10.46,7.39,23.12,9.99,668.0,25.0,0.0,0.0,0.0,0.0
26/06/2025,23:19:29,10.46,7.38,23.12,9.99,343.0,25.0,0.0,0.0,0.0,0.0
26/06/2025,23:25:16,10.45,7.39,23.12,9.99,451.0,25.0,0.0,0.0,0.0,0.0
26/06/2025,23:31:04,10.45,7.38,23.12,9.99,885.0,25.0,0.0,0.0,0.0,0.0
26/06/2025,23:36:50,10.44,7.38,23.12,9.99,560.0,25.0,0.0,0.0,0.0,0.0
26/06/2025,23:42:37,10.44,7.38,23.12,9.99,451.0,25.0,0.0,0.0,0.0,0.0
26/06/2025,23:48:24,10.44,7.39,23.12,9.99,668.0,25.0,0.0,0.0,0.0,0.0
26/06/2025,23:54:11,10.45,7.39,23.12,9.99,560.0,25.0,0.0,0.0,0.0,0.0
26/06/2025,23:59:59,10.46,7.4,23.12,9.99,451.0,25.0,0.0,0.0,0.0,0.0
27/06/2025,00:00:00,10.45,7.4,23.12,9.99,451.0,25.0,0.0,0.0,0.0,0.0
27/06/2025,00:05:46,10.46,7.41,23.12,9.99,343.0,25.0,0.0,0.0,0.0,0.0
27/06/2025,00:11:33,10.47,7.41,23.12,9.99,668.0,25.0,0.0,0.0,0.0,0.0
27/06/2025,00:17:20,10.48,7.43,23.12,9.99,668.0,25.0,0.0,0.0,0.0,0.0
27/06/2025,00:23:07,10.48,7.43,23.12,9.99,885.0,25.0,0.0,0.0,0.0,0.0
27/06/2025,00:28:54,10.49,7.43,23.12,9.99,560.0,25.0,0.0,0.0,0.0,0.0
27/06/2025,00:34:41,10.48,7.44,23.09,9.99,343.0,25.0,0.0,0.0,0.0,0.0
27/06/2025,00:40:28,10.49,7.42,23.09,9.99,560.0,25.0,0.0,0.0,0.0,0.0
27/06/2025,00:46:15,10.49,7.44,23.09,9.99,668.0,25.0,0.0,0.0,0.0,0.0
27/06/2025,00:52:02,10.49,7.43,23.09,9.99,343.0,25.0,0.0,0.0,0.0,0.0
27/06/2025,00:57:49,10.5,7.45,23.09,9.99,885.0,25.0,0.0,0.0,0.0,0.0
27/06/2025,01:03:36,10.5,7.43,23.07,9.99,343.0,25.0,0.0,0.0,0.0,0.0
27/06/2025,01:09:23,10.5,7.45,23.04,9.99,451.0,25.0,0.0,0.0,0.0,0.0
27/06/2025,01:15:09,10.51,7.45,23.04,9.99,451.0,25.0,0.0,0.0,0.0,0.0
27/06/2025,01:20:57,10.51,7.46,23.01,9.99,668.0,25.0,0.0,0.0,0.0,0.0
27/06/2025,01:26:44,10.52,7.48,22.93,9.99,777.0,25.0,0.0,0.0,0.0,0.0
27/06/2025,01:32:31,10.54,7.47,22.88,9.99,234.0,25.0,0.0,0.0,0.0,0.0
27/06/2025,01:38:18,10.52,7.47,22.82,9.99,343.0,25.0,0.0,0.0,0.0,0.0
27/06/2025,01:44:04,10.52,7.48,22.74,9.99,885.0,25.0,0.0,0.0,0.0,0.0
27/06/2025,01:49:52,10.53,7.48,22.69,9.99,451.0,25.0,0.0,0.0,0.0,0.0
27/06/2025,01:55:39,10.51,7.48,22.66,9.99,560.0,25.0,0.0,0.0,0.0,0.0
27/06/2025,02:01:25,10.5,7.49,22.58,9.99,668.0,25.0,0.0,0.0,0.0,0.0
27/06/2025,02:07:13,10.5,7.49,22.53,9.99,777.0,25.0,0.0,0.0,0.0,0.0
27/06/2025,02:13:00,10.5,7.49,22.42,9.99,343.0,25.0,0.0,0.0,0.0,0.0
27/06/2025,02:18:47,10.49,7.5,22.39,9.99,885.0,25.0,0.0,0.0,0.0,0.0
27/06/2025,02:24:34,10.48,7.5,22.36,9.99,777.0,25.0,0.0,0.0,0.0,0.0
27/06/2025,02:30:20,10.48,7.5,22.34,9.99,777.0,25.0,0.0,0.0,0.0,0.0
27/06/2025,02:36:08,10.48,7.49,22.28,9.99,777.0,25.0,0.0,0.0,0.0,0.0
27/06/2025,02:41:55,10.47,7.5,22.26,9.99,885.0,25.0,0.0,0.0,0.0,0.0
27/06/2025,02:47:41,10.47,7.52,22.23,9.99,668.0,25.0,0.0,0.0,0.0,0.0
27/06/2025,02:53:29,10.47,7.51,22.18,9.99,343.0,25.0,0.0,0.0,0.0,0.0
27/06/2025,02:59:15,10.47,7.5,22.15,9.99,343.0,25.0,0.0,0.0,0.0,0.0
27/06/2025,03:05:03,10.47,7.51,22.15,9.99,777.0,25.0,0.0,0.0,0.0,0.0
27/06/2025,03:10:50,10.47,7.52,22.15,9.99,451.0,25.0,0.0,0.0,0.0,0.0
27/06/2025,03:16:36,10.48,7.52,22.1,9.99,343.0,25.0,0.0,0.0,0.0,0.0
27/06/2025,03:22:24,10.48,7.52,22.1,9.99,885.0,25.0,0.0,0.0,0.0,0.0
27/06/2025,03:28:10,10.49,7.51,22.07,9.99,994.0,25.0,0.0,0.0,0.0,0.0
27/06/2025,03:33:57,10.49,7.54,22.04,9.99,560.0,25.0,0.0,0.0,0.0,0.0
27/06/2025,03:39:45,10.49,7.53,22.04,9.99,451.0,25.0,0.0,0.0,0.0,0.0
27/06/2025,03:45:31,10.48,7.51,22.01,9.99,777.0,25.0,0.0,0.0,0.0,0.0
27/06/2025,03:51:19,10.48,7.53,21.99,9.99,668.0,25.0,0.0,0.0,0.0,0.0
27/06/2025,03:57:05,10.48,7.54,21.99,9.99,451.0,25.0,0.0,0.0,0.0,0.0
27/06/2025,04:02:52,10.48,7.52,21.96,9.99,560.0,25.0,0.0,0.0,0.0,0.0
27/06/2025,04:08:40,10.49,7.53,21.96,9.99,560.0,25.0,0.0,0.0,0.0,0.0
27/06/2025,04:14:26,10.48,7.54,21.93,9.99,451.0,25.0,0.0,0.0,0.0,0.0
27/06/2025,04:20:13,10.48,7.54,21.93,9.99,451.0,25.0,0.0,0.0,0.0,0.0
27/06/2025,04:26:01,10.47,7.53,21.93,9.99,668.0,25.0,0.0,0.0,0.0,0.0
27/06/2025,04:31:47,10.47,7.54,21.93,9.99,560.0,25.0,0.0,0.0,0.0,0.0
27/06/2025,04:37:35,10.47,7.55,21.93,9.99,777.0,25.0,0.0,0.0,0.0,0.0
27/06/2025,04:43:21,10.47,7.54,21.93,9.99,451.0,25.0,0.0,0.0,0.0,0.0
27/06/2025,04:49:08,10.47,7.55,21.93,9.99,885.0,25.0,0.0,0.0,0.0,0.0
27/06/2025,04:54:56,10.47,7.55,21.93,9.99,885.0,25.0,0.0,0.0,0.0,0.0
27/06/2025,05:00:42,10.47,7.55,21.93,9.99,777.0,25.0,0.0,0.0,0.0,0.0
27/06/2025,05:06:30,10.48,7.56,21.91,9.99,777.0,25.0,0.0,0.0,0.0,0.0
27/06/2025,05:12:16,10.48,7.53,21.91,9.99,560.0,25.0,0.0,0.0,0.0,0.0
27/06/2025,05:18:03,10.49,7.56,21.91,9.99,777.0,25.0,0.0,0.0,0.0,0.0
27/06/2025,05:23:51,10.49,7.56,21.91,9.99,777.0,25.0,0.0,0.0,0.0,0.0
27/06/2025,05:29:37,10.49,7.55,21.91,9.99,668.0,25.0,0.0,0.0,0.0,0.0
27/06/2025,05:35:24,10.48,7.55,21.91,9.99,777.0,25.0,0.0,0.0,0.0,0.0
27/06/2025,05:41:11,10.49,7.57,21.91,9.99,451.0,25.0,0.0,0.0,0.0,0.0
27/06/2025,05:46:58,10.48,7.56,21.91,9.99,885.0,25.0,0.0,0.0,0.0,0.0
27/06/2025,05:52:46,10.48,7.57,21.91,9.99,777.0,25.0,0.0,0.0,0.0,0.0
27/06/2025,05:58:32,10.48,7.58,21.91,9.99,777.0,25.0,0.0,0.0,0.0,0.0
27/06/2025,06:04:19,10.49,7.57,21.91,9.99,777.0,25.0,0.0,0.0,0.0,0.0
27/06/2025,06:10:07,10.47,7.56,21.91,9.99,777.0,25.0,0.0,0.0,0.0,0.0
27/06/2025,06:15:53,10.49,7.57,21.91,9.99,668.0,25.0,0.0,0.0,0.0,0.0
27/06/2025,06:21:40,10.47,7.55,21.91,9.99,668.0,25.0,0.0,0.0,0.0,0.0
27/06/2025,06:27:27,10.47,7.56,21.91,9.99,343.0,25.0,0.0,0.0,0.0,0.0
27/06/2025,06:33:14,10.47,7.57,21.91,9.99,560.0,25.0,0.0,0.0,0.0,0.0
27/06/2025,06:39:01,10.46,7.57,21.91,9.99,560.0,25.0,0.0,0.0,0.0,0.0
27/06/2025,06:44:48,10.46,7.57,21.91,9.99,560.0,25.0,0.0,0.0,0.0,0.0
27/06/2025,06:50:35,10.46,7.57,21.91,9.99,451.0,25.0,0.0,0.0,0.0,0.0
27/06/2025,06:56:22,10.46,7.58,21.91,9.99,234.0,25.0,0.0,0.0,0.0,0.0
27/06/2025,07:02:09,10.46,7.57,21.91,9.99,451.0,25.0,0.0,0.0,0.0,0.0
27/06/2025,07:07:55,10.46,7.58,21.91,9.99,777.0,25.0,0.0,0.0,0.0,0.0
27/06/2025,07:13:43,10.45,7.57,21.91,9.99,343.0,25.0,0.0,0.0,0.0,0.0
27/06/2025,07:19:30,10.46,7.58,21.91,9.99,343.0,25.0,0.0,0.0,0.0,0.0
27/06/2025,07:25:17,10.48,7.59,21.91,9.99,451.0,25.0,0.0,0.0,0.0,0.0
27/06/2025,07:31:04,10.47,7.58,21.91,9.99,668.0,25.0,0.0,0.0,0.0,0.0
27/06/2025,07:36:50,10.46,7.58,21.91,9.99,668.0,25.0,0.0,0.0,0.0,0.0
27/06/2025,07:42:38,10.46,7.58,21.91,9.99,668.0,25.0,0.0,0.0,0.0,0.0
27/06/2025,07:48:25,10.47,7.57,21.91,9.99,777.0,25.0,0.0,0.0,0.0,0.0
27/06/2025,07:54:11,10.46,7.58,21.91,9.99,560.0,25.0,0.0,0.0,0.0,0.0
27/06/2025,07:59:59,10.46,7.59,21.91,9.99,668.0,25.0,0.0,0.0,0.0,0.0
27/06/2025,08:05:46,10.46,7.58,21.91,9.99,560.0,25.0,0.0,0.0,0.0,0.0
27/06/2025,08:11:33,10.46,7.57,21.91,9.99,668.0,25.0,0.0,0.0,0.0,0.0
27/06/2025,08:17:20,10.46,7.57,21.91,9.99,343.0,25.0,0.0,0.0,0.0,0.0
27/06/2025,08:23:06,10.47,7.59,21.91,9.99,560.0,25.0,0.0,0.0,0.0,0.0
27/06/2025,08:28:54,10.47,7.58,21.91,9.99,668.0,25.0,0.0,0.0,0.0,0.0
27/06/2025,08:34:41,10.47,7.59,21.91,9.99,668.0,25.0,0.0,0.0,0.0,0.0
27/06/2025,08:40:27,10.46,7.59,21.91,9.99,668.0,25.0,0.0,0.0,0.0,0.0
27/06/2025,08:46:15,10.47,7.58,21.91,9.99,560.0,25.0,0.0,0.0,0.0,0.0
27/06/2025,08:52:01,10.47,7.59,21.91,9.99,560.0,25.0,0.0,0.0,0.0,0.0
27/06/2025,08:57:49,10.46,7.59,21.91,9.99,777.0,25.0,0.0,0.0,0.0,0.0
27/06/2025,09:03:36,10.46,7.6,21.91,9.99,451.0,25.0,0.0,0.0,0.0,0.0
27/06/2025,09:09:22,10.46,7.6,21.91,9.99,234.0,25.0,0.0,0.0,0.0,0.0
27/06/2025,09:15:10,10.45,7.62,21.91,9.99,-91.0,25.0,0.0,0.0,0.0,0.0
27/06/2025,09:20:57,10.46,7.61,21.91,9.99,560.0,25.0,0.0,0.0,0.0,0.0
27/06/2025,09:26:43,10.47,7.61,21.93,9.99,234.0,25.0,0.0,0.0,0.0,0.0
27/06/2025,09:32:31,10.46,7.59,21.96,9.99,17.0,25.0,0.0,0.0,0.0,0.0
27/06/2025,09:38:17,10.46,7.6,22.01,9.99,451.0,25.0,0.0,0.0,0.0,0.0
27/06/2025,09:44:05,10.46,7.57,22.12,9.99,17.0,25.0,0.0,0.0,0.0,0.0
27/06/2025,09:49:52,10.47,7.58,22.18,9.99,885.0,25.0,0.0,0.0,0.0,0.0
27/06/2025,09:55:38,10.47,7.57,22.31,9.99,343.0,25.0,0.0,0.0,0.0,0.0
27/06/2025,10:01:26,10.47,7.55,22.42,9.99,451.0,25.0,0.0,0.0,0.0,0.0
27/06/2025,10:07:12,10.51,7.55,22.53,9.99,451.0,25.0,0.0,0.0,0.0,0.0
27/06/2025,10:13:00,10.48,7.54,22.66,9.99,17.0,25.0,0.0,0.0,0.0,0.0
27/06/2025,10:18:47,10.47,7.53,22.72,9.99,560.0,25.0,0.0,0.0,0.0,0.0
27/06/2025,10:24:33,10.48,7.54,22.8,9.99,343.0,25.0,0.0,0.0,0.0,0.0
27/06/2025,10:30:21,10.48,7.53,22.85,9.99,126.0,25.0,0.0,0.0,0.0,0.0
27/06/2025,10:36:08,10.49,7.54,22.93,9.99,234.0,25.0,0.0,0.0,0.0,0.0
27/06/2025,10:41:54,10.5,7.52,22.96,9.99,126.0,25.0,0.0,0.0,0.0,0.0
27/06/2025,10:47:42,10.5,7.52,22.98,9.99,777.0,25.0,0.0,0.0,0.0,0.0
27/06/2025,10:53:28,10.5,7.51,23.01,9.99,451.0,25.0,0.0,0.0,0.0,0.0
27/06/2025,10:59:16,10.51,7.51,23.01,9.99,-91.0,25.0,0.0,0.0,0.0,0.0
27/06/2025,11:05:03,10.51,7.5,23.04,9.99,343.0,25.0,0.0,0.0,0.0,0.0
27/06/2025,11:10:49,10.51,7.5,23.04,9.99,777.0,25.0,0.0,0.0,0.0,0.0
27/06/2025,11:16:37,10.5,7.5,23.07,9.99,234.0,25.0,0.0,0.0,0.0,0.0
27/06/2025,11:22:23,10.49,7.49,23.09,9.99,560.0,25.0,0.0,0.0,0.0,0.0
27/06/2025,11:28:10,10.48,7.5,23.09,9.99,17.0,25.0,0.0,0.0,0.0,0.0
27/06/2025,11:33:58,10.48,7.49,23.09,9.99,885.0,25.0,0.0,0.0,0.0,0.0
27/06/2025,11:39:44,10.47,7.48,23.09,9.99,451.0,25.0,0.0,0.0,0.0,0.0
27/06/2025,11:45:32,10.47,7.46,23.09,9.99,343.0,25.0,0.0,0.0,0.0,0.0
27/06/2025,11:51:19,10.48,7.48,23.09,9.99,668.0,25.0,0.0,0.0,0.0,0.0
27/06/2025,11:57:05,10.5,7.48,23.09,9.99,126.0,25.0,0.0,0.0,0.0,0.0
27/06/2025,12:02:53,10.48,7.48,23.12,9.99,234.0,25.0,0.0,0.0,0.0,0.0
27/06/2025,12:08:39,10.47,7.46,23.12,9.99,343.0,25.0,0.0,0.0,0.0,0.0
27/06/2025,12:14:26,10.46,7.46,23.12,9.99,126.0,25.0,0.0,0.0,0.0,0.0
27/06/2025,12:20:14,10.45,7.47,23.12,9.99,-200.0,25.0,0.0,0.0,0.0,0.0
27/06/2025,12:26:00,10.45,7.47,23.12,9.99,343.0,25.0,0.0,0.0,0.0,0.0
27/06/2025,12:31:48,10.45,7.46,23.12,9.99,343.0,25.0,0.0,0.0,0.0,0.0
27/06/2025,12:37:34,10.45,7.45,23.12,9.99,560.0,25.0,0.0,0.0,0.0,0.0
27/06/2025,12:43:21,10.46,7.47,23.12,9.99,126.0,51.0,0.0,0.0,0.0,0.0
27/06/2025,12:49:09,10.76,7.42,23.12,9.99,17.0,51.0,0.0,0.0,0.0,0.0
27/06/2025,12:54:55,10.42,7.5,23.17,9.99,-200.0,51.0,0.0,0.0,0.0,0.0
27/06/2025,13:00:42,10.37,7.49,23.28,9.99,234.0,51.0,0.0,0.0,0.0,0.0
27/06/2025,13:06:30,10.39,7.47,23.42,9.99,126.0,51.0,0.0,0.0,0.0,0.0
27/06/2025,13:12:16,10.42,7.45,23.6,9.99,126.0,51.0,0.0,0.0,0.0,0.0
27/06/2025,13:18:04,10.45,7.46,23.82,9.99,234.0,51.0,0.0,0.0,0.0,0.0
27/06/2025,13:23:50,10.48,7.43,23.98,9.99,451.0,51.0,0.0,0.0,0.0,0.0
27/06/2025,13:29:37,10.49,7.43,24.12,9.99,126.0,51.0,0.0,0.0,0.0,0.0
27/06/2025,13:35:25,10.5,7.44,24.2,9.99,560.0,51.0,0.0,0.0,0.0,0.0
27/06/2025,13:41:11,10.51,7.42,24.25,9.99,668.0,51.0,0.0,0.0,0.0,0.0
27/06/2025,13:46:58,10.54,7.39,24.28,9.99,451.0,51.0,0.0,0.0,0.0,0.0
27/06/2025,13:52:45,10.52,7.39,24.3,9.99,-200.0,51.0,0.0,0.0,0.0,0.0
27/06/2025,13:58:32,10.52,7.37,24.3,9.99,343.0,51.0,0.0,0.0,0.0,0.0
27/06/2025,14:04:20,10.52,7.35,24.33,9.99,-200.0,51.0,0.0,0.0,0.0,0.0
27/06/2025,14:10:06,10.54,7.35,24.33,9.99,451.0,51.0,0.0,0.0,0.0,0.0
27/06/2025,14:15:53,10.55,7.34,24.33,9.99,126.0,51.0,0.0,0.0,0.0,0.0
27/06/2025,14:21:40,10.54,7.33,24.33,9.99,451.0,51.0,0.0,0.0,0.0,0.0
27/06/2025,14:27:27,10.55,7.32,24.33,9.99,343.0,51.0,0.0,0.0,0.0,0.0
27/06/2025,14:33:15,10.56,7.31,24.33,9.99,234.0,51.0,0.0,0.0,0.0,0.0
27/06/2025,14:39:01,10.55,7.31,24.33,9.99,343.0,51.0,0.0,0.0,0.0,0.0
27/06/2025,14:44:48,10.55,7.32,24.36,9.99,17.0,51.0,0.0,0.0,0.0,0.0
27/06/2025,14:50:35,10.55,7.31,24.36,9.99,-91.0,51.0,0.0,0.0,0.0,0.0
27/06/2025,14:56:22,10.55,7.32,24.44,9.99,126.0,51.0,0.0,0.0,0.0,0.0
27/06/2025,15:02:09,10.55,7.29,24.49,9.99,17.0,51.0,0.0,0.0,0.0,0.0
27/06/2025,15:07:56,10.55,7.3,24.57,9.99,-308.0,51.0,0.0,0.0,0.0,0.0
27/06/2025,15:13:43,10.55,7.27,24.6,9.99,343.0,51.0,0.0,0.0,0.0,0.0
27/06/2025,15:19:30,10.55,7.29,24.68,9.99,-200.0,51.0,0.0,0.0,0.0,0.0
27/06/2025,15:25:17,10.54,7.28,24.76,9.99,126.0,51.0,0.0,0.0,0.0,0.0
27/06/2025,15:31:04,10.55,7.28,24.82,9.99,343.0,51.0,0.0,0.0,0.0,0.0
27/06/2025,15:36:51,10.55,7.26,24.92,9.99,668.0,51.0,0.0,0.0,0.0,0.0
27/06/2025,15:42:38,10.55,7.29,25.01,9.99,126.0,51.0,0.0,0.0,0.0,0.0
27/06/2025,15:48:25,10.55,7.28,25.06,9.99,234.0,51.0,0.0,0.0,0.0,0.0
27/06/2025,15:54:12,10.55,7.27,25.17,9.99,17.0,51.0,0.0,0.0,0.0,0.0
27/06/2025,15:59:59,10.55,7.28,25.19,9.99,343.0,51.0,0.0,0.0,0.0,0.0
27/06/2025,16:05:46,10.55,7.26,25.27,9.99,17.0,51.0,0.0,0.0,0.0,0.0
27/06/2025,16:11:33,10.54,7.27,25.33,9.99,126.0,51.0,0.0,0.0,0.0,0.0
27/06/2025,16:17:20,10.54,7.27,25.38,9.99,451.0,51.0,0.0,0.0,0.0,0.0
27/06/2025,16:23:07,10.55,7.25,25.38,9.99,234.0,51.0,0.0,0.0,0.0,0.0
27/06/2025,16:28:54,10.56,7.27,25.41,9.99,126.0,51.0,0.0,0.0,0.0,0.0
27/06/2025,16:34:40,10.55,7.26,25.44,9.99,126.0,51.0,0.0,0.0,0.0,0.0
27/06/2025,16:40:28,10.55,7.25,25.46,9.99,-91.0,51.0,0.0,0.0,0.0,0.0
27/06/2025,16:46:15,10.55,7.25,25.49,9.99,17.0,51.0,0.0,0.0,0.0,0.0
27/06/2025,16:52:02,10.56,7.24,25.49,9.99,17.0,51.0,0.0,0.0,0.0,0.0
27/06/2025,16:57:49,10.56,7.23,25.49,9.99,-91.0,51.0,0.0,0.0,0.0,0.0
27/06/2025,17:03:36,10.56,7.21,25.52,9.99,234.0,51.0,0.0,0.0,0.0,0.0
27/06/2025,17:09:23,10.56,7.23,25.52,9.99,17.0,51.0,0.0,0.0,0.0,0.0
27/06/2025,17:15:10,10.56,7.23,25.52,9.99,343.0,51.0,0.0,0.0,0.0,0.0
27/06/2025,17:20:56,10.57,7.22,25.52,9.99,-91.0,51.0,0.0,0.0,0.0,0.0
27/06/2025,17:26:44,10.56,7.21,25.52,9.99,-91.0,51.0,0.0,0.0,0.0,0.0
27/06/2025,17:32:31,10.57,7.2,25.52,9.99,-91.0,51.0,0.0,0.0,0.0,0.0
27/06/2025,17:38:18,10.57,7.19,25.52,9.99,-308.0,51.0,0.0,0.0,0.0,0.0
27/06/2025,17:44:05,10.57,7.18,25.52,9.99,126.0,51.0,0.0,0.0,0.0,0.0
27/06/2025,17:49:51,10.58,7.17,25.52,9.99,126.0,51.0,0.0,0.0,0.0,0.0
27/06/2025,17:55:39,10.59,7.17,25.52,9.99,451.0,51.0,0.0,0.0,0.0,0.0
27/06/2025,18:01:26,10.59,7.17,25.52,9.99,126.0,51.0,0.0,0.0,0.0,0.0
27/06/2025,18:07:12,10.59,7.15,25.52,9.99,126.0,51.0,0.0,0.0,0.0,0.0
27/06/2025,18:13:00,10.6,7.17,25.52,9.99,-91.0,51.0,0.0,0.0,0.0,0.0
27/06/2025,18:18:46,10.6,7.16,25.52,9.99,126.0,51.0,0.0,0.0,0.0,0.0
27/06/2025,18:24:34,10.6,7.16,25.52,9.99,-308.0,51.0,0.0,0.0,0.0,0.0
27/06/2025,18:30:21,10.63,7.18,25.52,9.99,-200.0,51.0,0.0,0.0,0.0,0.0
27/06/2025,18:36:07,10.6,7.16,25.52,9.99,343.0,51.0,0.0,0.0,0.0,0.0
27/06/2025,18:41:55,10.6,7.17,25.54,9.99,451.0,51.0,0.0,0.0,0.0,0.0
27/06/2025,18:47:41,10.6,7.17,25.52,9.99,668.0,51.0,0.0,0.0,0.0,0.0
27/06/2025,18:53:28,10.61,7.17,25.52,9.99,234.0,51.0,0.0,0.0,0.0,0.0
27/06/2025,18:59:16,10.61,7.19,25.52,9.99,343.0,51.0,0.0,0.0,0.0,0.0
27/06/2025,19:05:02,10.61,7.19,25.52,9.99,234.0,51.0,0.0,0.0,0.0,0.0
27/06/2025,19:10:50,10.62,7.17,25.52,9.99,126.0,51.0,0.0,0.0,0.0,0.0
27/06/2025,19:16:36,10.63,7.18,25.52,9.99,-91.0,51.0,0.0,0.0,0.0,0.0
27/06/2025,19:22:23,10.62,7.17,25.52,9.99,-91.0,51.0,0.0,0.0,0.0,0.0
27/06/2025,19:28:11,10.62,7.18,25.52,9.99,560.0,51.0,0.0,0.0,0.0,0.0
27/06/2025,19:33:57,10.62,7.19,25.52,9.99,17.0,51.0,0.0,0.0,0.0,0.0
27/06/2025,19:39:45,10.62,7.19,25.52,9.99,343.0,51.0,0.0,0.0,0.0,0.0
27/06/2025,19:45:31,10.62,7.19,25.52,9.99,126.0,51.0,0.0,0.0,0.0,0.0
27/06/2025,19:51:18,10.63,7.19,25.52,9.99,126.0,51.0,0.0,0.0,0.0,0.0
27/06/2025,19:57:06,10.63,7.2,25.52,9.99,-91.0,51.0,0.0,0.0,0.0,0.0
27/06/2025,20:02:52,10.63,7.18,25.52,9.99,-200.0,51.0,0.0,0.0,0.0,0.0
27/06/2025,20:08:39,10.64,7.18,25.52,9.99,17.0,51.0,0.0,0.0,0.0,0.0
27/06/2025,20:14:26,10.64,7.19,25.52,9.99,234.0,51.0,0.0,0.0,0.0,0.0
27/06/2025,20:20:13,10.64,7.18,25.52,9.99,126.0,51.0,0.0,0.0,0.0,0.0
27/06/2025,20:26:01,10.63,7.19,25.52,9.99,343.0,51.0,0.0,0.0,0.0,0.0
27/06/2025,20:31:47,10.62,7.2,25.49,9.99,126.0,51.0,0.0,0.0,0.0,0.0
27/06/2025,20:37:34,10.62,7.2,25.49,9.99,-525.0,51.0,0.0,0.0,0.0,0.0
27/06/2025,20:43:21,10.61,7.19,25.49,9.99,126.0,51.0,0.0,0.0,0.0,0.0
27/06/2025,20:49:08,10.61,7.2,25.49,9.99,17.0,51.0,0.0,0.0,0.0,0.0
27/06/2025,20:54:55,10.61,7.2,25.49,9.99,17.0,51.0,0.0,0.0,0.0,0.0
27/06/2025,21:00:42,10.61,7.21,25.49,9.99,234.0,51.0,0.0,0.0,0.0,0.0
27/06/2025,21:06:29,10.6,7.22,25.49,9.99,234.0,51.0,0.0,0.0,0.0,0.0
27/06/2025,21:12:17,10.58,7.19,25.49,9.99,343.0,51.0,0.0,0.0,0.0,0.0
27/06/2025,21:18:03,10.56,7.2,25.49,9.99,668.0,51.0,0.0,0.0,0.0,0.0
27/06/2025,21:23:50,10.54,7.2,25.52,9.99,-91.0,51.0,0.0,0.0,0.0,0.0
27/06/2025,21:29:37,10.53,7.19,25.52,9.99,17.0,51.0,0.0,0.0,0.0,0.0
27/06/2025,21:35:24,10.51,7.18,25.52,9.99,-308.0,51.0,0.0,0.0,0.0,0.0
27/06/2025,21:41:10,10.5,7.19,25.52,9.99,451.0,51.0,0.0,0.0,0.0,0.0
27/06/2025,21:46:58,10.5,7.17,25.54,9.99,234.0,51.0,0.0,0.0,0.0,0.0
27/06/2025,21:52:45,10.49,7.17,25.54,9.99,885.0,51.0,0.0,0.0,0.0,0.0
27/06/2025,21:58:32,10.49,7.17,25.54,9.99,-91.0,51.0,0.0,0.0,0.0,0.0
27/06/2025,22:04:19,10.5,7.16,25.54,9.99,560.0,51.0,0.0,0.0,0.0,0.0
27/06/2025,22:10:06,10.5,7.13,25.54,9.99,777.0,51.0,0.0,0.0,0.0,0.0
27/06/2025,22:15:53,10.5,7.15,25.52,9.99,560.0,51.0,0.0,0.0,0.0,0.0
27/06/2025,22:21:40,10.5,7.16,25.46,9.99,560.0,51.0,0.0,0.0,0.0,0.0
27/06/2025,22:27:26,10.52,7.18,25.36,9.99,560.0,51.0,0.0,0.0,0.0,0.0
27/06/2025,22:33:14,10.49,7.19,25.25,9.99,560.0,51.0,0.0,0.0,0.0,0.0
27/06/2025,22:39:01,10.49,7.2,25.01,9.99,451.0,51.0,0.0,0.0,0.0,0.0
27/06/2025,22:44:48,10.49,7.21,24.82,9.99,668.0,51.0,0.0,0.0,0.0,0.0
27/06/2025,22:50:35,10.49,7.22,24.65,9.99,560.0,51.0,0.0,0.0,0.0,0.0
27/06/2025,22:56:21,10.48,7.23,24.49,9.99,126.0,51.0,0.0,0.0,0.0,0.0
27/06/2025,23:02:09,10.48,7.23,24.41,9.99,451.0,51.0,0.0,0.0,0.0,0.0
27/06/2025,23:07:56,10.48,7.25,24.36,9.99,885.0,51.0,0.0,0.0,0.0,0.0
27/06/2025,23:13:42,10.47,7.26,24.33,9.99,451.0,51.0,0.0,0.0,0.0,0.0
27/06/2025,23:19:30,10.47,7.28,24.33,9.99,451.0,51.0,0.0,0.0,0.0,0.0
27/06/2025,23:25:16,10.46,7.28,24.33,9.99,777.0,51.0,0.0,0.0,0.0,0.0
27/06/2025,23:31:04,10.46,7.27,24.33,9.99,343.0,51.0,0.0,0.0,0.0,0.0
27/06/2025,23:36:51,10.46,7.3,24.33,9.99,885.0,51.0,0.0,0.0,0.0,0.0
27/06/2025,23:42:37,10.45,7.3,24.33,9.99,451.0,51.0,0.0,0.0,0.0,0.0
27/06/2025,23:48:25,10.47,7.3,24.3,9.99,451.0,51.0,0.0,0.0,0.0,0.0
27/06/2025,23:54:12,10.45,7.31,24.3,9.99,343.0,51.0,0.0,0.0,0.0,0.0
27/06/2025,23:59:59,10.45,7.33,24.28,9.99,343.0,51.0,0.0,0.0,0.0,0.0
28/06/2025,00:00:00,10.45,7.33,24.28,9.99,451.0,51.0,0.0,0.0,0.0,0.0
28/06/2025,00:05:47,10.48,7.33,24.25,9.99,343.0,51.0,0.0,0.0,0.0,0.0
28/06/2025,00:11:33,10.45,7.34,24.22,9.99,17.0,51.0,0.0,0.0,0.0,0.0
28/06/2025,00:17:21,10.46,7.34,24.14,9.99,343.0,51.0,0.0,0.0,0.0,0.0
28/06/2025,00:23:08,10.46,7.37,24.04,9.99,234.0,51.0,0.0,0.0,0.0,0.0
28/06/2025,00:28:54,10.47,7.36,23.93,9.99,126.0,51.0,0.0,0.0,0.0,0.0
28/06/2025,00:34:42,10.48,7.36,23.77,9.99,451.0,51.0,0.0,0.0,0.0,0.0
28/06/2025,00:40:28,10.48,7.36,23.63,9.99,-91.0,51.0,0.0,0.0,0.0,0.0
28/06/2025,00:46:15,10.48,7.38,23.52,9.99,126.0,51.0,0.0,0.0,0.0,0.0
28/06/2025,00:52:03,10.49,7.4,23.44,9.99,343.0,51.0,0.0,0.0,0.0,0.0
28/06/2025,00:57:49,10.48,7.38,23.33,9.99,343.0,51.0,0.0,0.0,0.0,0.0
28/06/2025,01:03:37,10.48,7.41,23.25,9.99,234.0,51.0,0.0,0.0,0.0,0.0
28/06/2025,01:09:23,10.49,7.42,23.2,9.99,451.0,51.0,0.0,0.0,0.0,0.0
28/06/2025,01:15:10,10.49,7.42,23.15,9.99,451.0,51.0,0.0,0.0,0.0,0.0
28/06/2025,01:20:58,10.51,7.42,23.12,9.99,560.0,51.0,0.0,0.0,0.0,0.0
28/06/2025,01:26:44,10.52,7.44,23.12,9.99,17.0,51.0,0.0,0.0,0.0,0.0
28/06/2025,01:32:31,10.53,7.43,23.12,9.99,451.0,51.0,0.0,0.0,0.0,0.0
28/06/2025,01:38:18,10.53,7.44,23.12,9.99,17.0,51.0,0.0,0.0,0.0,0.0
28/06/2025,01:44:05,10.53,7.46,23.12,9.99,343.0,51.0,0.0,0.0,0.0,0.0
28/06/2025,01:49:53,10.53,7.46,23.12,9.99,777.0,51.0,0.0,0.0,0.0,0.0
28/06/2025,01:55:39,10.54,7.48,23.12,9.99,234.0,51.0,0.0,0.0,0.0,0.0
28/06/2025,02:01:26,10.53,7.49,23.09,9.99,451.0,51.0,0.0,0.0,0.0,0.0
28/06/2025,02:07:14,10.52,7.47,23.09,9.99,560.0,51.0,0.0,0.0,0.0,0.0
28/06/2025,02:13:00,10.52,7.49,23.09,9.99,17.0,51.0,0.0,0.0,0.0,0.0
28/06/2025,02:18:47,10.52,7.48,23.07,9.99,451.0,51.0,0.0,0.0,0.0,0.0
28/06/2025,02:24:34,10.51,7.49,23.04,9.99,777.0,51.0,0.0,0.0,0.0,0.0
28/06/2025,02:30:21,10.5,7.52,23.01,9.99,668.0,51.0,0.0,0.0,0.0,0.0
28/06/2025,02:36:09,10.5,7.5,22.98,9.99,560.0,51.0,0.0,0.0,0.0,0.0
28/06/2025,02:41:55,10.48,7.51,22.96,9.99,560.0,51.0,0.0,0.0,0.0,0.0
28/06/2025,02:47:42,10.47,7.53,22.9,9.99,777.0,51.0,0.0,0.0,0.0,0.0
28/06/2025,02:53:29,10.46,7.52,22.88,9.99,343.0,51.0,0.0,0.0,0.0,0.0
28/06/2025,02:59:16,10.45,7.54,22.85,9.99,451.0,51.0,0.0,0.0,0.0,0.0
28/06/2025,03:05:03,10.44,7.52,22.82,9.99,17.0,51.0,0.0,0.0,0.0,0.0
28/06/2025,03:10:50,10.45,7.54,22.8,9.99,343.0,51.0,0.0,0.0,0.0,0.0
28/06/2025,03:16:37,10.46,7.54,22.74,9.99,234.0,51.0,0.0,0.0,0.0,0.0
28/06/2025,03:22:24,10.47,7.54,22.69,9.99,451.0,51.0,0.0,0.0,0.0,0.0
28/06/2025,03:28:11,10.48,7.54,22.55,9.99,343.0,51.0,0.0,0.0,0.0,0.0
28/06/2025,03:33:58,10.49,7.55,22.55,9.99,668.0,51.0,0.0,0.0,0.0,0.0
28/06/2025,03:39:45,10.51,7.56,22.45,9.99,451.0,51.0,0.0,0.0,0.0,0.0
28/06/2025,03:45:32,10.5,7.57,22.34,9.99,777.0,51.0,0.0,0.0,0.0,0.0
28/06/2025,03:51:18,10.5,7.56,22.34,9.99,560.0,51.0,0.0,0.0,0.0,0.0
28/06/2025,03:57:06,10.51,7.57,22.23,9.99,234.0,51.0,0.0,0.0,0.0,0.0
28/06/2025,04:02:53,10.51,7.56,22.15,9.99,343.0,51.0,0.0,0.0,0.0,0.0
28/06/2025,04:08:40,10.51,7.57,22.12,9.99,560.0,51.0,0.0,0.0,0.0,0.0
28/06/2025,04:14:27,10.5,7.58,22.1,9.99,560.0,51.0,0.0,0.0,0.0,0.0
28/06/2025,04:20:14,10.49,7.57,22.04,9.99,560.0,51.0,0.0,0.0,0.0,0.0
28/06/2025,04:26:01,10.49,7.6,21.99,9.99,451.0,51.0,0.0,0.0,0.0,0.0
28/06/2025,04:31:48,10.48,7.58,21.96,9.99,451.0,51.0,0.0,0.0,0.0,0.0
28/06/2025,04:37:34,10.48,7.58,21.96,9.99,343.0,51.0,0.0,0.0,0.0,0.0
28/06/2025,04:43:22,10.48,7.6,21.93,9.99,343.0,51.0,0.0,0.0,0.0,0.0
28/06/2025,04:49:09,10.48,7.62,21.93,9.99,234.0,51.0,0.0,0.0,0.0,0.0
28/06/2025,04:54:56,10.48,7.59,21.93,9.99,126.0,51.0,0.0,0.0,0.0,0.0
28/06/2025,05:00:43,10.47,7.6,21.93,9.99,17.0,51.0,0.0,0.0,0.0,0.0
28/06/2025,05:06:29,10.47,7.61,21.93,9.99,560.0,51.0,0.0,0.0,0.0,0.0
28/06/2025,05:12:17,10.5,7.6,21.91,9.99,343.0,51.0,0.0,0.0,0.0,0.0
28/06/2025,05:18:04,10.5,7.61,21.91,9.99,451.0,51.0,0.0,0.0,0.0,0.0
28/06/2025,05:23:50,10.5,7.61,21.91,9.99,343.0,51.0,0.0,0.0,0.0,0.0
28/06/2025,05:29:38,10.5,7.61,21.91,9.99,234.0,51.0,0.0,0.0,0.0,0.0
28/06/2025,05:35:24,10.5,7.62,21.91,9.99,451.0,51.0,0.0,0.0,0.0,0.0
28/06/2025,05:41:12,10.49,7.64,21.91,9.99,777.0,51.0,0.0,0.0,0.0,0.0
28/06/2025,05:46:59,10.49,7.63,21.91,9.99,343.0,51.0,0.0,0.0,0.0,0.0
28/06/2025,05:52:45,10.48,7.63,21.91,9.99,560.0,51.0,0.0,0.0,0.0,0.0
28/06/2025,05:58:33,10.47,7.63,21.91,9.99,234.0,51.0,0.0,0.0,0.0,0.0
28/06/2025,06:04:19,10.47,7.64,21.91,9.99,668.0,51.0,0.0,0.0,0.0,0.0
28/06/2025,06:10:06,10.46,7.65,21.91,9.99,560.0,51.0,0.0,0.0,0.0,0.0
28/06/2025,06:15:54,10.46,7.64,21.91,9.99,343.0,51.0,0.0,0.0,0.0,0.0
28/06/2025,06:21:40,10.46,7.63,21.91,9.99,560.0,51.0,0.0,0.0,0.0,0.0
28/06/2025,06:27:28,10.46,7.65,21.91,9.99,234.0,51.0,0.0,0.0,0.0,0.0
28/06/2025,06:33:15,10.45,7.63,21.91,9.99,343.0,51.0,0.0,0.0,0.0,0.0
28/06/2025,06:39:01,10.45,7.65,21.91,9.99,451.0,51.0,0.0,0.0,0.0,0.0
28/06/2025,06:44:49,10.45,7.65,21.91,9.99,668.0,51.0,0.0,0.0,0.0,0.0
28/06/2025,06:50:35,10.45,7.65,21.91,9.99,560.0,51.0,0.0,0.0,0.0,0.0
28/06/2025,06:56:22,10.46,7.66,21.91,9.99,343.0,51.0,0.0,0.0,0.0,0.0
28/06/2025,07:02:10,10.46,7.66,21.91,9.99,451.0,51.0,0.0,0.0,0.0,0.0
28/06/2025,07:07:56,10.46,7.66,21.91,9.99,234.0,51.0,0.0,0.0,0.0,0.0
28/06/2025,07:13:44,10.47,7.67,21.91,9.99,560.0,51.0,0.0,0.0,0.0,0.0
28/06/2025,07:19:30,10.45,7.66,21.91,9.99,560.0,51.0,0.0,0.0,0.0,0.0
28/06/2025,07:25:17,10.46,7.66,21.91,9.99,343.0,51.0,0.0,0.0,0.0,0.0
28/06/2025,07:31:05,10.45,7.66,21.91,9.99,560.0,51.0,0.0,0.0,0.0,0.0
28/06/2025,07:36:51,10.46,7.67,21.91,9.99,777.0,51.0,0.0,0.0,0.0,0.0
28/06/2025,07:42:38,10.45,7.66,21.91,9.99,560.0,51.0,0.0,0.0,0.0,0.0
28/06/2025,07:48:25,10.45,7.66,21.91,9.99,343.0,51.0,0.0,0.0,0.0,0.0
28/06/2025,07:54:12,10.46,7.66,21.91,9.99,668.0,51.0,0.0,0.0,0.0,0.0
28/06/2025,08:00:00,10.46,7.68,21.91,9.99,126.0,51.0,0.0,0.0,0.0,0.0
28/06/2025,08:05:46,10.46,7.67,21.88,9.99,668.0,51.0,0.0,0.0,0.0,0.0
28/06/2025,08:11:33,10.47,7.68,21.88,9.99,560.0,51.0,0.0,0.0,0.0,0.0
28/06/2025,08:17:20,10.45,7.67,21.88,9.99,560.0,51.0,0.0,0.0,0.0,0.0
28/06/2025,08:23:07,10.46,7.68,21.88,9.99,234.0,51.0,0.0,0.0,0.0,0.0
28/06/2025,08:28:54,10.46,7.66,21.88,9.99,-308.0,51.0,0.0,0.0,0.0,0.0
28/06/2025,08:34:41,10.46,7.67,21.88,9.99,17.0,51.0,0.0,0.0,0.0,0.0
28/06/2025,08:40:28,10.46,7.68,21.88,9.99,234.0,51.0,0.0,0.0,0.0,0.0
28/06/2025,08:46:14,10.46,7.69,21.88,9.99,343.0,51.0,0.0,0.0,0.0,0.0
28/06/2025,08:52:02,10.46,7.67,21.88,9.99,234.0,51.0,0.0,0.0,0.0,0.0
28/06/2025,08:57:49,10.46,7.67,21.88,9.99,560.0,51.0,0.0,0.0,0.0,0.0
28/06/2025,09:03:36,10.46,7.68,21.88,9.99,343.0,51.0,0.0,0.0,0.0,0.0
28/06/2025,09:09:23,10.46,7.7,21.91,9.99,-308.0,51.0,0.0,0.0,0.0,0.0
28/06/2025,09:15:09,10.47,7.72,21.91,9.99,343.0,51.0,0.0,0.0,0.0,0.0
28/06/2025,09:20:57,10.48,7.7,21.91,9.99,-91.0,51.0,0.0,0.0,0.0,0.0
28/06/2025,09:26:44,10.49,7.71,21.96,9.99,-91.0,51.0,0.0,0.0,0.0,0.0
28/06/2025,09:32:30,10.51,7.7,22.1,9.99,-200.0,51.0,0.0,0.0,0.0,0.0
28/06/2025,09:38:18,10.53,7.67,22.28,9.99,17.0,51.0,0.0,0.0,0.0,0.0
28/06/2025,09:44:05,10.53,7.65,22.47,9.99,451.0,51.0,0.0,0.0,0.0,0.0
28/06/2025,09:49:52,10.53,7.65,22.63,9.99,-417.0,51.0,0.0,0.0,0.0,0.0
28/06/2025,09:55:39,10.55,7.64,22.77,9.99,-417.0,51.0,0.0,0.0,0.0,0.0
28/06/2025,10:01:25,10.56,7.62,22.93,9.99,343.0,51.0,0.0,0.0,0.0,0.0
28/06/2025,10:07:13,10.56,7.63,23.01,9.99,-525.0,51.0,0.0,0.0,0.0,0.0
28/06/2025,10:13:00,10.56,7.61,23.04,9.99,126.0,51.0,0.0,0.0,0.0,0.0
28/06/2025,10:18:46,10.57,7.59,23.07,9.99,234.0,51.0,0.0,0.0,0.0,0.0
28/06/2025,10:24:34,10.56,7.6,23.09,9.99,-91.0,51.0,0.0,0.0,0.0,0.0
28/06/2025,10:30:20,10.55,7.59,23.12,9.99,-91.0,51.0,0.0,0.0,0.0,0.0
28/06/2025,10:36:08,10.53,7.58,23.12,9.99,-91.0,51.0,0.0,0.0,0.0,0.0
28/06/2025,10:41:55,10.51,7.54,23.12,9.99,126.0,51.0,0.0,0.0,0.0,0.0
28/06/2025,10:47:41,10.49,7.55,23.12,9.99,560.0,51.0,0.0,0.0,0.0,0.0
28/06/2025,10:53:29,10.48,7.53,23.12,9.99,-91.0,51.0,0.0,0.0,0.0,0.0
28/06/2025,10:59:15,10.48,7.53,23.2,9.99,-525.0,51.0,0.0,0.0,0.0,0.0
28/06/2025,11:05:02,10.47,7.52,23.28,9.99,126.0,51.0,0.0,0.0,0.0,0.0
28/06/2025,11:10:50,10.46,7.48,23.44,9.99,451.0,51.0,0.0,0.0,0.0,0.0
28/06/2025,11:16:36,10.45,7.48,23.71,9.99,234.0,51.0,0.0,0.0,0.0,0.0
28/06/2025,11:22:24,10.47,7.46,23.93,9.99,-91.0,51.0,0.0,0.0,0.0,0.0
28/06/2025,11:28:11,10.45,7.45,24.12,9.99,234.0,51.0,0.0,0.0,0.0,0.0
28/06/2025,11:33:57,10.45,7.44,24.2,9.99,343.0,51.0,0.0,0.0,0.0,0.0
28/06/2025,11:39:45,10.45,7.45,24.25,9.99,17.0,51.0,0.0,0.0,0.0,0.0
28/06/2025,11:45:31,10.46,7.42,24.3,9.99,-200.0,51.0,0.0,0.0,0.0,0.0
28/06/2025,11:51:18,10.48,7.39,24.3,9.99,343.0,51.0,0.0,0.0,0.0,0.0
28/06/2025,11:57:06,10.48,7.38,24.33,9.99,-200.0,51.0,0.0,0.0,0.0,0.0
28/06/2025,12:02:52,10.5,7.38,24.33,9.99,-91.0,51.0,0.0,0.0,0.0,0.0
28/06/2025,12:08:40,10.52,7.39,24.33,9.99,-417.0,51.0,0.0,0.0,0.0,0.0
28/06/2025,12:14:26,10.53,7.37,24.33,9.99,234.0,51.0,0.0,0.0,0.0,0.0
28/06/2025,12:20:13,10.55,7.37,24.33,9.99,126.0,51.0,0.0,0.0,0.0,0.0
28/06/2025,12:26:01,10.54,7.37,24.33,9.99,-308.0,51.0,0.0,0.0,0.0,0.0
28/06/2025,12:31:47,10.54,7.38,24.33,9.99,17.0,51.0,0.0,0.0,0.0,0.0
28/06/2025,12:37:34,10.55,7.35,24.33,9.99,126.0,51.0,0.0,0.0,0.0,0.0
28/06/2025,12:43:21,10.56,7.37,24.39,9.99,343.0,51.0,0.0,0.0,0.0,0.0
28/06/2025,12:49:08,10.56,7.35,24.41,9.99,343.0,51.0,0.0,0.0,0.0,0.0
28/06/2025,12:54:56,10.55,7.33,24.47,9.99,343.0,51.0,0.0,0.0,0.0,0.0
28/06/2025,13:00:42,10.56,7.35,24.49,9.99,126.0,51.0,0.0,0.0,0.0,0.0
28/06/2025,13:06:29,10.56,7.32,24.55,9.99,-91.0,51.0,0.0,0.0,0.0,0.0
28/06/2025,13:12:16,10.56,7.34,24.63,9.99,-200.0,51.0,0.0,0.0,0.0,0.0
28/06/2025,13:18:03,10.56,7.34,24.68,9.99,343.0,51.0,0.0,0.0,0.0,0.0
28/06/2025,13:23:50,10.56,7.31,24.74,9.99,-91.0,51.0,0.0,0.0,0.0,0.0
28/06/2025,13:29:37,10.57,7.31,24.76,9.99,234.0,51.0,0.0,0.0,0.0,0.0
28/06/2025,13:35:24,10.57,7.32,24.79,9.99,126.0,51.0,0.0,0.0,0.0,0.0
28/06/2025,13:41:11,10.57,7.3,24.87,9.99,234.0,51.0,0.0,0.0,0.0,0.0
28/06/2025,13:46:58,10.57,7.29,24.9,9.99,126.0,51.0,0.0,0.0,0.0,0.0
28/06/2025,13:52:45,10.56,7.32,24.92,9.99,126.0,51.0,0.0,0.0,0.0,0.0
28/06/2025,13:58:32,10.56,7.31,24.98,9.99,-91.0,51.0,0.0,0.0,0.0,0.0
28/06/2025,14:04:19,10.56,7.31,24.98,9.99,-91.0,51.0,0.0,0.0,0.0,0.0
28/06/2025,14:10:06,10.57,7.3,24.98,9.99,17.0,51.0,0.0,0.0,0.0,0.0
28/06/2025,14:15:53,10.57,7.29,25.06,9.99,451.0,51.0,0.0,0.0,0.0,0.0
28/06/2025,14:21:40,10.57,7.31,25.09,9.99,451.0,51.0,0.0,0.0,0.0,0.0
28/06/2025,14:27:27,10.57,7.29,25.09,9.99,126.0,51.0,0.0,0.0,0.0,0.0
28/06/2025,14:33:14,10.58,7.29,25.14,9.99,777.0,51.0,0.0,0.0,0.0,0.0
28/06/2025,14:39:00,10.57,7.28,25.17,9.99,17.0,51.0,0.0,0.0,0.0,0.0
28/06/2025,14:44:48,10.58,7.27,25.17,9.99,234.0,51.0,0.0,0.0,0.0,0.0
28/06/2025,14:50:35,10.57,7.28,25.19,9.99,560.0,51.0,0.0,0.0,0.0,0.0
28/06/2025,14:56:21,10.57,7.28,25.25,9.99,-91.0,51.0,0.0,0.0,0.0,0.0
28/06/2025,15:02:09,10.57,7.26,25.27,9.99,343.0,51.0,0.0,0.0,0.0,0.0
28/06/2025,15:07:55,10.57,7.27,25.25,9.99,560.0,51.0,0.0,0.0,0.0,0.0
28/06/2025,15:13:43,10.57,7.27,25.27,9.99,234.0,51.0,0.0,0.0,0.0,0.0
28/06/2025,15:19:30,10.57,7.26,25.27,9.99,126.0,51.0,0.0,0.0,0.0,0.0
28/06/2025,15:25:16,10.57,7.28,25.3,9.99,560.0,51.0,0.0,0.0,0.0,0.0
28/06/2025,15:31:04,10.58,7.28,25.33,9.99,17.0,51.0,0.0,0.0,0.0,0.0
28/06/2025,15:36:51,10.58,7.27,25.33,9.99,451.0,51.0,0.0,0.0,0.0,0.0
28/06/2025,15:42:37,10.58,7.27,25.33,9.99,343.0,51.0,0.0,0.0,0.0,0.0
28/06/2025,15:48:25,10.58,7.27,25.3,9.99,-200.0,51.0,0.0,0.0,0.0,0.0
28/06/2025,15:54:11,10.59,7.27,25.3,9.99,-417.0,51.0,0.0,0.0,0.0,0.0
28/06/2025,15:59:59,10.59,7.27,25.3,9.99,-91.0,51.0,0.0,0.0,0.0,0.0
28/06/2025,16:05:46,10.58,7.27,25.3,9.99,-525.0,51.0,0.0,0.0,0.0,0.0
28/06/2025,16:11:32,10.58,7.26,25.3,9.99,451.0,51.0,0.0,0.0,0.0,0.0
28/06/2025,16:17:20,10.58,7.27,25.3,9.99,343.0,51.0,0.0,0.0,0.0,0.0
28/06/2025,16:23:06,10.57,7.27,25.3,9.99,17.0,51.0,0.0,0.0,0.0,0.0
28/06/2025,16:28:53,10.58,7.29,25.36,9.99,451.0,51.0,0.0,0.0,0.0,0.0
28/06/2025,16:34:41,10.57,7.29,25.36,9.99,560.0,51.0,0.0,0.0,0.0,0.0
28/06/2025,16:40:27,10.57,7.26,25.36,9.99,560.0,51.0,0.0,0.0,0.0,0.0
28/06/2025,16:46:14,10.57,7.26,25.36,9.99,17.0,51.0,0.0,0.0,0.0,0.0
28/06/2025,16:52:01,10.56,7.28,25.36,9.99,343.0,51.0,0.0,0.0,0.0,0.0
28/06/2025,16:57:48,10.57,7.29,25.38,9.99,-91.0,51.0,0.0,0.0,0.0,0.0
28/06/2025,17:03:36,10.57,7.28,25.38,9.99,343.0,51.0,0.0,0.0,0.0,0.0
28/06/2025,17:09:22,10.58,7.28,25.38,9.99,17.0,51.0,0.0,0.0,0.0,0.0
28/06/2025,17:15:09,10.58,7.26,25.38,9.99,-91.0,51.0,0.0,0.0,0.0,0.0
28/06/2025,17:20:57,10.59,7.24,25.38,9.99,885.0,51.0,0.0,0.0,0.0,0.0
28/06/2025,17:26:43,10.58,7.24,25.41,9.99,668.0,51.0,0.0,0.0,0.0,0.0
28/06/2025,17:32:30,10.58,7.23,25.41,9.99,343.0,51.0,0.0,0.0,0.0,0.0
28/06/2025,17:38:17,10.58,7.22,25.41,9.99,343.0,51.0,0.0,0.0,0.0,0.0
28/06/2025,17:44:04,10.59,7.25,25.44,9.99,126.0,51.0,0.0,0.0,0.0,0.0
28/06/2025,17:49:52,10.58,7.24,25.44,9.99,234.0,51.0,0.0,0.0,0.0,0.0
28/06/2025,17:55:38,10.59,7.25,25.44,9.99,126.0,51.0,0.0,0.0,0.0,0.0
28/06/2025,18:01:25,10.58,7.24,25.44,9.99,-200.0,51.0,0.0,0.0,0.0,0.0
28/06/2025,18:07:13,10.58,7.24,25.44,9.99,17.0,51.0,0.0,0.0,0.0,0.0
28/06/2025,18:12:59,10.59,7.24,25.44,9.99,668.0,51.0,0.0,0.0,0.0,0.0
28/06/2025,18:18:46,10.58,7.25,25.46,9.99,668.0,51.0,0.0,0.0,0.0,0.0
28/06/2025,18:24:33,10.58,7.24,25.46,9.99,343.0,51.0,0.0,0.0,0.0,0.0
28/06/2025,18:30:20,10.59,7.22,25.46,9.99,668.0,51.0,0.0,0.0,0.0,0.0
28/06/2025,18:36:08,10.59,7.22,25.46,9.99,777.0,51.0,0.0,0.0,0.0,0.0
28/06/2025,18:41:54,10.58,7.23,25.46,9.99,17.0,51.0,0.0,0.0,0.0,0.0
28/06/2025,18:47:41,10.58,7.25,25.46,9.99,17.0,51.0,0.0,0.0,0.0,0.0
28/06/2025,18:53:28,10.58,7.24,25.46,9.99,17.0,51.0,0.0,0.0,0.0,0.0
28/06/2025,18:59:15,10.58,7.23,25.46,9.99,234.0,51.0,0.0,0.0,0.0,0.0
28/06/2025,19:05:02,10.59,7.25,25.46,9.99,234.0,51.0,0.0,0.0,0.0,0.0
28/06/2025,19:10:49,10.59,7.23,25.46,9.99,17.0,51.0,0.0,0.0,0.0,0.0
28/06/2025,19:16:36,10.59,7.26,25.46,9.99,343.0,51.0,0.0,0.0,0.0,0.0
28/06/2025,19:22:23,10.59,7.23,25.52,9.99,-200.0,51.0,0.0,0.0,0.0,0.0
28/06/2025,19:28:10,10.58,7.25,25.52,9.99,343.0,51.0,0.0,0.0,0.0,0.0
28/06/2025,19:33:57,10.58,7.23,25.54,9.99,-91.0,51.0,0.0,0.0,0.0,0.0
28/06/2025,19:39:44,10.58,7.22,25.54,9.99,777.0,51.0,0.0,0.0,0.0,0.0
28/06/2025,19:45:31,10.58,7.2,25.54,9.99,-200.0,51.0,0.0,0.0,0.0,0.0
28/06/2025,19:51:17,10.59,7.21,25.54,9.99,343.0,51.0,0.0,0.0,0.0,0.0
28/06/2025,19:57:05,10.58,7.21,25.54,9.99,343.0,51.0,0.0,0.0,0.0,0.0
28/06/2025,20:02:52,10.59,7.21,25.54,9.99,451.0,51.0,0.0,0.0,0.0,0.0
28/06/2025,20:08:39,10.59,7.21,25.54,9.99,234.0,51.0,0.0,0.0,0.0,0.0
28/06/2025,20:14:26,10.6,7.21,25.54,9.99,451.0,51.0,0.0,0.0,0.0,0.0
28/06/2025,20:20:12,10.59,7.22,25.54,9.99,343.0,51.0,0.0,0.0,0.0,0.0
28/06/2025,20:26:00,10.58,7.24,25.54,9.99,668.0,51.0,0.0,0.0,0.0,0.0
28/06/2025,20:31:47,10.57,7.24,25.54,9.99,668.0,51.0,0.0,0.0,0.0,0.0
28/06/2025,20:37:33,10.59,7.24,25.54,9.99,451.0,51.0,0.0,0.0,0.0,0.0
28/06/2025,20:43:21,10.58,7.24,25.54,9.99,451.0,51.0,0.0,0.0,0.0,0.0
28/06/2025,20:49:07,10.59,7.24,25.54,9.99,343.0,51.0,0.0,0.0,0.0,0.0
28/06/2025,20:54:55,10.61,7.26,25.54,9.99,234.0,51.0,0.0,0.0,0.0,0.0
28/06/2025,21:00:42,10.6,7.24,25.6,9.99,-91.0,51.0,0.0,0.0,0.0,0.0
28/06/2025,21:06:28,10.59,7.25,25.62,9.99,-91.0,51.0,0.0,0.0,0.0,0.0
28/06/2025,21:12:16,10.6,7.25,25.65,9.99,17.0,51.0,0.0,0.0,0.0,0.0
28/06/2025,21:18:02,10.6,7.26,25.62,9.99,668.0,51.0,0.0,0.0,0.0,0.0
28/06/2025,21:23:49,10.59,7.26,25.62,9.99,343.0,51.0,0.0,0.0,0.0,0.0
28/06/2025,21:29:37,10.59,7.26,25.62,9.99,777.0,51.0,0.0,0.0,0.0,0.0
28/06/2025,21:35:23,10.58,7.26,25.62,9.99,234.0,51.0,0.0,0.0,0.0,0.0
28/06/2025,21:41:11,10.58,7.26,25.62,9.99,126.0,51.0,0.0,0.0,0.0,0.0
28/06/2025,21:46:57,10.59,7.27,25.6,9.99,560.0,51.0,0.0,0.0,0.0,0.0
28/06/2025,21:52:44,10.56,7.26,25.6,9.99,-91.0,51.0,0.0,0.0,0.0,0.0
28/06/2025,21:58:32,10.56,7.25,25.6,9.99,668.0,51.0,0.0,0.0,0.0,0.0
28/06/2025,22:04:18,10.55,7.25,25.57,9.99,451.0,51.0,0.0,0.0,0.0,0.0
28/06/2025,22:10:05,10.54,7.24,25.54,9.99,234.0,51.0,0.0,0.0,0.0,0.0
28/06/2025,22:15:53,10.52,7.25,25.54,9.99,777.0,51.0,0.0,0.0,0.0,0.0
28/06/2025,22:21:39,10.49,7.23,25.54,9.99,560.0,51.0,0.0,0.0,0.0,0.0
28/06/2025,22:27:27,10.47,7.21,25.52,9.99,126.0,51.0,0.0,0.0,0.0,0.0
28/06/2025,22:33:13,10.44,7.21,25.52,9.99,343.0,51.0,0.0,0.0,0.0,0.0
28/06/2025,22:39:00,10.43,7.23,25.46,9.99,451.0,51.0,0.0,0.0,0.0,0.0
28/06/2025,22:44:48,10.41,7.22,25.36,9.99,777.0,51.0,0.0,0.0,0.0,0.0
28/06/2025,22:50:34,10.4,7.23,25.22,9.99,17.0,51.0,0.0,0.0,0.0,0.0
28/06/2025,22:56:21,10.39,7.23,25.01,9.99,343.0,51.0,0.0,0.0,0.0,0.0
28/06/2025,23:02:08,10.38,7.24,24.87,9.99,668.0,51.0,0.0,0.0,0.0,0.0
28/06/2025,23:07:55,10.38,7.27,24.68,9.99,560.0,51.0,0.0,0.0,0.0,0.0
28/06/2025,23:13:43,10.37,7.27,24.6,9.99,343.0,51.0,0.0,0.0,0.0,0.0
28/06/2025,23:19:29,10.36,7.29,24.47,9.99,777.0,51.0,0.0,0.0,0.0,0.0
28/06/2025,23:25:16,10.36,7.3,24.41,9.99,451.0,51.0,0.0,0.0,0.0,0.0
28/06/2025,23:31:03,10.36,7.29,24.36,9.99,343.0,51.0,0.0,0.0,0.0,0.0
28/06/2025,23:36:50,10.35,7.31,24.33,9.99,343.0,51.0,0.0,0.0,0.0,0.0
28/06/2025,23:42:37,10.36,7.32,24.33,9.99,777.0,51.0,0.0,0.0,0.0,0.0
28/06/2025,23:48:24,10.36,7.31,24.33,9.99,234.0,51.0,0.0,0.0,0.0,0.0
28/06/2025,23:54:11,10.35,7.32,24.33,9.99,560.0,51.0,0.0,0.0,0.0,0.0
28/06/2025,23:59:59,10.35,7.31,24.33,9.99,451.0,51.0,0.0,0.0,0.0,0.0
29/06/2025,00:00:00,10.35,7.31,24.33,9.99,560.0,51.0,0.0,0.0,0.0,0.0
29/06/2025,00:05:46,10.35,7.33,24.33,9.99,17.0,51.0,0.0,0.0,0.0,0.0
29/06/2025,00:11:33,10.34,7.31,24.33,9.99,234.0,51.0,0.0,0.0,0.0,0.0
29/06/2025,00:17:20,10.34,7.33,24.33,9.99,777.0,51.0,0.0,0.0,0.0,0.0
29/06/2025,00:23:07,10.35,7.34,24.3,9.99,560.0,51.0,0.0,0.0,0.0,0.0
29/06/2025,00:28:54,10.35,7.35,24.3,9.99,451.0,51.0,0.0,0.0,0.0,0.0
29/06/2025,00:34:41,10.36,7.34,24.3,9.99,451.0,51.0,0.0,0.0,0.0,0.0
29/06/2025,00:40:28,10.35,7.35,24.3,9.99,885.0,51.0,0.0,0.0,0.0,0.0
29/06/2025,00:46:14,10.34,7.37,24.28,9.99,668.0,51.0,0.0,0.0,0.0,0.0
29/06/2025,00:52:02,10.34,7.36,24.28,9.99,560.0,51.0,0.0,0.0,0.0,0.0
29/06/2025,00:57:49,10.34,7.35,24.25,9.99,451.0,51.0,0.0,0.0,0.0,0.0
29/06/2025,01:03:36,10.33,7.38,24.22,9.99,126.0,51.0,0.0,0.0,0.0,0.0
29/06/2025,01:09:23,10.33,7.36,24.2,9.99,17.0,51.0,0.0,0.0,0.0,0.0
29/06/2025,01:15:09,10.34,7.37,24.14,9.99,451.0,51.0,0.0,0.0,0.0,0.0
29/06/2025,01:20:57,10.34,7.36,24.09,9.99,343.0,51.0,0.0,0.0,0.0,0.0
29/06/2025,01:26:44,10.35,7.38,24.01,9.99,451.0,51.0,0.0,0.0,0.0,0.0
29/06/2025,01:32:30,10.36,7.38,23.95,9.99,560.0,51.0,0.0,0.0,0.0,0.0
29/06/2025,01:38:18,10.38,7.4,23.85,9.99,560.0,51.0,0.0,0.0,0.0,0.0
29/06/2025,01:44:05,10.41,7.41,23.74,9.99,126.0,51.0,0.0,0.0,0.0,0.0
29/06/2025,01:49:52,10.43,7.41,23.63,9.99,343.0,51.0,0.0,0.0,0.0,0.0
29/06/2025,01:55:39,10.43,7.41,23.52,9.99,234.0,51.0,0.0,0.0,0.0,0.0
29/06/2025,02:01:25,10.44,7.41,23.36,9.99,668.0,51.0,0.0,0.0,0.0,0.0
29/06/2025,02:07:13,10.44,7.44,23.31,9.99,668.0,51.0,0.0,0.0,0.0,0.0
29/06/2025,02:13:00,10.47,7.44,23.25,9.99,451.0,51.0,0.0,0.0,0.0,0.0
29/06/2025,02:18:46,10.49,7.44,23.2,9.99,668.0,51.0,0.0,0.0,0.0,0.0
29/06/2025,02:24:34,10.46,7.43,23.15,9.99,668.0,51.0,0.0,0.0,0.0,0.0
29/06/2025,02:30:20,10.43,7.44,23.15,9.99,451.0,51.0,0.0,0.0,0.0,0.0
29/06/2025,02:36:08,10.42,7.45,23.12,9.99,560.0,51.0,0.0,0.0,0.0,0.0
29/06/2025,02:41:55,10.4,7.47,23.12,9.99,234.0,51.0,0.0,0.0,0.0,0.0
29/06/2025,02:47:41,10.38,7.46,23.12,9.99,234.0,51.0,0.0,0.0,0.0,0.0
29/06/2025,02:53:29,10.37,7.46,23.12,9.99,451.0,51.0,0.0,0.0,0.0,0.0
29/06/2025,02:59:15,10.36,7.46,23.12,9.99,343.0,51.0,0.0,0.0,0.0,0.0
29/06/2025,03:05:02,10.35,7.47,23.12,9.99,560.0,51.0,0.0,0.0,0.0,0.0
29/06/2025,03:10:50,10.34,7.47,23.12,9.99,343.0,51.0,0.0,0.0,0.0,0.0
29/06/2025,03:16:36,10.34,7.47,23.12,9.99,560.0,51.0,0.0,0.0,0.0,0.0
29/06/2025,03:22:24,10.34,7.48,23.12,9.99,668.0,51.0,0.0,0.0,0.0,0.0
29/06/2025,03:28:11,10.34,7.47,23.12,9.99,343.0,51.0,0.0,0.0,0.0,0.0
29/06/2025,03:33:57,10.34,7.47,23.12,9.99,560.0,51.0,0.0,0.0,0.0,0.0
29/06/2025,03:39:45,10.35,7.48,23.12,9.99,451.0,51.0,0.0,0.0,0.0,0.0
29/06/2025,03:45:31,10.35,7.5,23.12,9.99,668.0,51.0,0.0,0.0,0.0,0.0
29/06/2025,03:51:18,10.36,7.48,23.12,9.99,885.0,51.0,0.0,0.0,0.0,0.0
29/06/2025,03:57:06,10.38,7.49,23.12,9.99,234.0,51.0,0.0,0.0,0.0,0.0
29/06/2025,04:02:52,10.37,7.49,23.12,9.99,560.0,51.0,0.0,0.0,0.0,0.0
29/06/2025,04:08:40,10.37,7.49,23.12,9.99,668.0,51.0,0.0,0.0,0.0,0.0
29/06/2025,04:14:27,10.36,7.49,23.12,9.99,777.0,51.0,0.0,0.0,0.0,0.0
29/06/2025,04:20:13,10.35,7.5,23.12,9.99,234.0,51.0,0.0,0.0,0.0,0.0
29/06/2025,04:26:01,10.35,7.51,23.12,9.99,451.0,51.0,0.0,0.0,0.0,0.0
29/06/2025,04:31:47,10.32,7.5,23.12,9.99,777.0,51.0,0.0,0.0,0.0,0.0
29/06/2025,04:37:34,10.31,7.5,23.12,9.99,343.0,51.0,0.0,0.0,0.0,0.0
29/06/2025,04:43:22,10.31,7.48,23.12,9.99,343.0,51.0,0.0,0.0,0.0,0.0
29/06/2025,04:49:08,10.3,7.51,23.12,9.99,777.0,51.0,0.0,0.0,0.0,0.0
29/06/2025,04:54:56,10.3,7.52,23.12,9.99,234.0,51.0,0.0,0.0,0.0,0.0
29/06/2025,05:00:42,10.29,7.49,23.12,9.99,451.0,51.0,0.0,0.0,0.0,0.0
29/06/2025,05:06:29,10.29,7.5,23.12,9.99,343.0,51.0,0.0,0.0,0.0,0.0
29/06/2025,05:12:17,10.3,7.51,23.12,9.99,668.0,51.0,0.0,0.0,0.0,0.0
29/06/2025,05:18:03,10.3,7.5,23.12,9.99,560.0,51.0,0.0,0.0,0.0,0.0
29/06/2025,05:23:50,10.32,7.51,23.09,9.99,451.0,51.0,0.0,0.0,0.0,0.0
29/06/2025,05:29:37,10.37,7.51,23.09,9.99,668.0,51.0,0.0,0.0,0.0,0.0
29/06/2025,05:35:24,10.46,7.52,23.09,9.99,560.0,51.0,0.0,0.0,0.0,0.0
29/06/2025,05:41:12,10.51,7.53,23.09,9.99,126.0,51.0,0.0,0.0,0.0,0.0
29/06/2025,05:46:58,10.47,7.54,23.09,9.99,560.0,51.0,0.0,0.0,0.0,0.0
29/06/2025,05:52:45,10.45,7.53,23.07,9.99,885.0,51.0,0.0,0.0,0.0,0.0
29/06/2025,05:58:32,10.44,7.54,23.04,9.99,234.0,51.0,0.0,0.0,0.0,0.0
29/06/2025,06:04:19,10.43,7.55,23.01,9.99,560.0,51.0,0.0,0.0,0.0,0.0
29/06/2025,06:10:06,10.41,7.55,22.96,9.99,668.0,51.0,0.0,0.0,0.0,0.0
29/06/2025,06:15:53,10.46,7.55,22.9,9.99,994.0,51.0,0.0,0.0,0.0,0.0
29/06/2025,06:21:40,10.45,7.55,22.88,9.99,343.0,51.0,0.0,0.0,0.0,0.0
29/06/2025,06:27:27,10.5,7.58,22.82,9.99,343.0,51.0,0.0,0.0,0.0,0.0
29/06/2025,06:33:14,10.49,7.55,22.74,9.99,560.0,51.0,0.0,0.0,0.0,0.0
29/06/2025,06:39:01,10.46,7.57,22.66,9.99,126.0,51.0,0.0,0.0,0.0,0.0
29/06/2025,06:44:48,10.46,7.57,22.58,9.99,343.0,51.0,0.0,0.0,0.0,0.0
29/06/2025,06:50:35,10.44,7.59,22.47,9.99,560.0,51.0,0.0,0.0,0.0,0.0
29/06/2025,06:56:21,10.46,7.58,22.45,9.99,560.0,51.0,0.0,0.0,0.0,0.0
29/06/2025,07:02:09,10.45,7.61,22.42,9.99,343.0,51.0,0.0,0.0,0.0,0.0
29/06/2025,07:07:56,10.46,7.59,22.28,9.99,668.0,51.0,0.0,0.0,0.0,0.0
29/06/2025,07:13:43,10.47,7.59,22.23,9.99,234.0,51.0,0.0,0.0,0.0,0.0
29/06/2025,07:19:30,10.47,7.6,22.18,9.99,451.0,51.0,0.0,0.0,0.0,0.0
29/06/2025,07:25:16,10.45,7.6,22.15,9.99,777.0,51.0,0.0,0.0,0.0,0.0
29/06/2025,07:31:04,10.47,7.61,22.1,9.99,560.0,51.0,0.0,0.0,0.0,0.0
29/06/2025,07:36:51,10.45,7.63,22.04,9.99,560.0,51.0,0.0,0.0,0.0,0.0
29/06/2025,07:42:37,10.44,7.62,22.01,9.99,560.0,51.0,0.0,0.0,0.0,0.0
29/06/2025,07:48:25,10.44,7.62,21.99,9.99,668.0,51.0,0.0,0.0,0.0,0.0
29/06/2025,07:54:11,10.43,7.63,21.96,9.99,343.0,51.0,0.0,0.0,0.0,0.0
29/06/2025,07:59:59,10.45,7.63,21.96,9.99,343.0,51.0,0.0,0.0,0.0,0.0
29/06/2025,08:05:46,10.43,7.64,21.93,9.99,343.0,51.0,0.0,0.0,0.0,0.0
29/06/2025,08:11:32,10.44,7.64,21.93,9.99,560.0,51.0,0.0,0.0,0.0,0.0
29/06/2025,08:17:20,10.43,7.65,21.91,9.99,343.0,51.0,0.0,0.0,0.0,0.0
29/06/2025,08:23:07,10.42,7.64,21.91,9.99,451.0,51.0,0.0,0.0,0.0,0.0
29/06/2025,08:28:53,10.42,7.64,21.91,9.99,777.0,51.0,0.0,0.0,0.0,0.0
29/06/2025,08:34:41,10.44,7.65,21.91,9.99,343.0,51.0,0.0,0.0,0.0,0.0
29/06/2025,08:40:27,10.42,7.65,21.91,9.99,560.0,51.0,0.0,0.0,0.0,0.0
29/06/2025,08:46:14,10.42,7.66,21.91,9.99,560.0,51.0,0.0,0.0,0.0,0.0
29/06/2025,08:52:02,10.43,7.65,21.91,9.99,451.0,51.0,0.0,0.0,0.0,0.0
29/06/2025,08:57:48,10.43,7.68,21.91,9.99,777.0,51.0,0.0,0.0,0.0,0.0
29/06/2025,09:03:36,10.43,7.67,21.91,9.99,-91.0,51.0,0.0,0.0,0.0,0.0
29/06/2025,09:09:22,10.45,7.66,21.93,9.99,343.0,51.0,0.0,0.0,0.0,0.0
29/06/2025,09:15:09,10.45,7.67,22.01,9.99,234.0,51.0,0.0,0.0,0.0,0.0
29/06/2025,09:20:57,10.45,7.67,22.12,9.99,343.0,51.0,0.0,0.0,0.0,0.0
29/06/2025,09:26:43,10.47,7.65,22.31,9.99,-200.0,51.0,0.0,0.0,0.0,0.0
29/06/2025,09:32:30,10.45,7.61,22.47,9.99,17.0,51.0,0.0,0.0,0.0,0.0
29/06/2025,09:38:17,10.47,7.61,22.66,9.99,126.0,51.0,0.0,0.0,0.0,0.0
29/06/2025,09:44:04,10.48,7.6,22.85,9.99,234.0,51.0,0.0,0.0,0.0,0.0
29/06/2025,09:49:52,10.49,7.6,22.93,9.99,126.0,51.0,0.0,0.0,0.0,0.0
29/06/2025,09:55:38,10.51,7.61,23.01,9.99,343.0,51.0,0.0,0.0,0.0,0.0
29/06/2025,10:01:25,10.5,7.59,23.07,9.99,451.0,51.0,0.0,0.0,0.0,0.0
29/06/2025,10:07:13,10.52,7.57,23.09,9.99,234.0,51.0,0.0,0.0,0.0,0.0
29/06/2025,10:12:59,10.5,7.56,23.09,9.99,234.0,51.0,0.0,0.0,0.0,0.0
29/06/2025,10:18:46,10.5,7.54,23.12,9.99,-308.0,51.0,0.0,0.0,0.0,0.0
29/06/2025,10:24:33,10.48,7.53,23.12,9.99,560.0,51.0,0.0,0.0,0.0,0.0
29/06/2025,10:30:20,10.48,7.53,23.12,9.99,-91.0,51.0,0.0,0.0,0.0,0.0
29/06/2025,10:36:08,10.47,7.52,23.12,9.99,451.0,51.0,0.0,0.0,0.0,0.0
29/06/2025,10:41:54,10.47,7.52,23.12,9.99,451.0,51.0,0.0,0.0,0.0,0.0
29/06/2025,10:47:41,10.47,7.51,23.12,9.99,451.0,51.0,0.0,0.0,0.0,0.0
29/06/2025,10:53:28,10.47,7.48,23.15,9.99,234.0,51.0,0.0,0.0,0.0,0.0
29/06/2025,10:59:15,10.48,7.49,23.15,9.99,994.0,51.0,0.0,0.0,0.0,0.0
29/06/2025,11:05:02,10.5,7.47,23.23,9.99,777.0,51.0,0.0,0.0,0.0,0.0
29/06/2025,11:10:49,10.5,7.47,23.28,9.99,234.0,51.0,0.0,0.0,0.0,0.0
29/06/2025,11:16:36,10.53,7.45,23.36,9.99,451.0,51.0,0.0,0.0,0.0,0.0
29/06/2025,11:22:24,10.53,7.47,23.47,9.99,126.0,51.0,0.0,0.0,0.0,0.0
29/06/2025,11:28:10,10.52,7.45,23.6,9.99,668.0,51.0,0.0,0.0,0.0,0.0
29/06/2025,11:33:57,10.47,7.44,23.77,9.99,-91.0,51.0,0.0,0.0,0.0,0.0
29/06/2025,11:39:44,10.45,7.43,23.9,9.99,17.0,51.0,0.0,0.0,0.0,0.0
29/06/2025,11:45:31,10.45,7.44,23.98,9.99,234.0,51.0,0.0,0.0,0.0,0.0
29/06/2025,11:51:18,10.45,7.43,24.09,9.99,451.0,51.0,0.0,0.0,0.0,0.0
29/06/2025,11:57:05,10.46,7.42,24.14,9.99,-91.0,51.0,0.0,0.0,0.0,0.0
29/06/2025,12:02:52,10.46,7.41,24.25,9.99,-308.0,51.0,0.0,0.0,0.0,0.0
29/06/2025,12:08:40,10.46,7.42,24.3,9.99,-308.0,51.0,0.0,0.0,0.0,0.0
29/06/2025,12:14:26,10.45,7.38,24.33,9.99,-91.0,51.0,0.0,0.0,0.0,0.0
29/06/2025,12:20:13,10.44,7.39,24.33,9.99,126.0,51.0,0.0,0.0,0.0,0.0
29/06/2025,12:26:00,10.45,7.37,24.33,9.99,-200.0,51.0,0.0,0.0,0.0,0.0
29/06/2025,12:31:47,10.44,7.35,24.33,9.99,-91.0,51.0,0.0,0.0,0.0,0.0
29/06/2025,12:37:34,10.43,7.33,24.33,9.99,343.0,51.0,0.0,0.0,0.0,0.0
29/06/2025,12:43:21,10.44,7.33,24.39,9.99,560.0,51.0,0.0,0.0,0.0,0.0
29/06/2025,12:49:08,10.43,7.32,24.49,9.99,-200.0,51.0,0.0,0.0,0.0,0.0
29/06/2025,12:54:55,10.43,7.3,24.55,9.99,560.0,51.0,0.0,0.0,0.0,0.0
29/06/2025,13:00:42,10.44,7.3,24.68,9.99,560.0,51.0,0.0,0.0,0.0,0.0
29/06/2025,13:06:29,10.43,7.29,24.95,9.99,777.0,51.0,0.0,0.0,0.0,0.0
29/06/2025,13:12:16,10.43,7.29,25.17,9.99,885.0,51.0,0.0,0.0,0.0,0.0
29/06/2025,13:18:03,10.43,7.27,25.27,9.99,451.0,51.0,0.0,0.0,0.0,0.0
29/06/2025,13:23:49,10.44,7.27,25.36,9.99,-308.0,51.0,0.0,0.0,0.0,0.0
29/06/2025,13:29:37,10.44,7.25,25.41,9.99,234.0,51.0,0.0,0.0,0.0,0.0
29/06/2025,13:35:24,10.44,7.26,25.46,9.99,126.0,51.0,0.0,0.0,0.0,0.0
29/06/2025,13:41:11,10.44,7.24,25.52,9.99,885.0,51.0,0.0,0.0,0.0,0.0
29/06/2025,13:46:58,10.46,7.21,25.52,9.99,17.0,51.0,0.0,0.0,0.0,0.0
29/06/2025,13:52:44,10.45,7.22,25.52,9.99,234.0,51.0,0.0,0.0,0.0,0.0
29/06/2025,13:58:32,10.47,7.22,25.52,9.99,126.0,51.0,0.0,0.0,0.0,0.0
29/06/2025,14:04:19,10.45,7.21,25.52,9.99,885.0,51.0,0.0,0.0,0.0,0.0
29/06/2025,14:10:05,10.45,7.2,25.54,9.99,1102.0,51.0,0.0,0.0,0.0,0.0
29/06/2025,14:15:53,10.45,7.21,25.54,9.99,234.0,51.0,0.0,0.0,0.0,0.0
29/06/2025,14:21:40,10.44,7.19,25.54,9.99,126.0,51.0,0.0,0.0,0.0,0.0
29/06/2025,14:27:27,10.44,7.19,25.54,9.99,17.0,51.0,0.0,0.0,0.0,0.0
29/06/2025,14:33:14,10.45,7.2,25.54,9.99,234.0,51.0,0.0,0.0,0.0,0.0
29/06/2025,14:39:00,10.45,7.18,25.54,9.99,560.0,51.0,0.0,0.0,0.0,0.0
29/06/2025,14:44:48,10.45,7.18,25.54,9.99,126.0,51.0,0.0,0.0,0.0,0.0
29/06/2025,14:50:35,10.45,7.17,25.54,9.99,343.0,51.0,0.0,0.0,0.0,0.0
29/06/2025,14:56:21,10.46,7.17,25.57,9.99,234.0,51.0,0.0,0.0,0.0,0.0
29/06/2025,15:02:09,10.46,7.17,25.6,9.99,-200.0,51.0,0.0,0.0,0.0,0.0
29/06/2025,15:07:55,10.46,7.14,25.6,9.99,-200.0,51.0,0.0,0.0,0.0,0.0
29/06/2025,15:13:43,10.46,7.16,25.65,9.99,560.0,51.0,0.0,0.0,0.0,0.0
29/06/2025,15:19:30,10.47,7.16,25.65,9.99,-91.0,51.0,0.0,0.0,0.0,0.0
29/06/2025,15:25:16,10.47,7.15,25.71,9.99,343.0,51.0,0.0,0.0,0.0,0.0
29/06/2025,15:31:04,10.48,7.15,25.76,9.99,17.0,51.0,0.0,0.0,0.0,0.0
29/06/2025,15:36:50,10.48,7.14,25.76,9.99,777.0,51.0,0.0,0.0,0.0,0.0
29/06/2025,15:42:37,10.48,7.15,25.76,9.99,234.0,51.0,0.0,0.0,0.0,0.0
29/06/2025,15:48:25,10.47,7.14,25.81,9.99,343.0,51.0,0.0,0.0,0.0,0.0
29/06/2025,15:54:11,10.48,7.16,25.84,9.99,234.0,51.0,0.0,0.0,0.0,0.0
29/06/2025,15:59:59,10.48,7.13,25.89,9.99,-91.0,51.0,0.0,0.0,0.0,0.0
29/06/2025,16:05:45,10.48,7.14,25.89,9.99,560.0,51.0,0.0,0.0,0.0,0.0
29/06/2025,16:11:32,10.47,7.13,25.92,9.99,343.0,51.0,0.0,0.0,0.0,0.0
29/06/2025,16:17:20,10.48,7.13,25.95,9.99,17.0,51.0,0.0,0.0,0.0,0.0
29/06/2025,16:23:06,10.48,7.13,25.97,9.99,17.0,51.0,0.0,0.0,0.0,0.0
29/06/2025,16:28:53,10.49,7.13,25.97,9.99,343.0,51.0,0.0,0.0,0.0,0.0
29/06/2025,16:34:40,10.5,7.12,25.97,9.99,17.0,51.0,0.0,0.0,0.0,0.0
29/06/2025,16:40:27,10.5,7.12,25.95,9.99,343.0,51.0,0.0,0.0,0.0,0.0
29/06/2025,16:46:14,10.48,7.13,26.0,9.99,17.0,51.0,0.0,0.0,0.0,0.0
29/06/2025,16:52:01,10.49,7.12,26.22,9.99,560.0,51.0,0.0,0.0,0.0,0.0
29/06/2025,16:57:48,10.49,7.12,26.11,9.99,451.0,51.0,0.0,0.0,0.0,0.0
29/06/2025,17:03:36,10.49,7.13,26.11,9.99,234.0,51.0,0.0,0.0,0.0,0.0
29/06/2025,17:09:22,10.5,7.12,26.11,9.99,-91.0,51.0,0.0,0.0,0.0,0.0
29/06/2025,17:15:09,10.5,7.12,26.11,9.99,668.0,51.0,0.0,0.0,0.0,0.0
29/06/2025,17:20:56,10.51,7.13,26.11,9.99,777.0,51.0,0.0,0.0,0.0,0.0
29/06/2025,17:26:43,10.52,7.11,26.03,9.99,17.0,51.0,0.0,0.0,0.0,0.0
29/06/2025,17:32:30,10.49,7.11,26.03,9.99,777.0,51.0,0.0,0.0,0.0,0.0
29/06/2025,17:38:17,10.5,7.12,26.0,9.99,343.0,51.0,0.0,0.0,0.0,0.0
29/06/2025,17:44:04,10.5,7.12,25.97,9.99,234.0,51.0,0.0,0.0,0.0,0.0
29/06/2025,17:49:52,10.51,7.14,25.97,9.99,560.0,51.0,0.0,0.0,0.0,0.0
29/06/2025,17:55:38,10.5,7.13,26.0,9.99,560.0,51.0,0.0,0.0,0.0,0.0
29/06/2025,18:01:25,10.49,7.13,26.03,9.99,451.0,51.0,0.0,0.0,0.0,0.0
29/06/2025,18:07:12,10.49,7.13,26.06,9.99,234.0,51.0,0.0,0.0,0.0,0.0
29/06/2025,18:12:59,10.5,7.14,26.14,9.99,343.0,51.0,0.0,0.0,0.0,0.0
29/06/2025,18:18:46,10.51,7.14,26.19,9.99,234.0,51.0,0.0,0.0,0.0,0.0
29/06/2025,18:24:33,10.49,7.12,26.3,9.99,668.0,51.0,0.0,0.0,0.0,0.0
29/06/2025,18:30:20,10.5,7.12,26.41,9.99,-91.0,51.0,0.0,0.0,0.0,0.0
29/06/2025,18:36:07,10.49,7.12,26.51,9.99,994.0,51.0,0.0,0.0,0.0,0.0
29/06/2025,18:41:54,10.49,7.13,26.54,9.99,343.0,51.0,0.0,0.0,0.0,0.0
29/06/2025,18:47:41,10.49,7.11,26.59,9.99,668.0,51.0,0.0,0.0,0.0,0.0
29/06/2025,18:53:28,10.48,7.1,26.59,9.99,17.0,51.0,0.0,0.0,0.0,0.0
29/06/2025,18:59:15,10.48,7.11,26.59,9.99,560.0,51.0,0.0,0.0,0.0,0.0
29/06/2025,19:05:01,10.49,7.11,26.62,9.99,777.0,51.0,0.0,0.0,0.0,0.0
29/06/2025,19:10:49,10.51,7.11,26.62,9.99,885.0,51.0,0.0,0.0,0.0,0.0
29/06/2025,19:16:36,10.53,7.12,26.65,9.99,-91.0,51.0,0.0,0.0,0.0,0.0
29/06/2025,19:22:23,10.53,7.11,26.68,9.99,234.0,51.0,0.0,0.0,0.0,0.0
29/06/2025,19:28:10,10.53,7.11,26.68,9.99,-91.0,51.0,0.0,0.0,0.0,0.0
29/06/2025,19:33:57,10.52,7.11,26.68,9.99,-91.0,51.0,0.0,0.0,0.0,0.0
29/06/2025,19:39:44,10.52,7.1,26.7,9.99,777.0,51.0,0.0,0.0,0.0,0.0
29/06/2025,19:45:31,10.52,7.09,26.7,9.99,126.0,51.0,0.0,0.0,0.0,0.0
29/06/2025,19:51:17,10.52,7.11,26.7,9.99,343.0,51.0,0.0,0.0,0.0,0.0
29/06/2025,19:57:05,10.5,7.12,26.7,9.99,343.0,51.0,0.0,0.0,0.0,0.0
29/06/2025,20:02:52,10.51,7.11,26.7,9.99,343.0,51.0,0.0,0.0,0.0,0.0
29/06/2025,20:08:39,10.54,7.1,26.68,9.99,560.0,51.0,0.0,0.0,0.0,0.0
29/06/2025,20:14:26,10.55,7.11,26.65,9.99,126.0,51.0,0.0,0.0,0.0,0.0
29/06/2025,20:20:12,10.55,7.1,26.65,9.99,-91.0,51.0,0.0,0.0,0.0,0.0
29/06/2025,20:26:00,10.51,7.11,26.65,9.99,885.0,51.0,0.0,0.0,0.0,0.0
29/06/2025,20:31:47,10.48,7.1,26.65,9.99,234.0,51.0,0.0,0.0,0.0,0.0
29/06/2025,20:37:33,10.5,7.09,26.65,9.99,-200.0,51.0,0.0,0.0,0.0,0.0
29/06/2025,20:43:21,10.51,7.08,26.65,9.99,17.0,51.0,0.0,0.0,0.0,0.0
29/06/2025,20:49:08,10.52,7.09,26.65,9.99,126.0,51.0,0.0,0.0,0.0,0.0
29/06/2025,20:54:55,10.55,7.09,26.65,9.99,451.0,51.0,0.0,0.0,0.0,0.0
29/06/2025,21:00:42,10.53,7.07,26.65,9.99,451.0,51.0,0.0,0.0,0.0,0.0
29/06/2025,21:06:28,10.53,7.09,26.65,9.99,343.0,51.0,0.0,0.0,0.0,0.0
29/06/2025,21:12:16,10.54,7.09,26.62,9.99,234.0,51.0,0.0,0.0,0.0,0.0
29/06/2025,21:18:03,10.54,7.09,26.62,9.99,343.0,51.0,0.0,0.0,0.0,0.0
29/06/2025,21:23:49,10.55,7.1,26.62,9.99,451.0,51.0,0.0,0.0,0.0,0.0
29/06/2025,21:29:37,10.54,7.11,26.62,9.99,343.0,51.0,0.0,0.0,0.0,0.0
29/06/2025,21:35:23,10.53,7.11,26.59,9.99,234.0,51.0,0.0,0.0,0.0,0.0
29/06/2025,21:41:11,10.53,7.12,26.59,9.99,668.0,51.0,0.0,0.0,0.0,0.0
29/06/2025,21:46:58,10.52,7.11,26.59,9.99,234.0,51.0,0.0,0.0,0.0,0.0
29/06/2025,21:52:44,10.55,7.12,26.59,9.99,777.0,51.0,0.0,0.0,0.0,0.0
29/06/2025,21:58:32,10.61,7.1,26.59,9.99,126.0,51.0,0.0,0.0,0.0,0.0
29/06/2025,22:04:18,10.64,7.08,26.54,9.99,343.0,51.0,0.0,0.0,0.0,0.0
29/06/2025,22:10:05,10.63,7.07,26.3,9.99,777.0,51.0,0.0,0.0,0.0,0.0
29/06/2025,22:15:53,10.59,7.07,25.87,9.99,885.0,51.0,0.0,0.0,0.0,0.0
29/06/2025,22:21:39,10.53,7.1,25.65,9.99,1102.0,51.0,0.0,0.0,0.0,0.0
29/06/2025,22:27:27,10.5,7.11,25.57,9.99,126.0,51.0,0.0,0.0,0.0,0.0
29/06/2025,22:33:13,10.48,7.12,25.54,9.99,560.0,51.0,0.0,0.0,0.0,0.0
29/06/2025,22:39:00,10.47,7.15,25.54,9.99,451.0,51.0,0.0,0.0,0.0,0.0
29/06/2025,22:44:48,10.45,7.14,25.54,9.99,451.0,51.0,0.0,0.0,0.0,0.0
29/06/2025,22:50:34,10.44,7.2,25.52,9.99,885.0,51.0,0.0,0.0,0.0,0.0
29/06/2025,22:56:21,10.44,7.21,25.46,9.99,777.0,51.0,0.0,0.0,0.0,0.0
29/06/2025,23:02:08,10.43,7.2,25.36,9.99,343.0,51.0,0.0,0.0,0.0,0.0
29/06/2025,23:07:55,10.43,7.22,25.25,9.99,451.0,51.0,0.0,0.0,0.0,0.0
29/06/2025,23:13:43,10.42,7.23,25.01,9.99,668.0,51.0,0.0,0.0,0.0,0.0
29/06/2025,23:19:29,10.43,7.26,24.76,9.99,560.0,51.0,0.0,0.0,0.0,0.0
29/06/2025,23:25:16,10.41,7.26,24.55,9.99,777.0,51.0,0.0,0.0,0.0,0.0
29/06/2025,23:31:04,10.41,7.28,24.44,9.99,777.0,51.0,0.0,0.0,0.0,0.0
29/06/2025,23:36:50,10.42,7.28,24.36,9.99,560.0,51.0,0.0,0.0,0.0,0.0
29/06/2025,23:42:37,10.42,7.28,24.33,9.99,451.0,51.0,0.0,0.0,0.0,0.0
29/06/2025,23:48:24,10.42,7.3,24.33,9.99,668.0,51.0,0.0,0.0,0.0,0.0
29/06/2025,23:54:11,10.41,7.3,24.33,9.99,560.0,51.0,0.0,0.0,0.0,0.0
29/06/2025,23:59:59,10.4,7.32,24.33,9.99,668.0,51.0,0.0,0.0,0.0,0.0
30/06/2025,00:00:00,10.4,7.32,24.33,9.99,777.0,51.0,0.0,0.0,0.0,0.0
30/06/2025,00:05:46,10.4,7.33,24.33,9.99,668.0,51.0,0.0,0.0,0.0,0.0
30/06/2025,00:11:33,10.4,7.34,24.3,9.99,560.0,51.0,0.0,0.0,0.0,0.0
30/06/2025,00:17:20,10.41,7.36,24.3,9.99,560.0,51.0,0.0,0.0,0.0,0.0
30/06/2025,00:23:07,10.41,7.36,24.28,9.99,668.0,51.0,0.0,0.0,0.0,0.0
30/06/2025,00:28:54,10.41,7.37,24.2,9.99,668.0,51.0,0.0,0.0,0.0,0.0
30/06/2025,00:34:41,10.43,7.38,24.14,9.99,668.0,51.0,0.0,0.0,0.0,0.0
30/06/2025,00:40:28,10.41,7.39,24.04,9.99,451.0,51.0,0.0,0.0,0.0,0.0
30/06/2025,00:46:16,10.43,7.4,23.87,9.99,343.0,51.0,0.0,0.0,0.0,0.0
30/06/2025,00:52:02,10.42,7.41,23.71,9.99,451.0,51.0,0.0,0.0,0.0,0.0
30/06/2025,00:57:49,10.41,7.42,23.6,9.99,668.0,51.0,0.0,0.0,0.0,0.0
30/06/2025,01:03:36,10.4,7.41,23.44,9.99,343.0,51.0,0.0,0.0,0.0,0.0
30/06/2025,01:09:23,10.42,7.44,23.33,9.99,234.0,51.0,0.0,0.0,0.0,0.0
30/06/2025,01:15:09,10.41,7.44,23.25,9.99,668.0,51.0,0.0,0.0,0.0,0.0
30/06/2025,01:20:57,10.43,7.45,23.17,9.99,668.0,51.0,0.0,0.0,0.0,0.0
30/06/2025,01:26:44,10.45,7.45,23.12,9.99,560.0,51.0,0.0,0.0,0.0,0.0
30/06/2025,01:32:31,10.45,7.48,23.12,9.99,668.0,51.0,0.0,0.0,0.0,0.0
30/06/2025,01:38:18,10.44,7.48,23.12,9.99,451.0,51.0,0.0,0.0,0.0,0.0
30/06/2025,01:44:05,10.43,7.47,23.12,9.99,560.0,51.0,0.0,0.0,0.0,0.0
30/06/2025,01:49:52,10.43,7.5,23.12,9.99,777.0,51.0,0.0,0.0,0.0,0.0
30/06/2025,01:55:39,10.51,7.52,23.12,9.99,885.0,51.0,0.0,0.0,0.0,0.0
30/06/2025,02:01:25,10.5,7.5,23.12,9.99,560.0,51.0,0.0,0.0,0.0,0.0
30/06/2025,02:07:13,10.49,7.52,23.09,9.99,560.0,51.0,0.0,0.0,0.0,0.0
30/06/2025,02:13:00,10.48,7.53,23.09,9.99,668.0,51.0,0.0,0.0,0.0,0.0
30/06/2025,02:18:47,10.46,7.54,23.07,9.99,451.0,51.0,0.0,0.0,0.0,0.0
30/06/2025,02:24:34,10.46,7.54,23.01,9.99,668.0,51.0,0.0,0.0,0.0,0.0
30/06/2025,02:30:20,10.45,7.56,22.98,9.99,451.0,51.0,0.0,0.0,0.0,0.0
30/06/2025,02:36:08,10.45,7.56,22.93,9.99,777.0,51.0,0.0,0.0,0.0,0.0
30/06/2025,02:41:55,10.44,7.57,22.9,9.99,560.0,51.0,0.0,0.0,0.0,0.0
30/06/2025,02:47:41,10.42,7.56,22.82,9.99,777.0,51.0,0.0,0.0,0.0,0.0
30/06/2025,02:53:29,10.43,7.56,22.74,9.99,343.0,51.0,0.0,0.0,0.0,0.0
30/06/2025,02:59:15,10.41,7.57,22.63,9.99,668.0,51.0,0.0,0.0,0.0,0.0
30/06/2025,03:05:03,10.41,7.58,22.58,9.99,885.0,51.0,0.0,0.0,0.0,0.0
30/06/2025,03:10:50,10.42,7.59,22.53,9.99,343.0,51.0,0.0,0.0,0.0,0.0
30/06/2025,03:16:36,10.42,7.59,22.42,9.99,668.0,51.0,0.0,0.0,0.0,0.0
30/06/2025,03:22:24,10.41,7.6,22.36,9.99,451.0,51.0,0.0,0.0,0.0,0.0
30/06/2025,03:28:10,10.42,7.62,22.31,9.99,343.0,51.0,0.0,0.0,0.0,0.0
30/06/2025,03:33:57,10.41,7.61,22.23,9.99,560.0,51.0,0.0,0.0,0.0,0.0
30/06/2025,03:39:45,10.41,7.6,22.18,9.99,885.0,51.0,0.0,0.0,0.0,0.0
30/06/2025,03:45:31,10.41,7.62,22.12,9.99,668.0,51.0,0.0,0.0,0.0,0.0
30/06/2025,03:51:19,10.42,7.61,22.1,9.99,668.0,51.0,0.0,0.0,0.0,0.0
30/06/2025,03:57:05,10.42,7.62,22.07,9.99,560.0,51.0,0.0,0.0,0.0,0.0
30/06/2025,04:02:52,10.42,7.61,22.01,9.99,343.0,51.0,0.0,0.0,0.0,0.0
30/06/2025,04:08:40,10.42,7.63,21.99,9.99,668.0,51.0,0.0,0.0,0.0,0.0
30/06/2025,04:14:26,10.42,7.61,21.96,9.99,668.0,51.0,0.0,0.0,0.0,0.0
30/06/2025,04:20:13,10.43,7.63,21.93,9.99,668.0,51.0,0.0,0.0,0.0,0.0
30/06/2025,04:26:00,10.42,7.63,21.93,9.99,777.0,51.0,0.0,0.0,0.0,0.0
30/06/2025,04:31:47,10.4,7.64,21.91,9.99,343.0,51.0,0.0,0.0,0.0,0.0
30/06/2025,04:37:35,10.4,7.64,21.91,9.99,560.0,51.0,0.0,0.0,0.0,0.0
30/06/2025,04:43:21,10.4,7.63,21.91,9.99,560.0,51.0,0.0,0.0,0.0,0.0
30/06/2025,04:49:08,10.41,7.64,21.91,9.99,777.0,51.0,0.0,0.0,0.0,0.0
30/06/2025,04:54:55,10.41,7.65,21.91,9.99,451.0,51.0,0.0,0.0,0.0,0.0
30/06/2025,05:00:42,10.4,7.65,21.91,9.99,343.0,51.0,0.0,0.0,0.0,0.0
30/06/2025,05:06:30,10.38,7.67,21.91,9.99,668.0,51.0,0.0,0.0,0.0,0.0
30/06/2025,05:12:16,10.38,7.67,21.91,9.99,777.0,51.0,0.0,0.0,0.0,0.0
30/06/2025,05:18:03,10.37,7.66,21.91,9.99,451.0,51.0,0.0,0.0,0.0,0.0
30/06/2025,05:23:50,10.37,7.66,21.91,9.99,777.0,51.0,0.0,0.0,0.0,0.0
30/06/2025,05:29:37,10.36,7.67,21.91,9.99,777.0,51.0,0.0,0.0,0.0,0.0
30/06/2025,05:35:24,10.34,7.67,21.91,9.99,451.0,51.0,0.0,0.0,0.0,0.0
30/06/2025,05:41:11,10.36,7.66,21.91,9.99,777.0,51.0,0.0,0.0,0.0,0.0
30/06/2025,05:46:58,10.34,7.67,21.91,9.99,885.0,51.0,0.0,0.0,0.0,0.0
30/06/2025,05:52:45,10.32,7.66,21.91,9.99,885.0,51.0,0.0,0.0,0.0,0.0
30/06/2025,05:58:32,10.31,7.66,21.91,9.99,668.0,51.0,0.0,0.0,0.0,0.0
30/06/2025,06:04:19,10.3,7.64,21.91,9.99,560.0,51.0,0.0,0.0,0.0,0.0
30/06/2025,06:10:06,10.29,7.65,21.91,9.99,777.0,51.0,0.0,0.0,0.0,0.0
30/06/2025,06:15:53,10.28,7.64,21.91,9.99,668.0,51.0,0.0,0.0,0.0,0.0
30/06/2025,06:21:39,10.28,7.64,21.91,9.99,668.0,51.0,0.0,0.0,0.0,0.0
30/06/2025,06:27:27,10.29,7.64,21.91,9.99,885.0,51.0,0.0,0.0,0.0,0.0
30/06/2025,06:33:14,10.3,7.63,21.91,9.99,668.0,51.0,0.0,0.0,0.0,0.0
30/06/2025,06:39:01,10.31,7.64,21.91,9.99,885.0,51.0,0.0,0.0,0.0,0.0
30/06/2025,06:44:48,10.32,7.65,21.91,9.99,994.0,51.0,0.0,0.0,0.0,0.0
30/06/2025,06:50:34,10.34,7.64,21.91,9.99,1102.0,51.0,0.0,0.0,0.0,0.0
30/06/2025,06:56:22,10.36,7.63,21.91,9.99,777.0,51.0,0.0,0.0,0.0,0.0
30/06/2025,07:02:09,10.38,7.64,21.91,9.99,560.0,51.0,0.0,0.0,0.0,0.0
30/06/2025,07:07:55,10.39,7.65,21.91,9.99,560.0,51.0,0.0,0.0,0.0,0.0
30/06/2025,07:13:43,10.39,7.64,21.91,9.99,451.0,51.0,0.0,0.0,0.0,0.0
30/06/2025,07:19:29,10.39,7.64,21.91,9.99,777.0,51.0,0.0,0.0,0.0,0.0
30/06/2025,07:25:17,10.4,7.65,21.91,9.99,777.0,51.0,0.0,0.0,0.0,0.0
30/06/2025,07:31:04,10.4,7.65,21.91,9.99,777.0,51.0,0.0,0.0,0.0,0.0
30/06/2025,07:36:50,10.4,7.66,21.91,9.99,777.0,51.0,0.0,0.0,0.0,0.0
30/06/2025,07:42:38,10.4,7.65,21.91,9.99,668.0,51.0,0.0,0.0,0.0,0.0
30/06/2025,07:48:25,10.4,7.67,21.91,9.99,343.0,51.0,0.0,0.0,0.0,0.0
30/06/2025,07:54:11,10.4,7.65,21.91,9.99,560.0,51.0,0.0,0.0,0.0,0.0
30/06/2025,07:59:59,10.4,7.66,21.91,9.99,994.0,51.0,0.0,0.0,0.0,0.0
30/06/2025,08:05:45,10.41,7.66,21.91,9.99,668.0,51.0,0.0,0.0,0.0,0.0
30/06/2025,08:11:33,10.41,7.66,21.91,9.99,777.0,51.0,0.0,0.0,0.0,0.0
30/06/2025,08:17:20,10.41,7.67,21.91,9.99,668.0,51.0,0.0,0.0,0.0,0.0
30/06/2025,08:23:06,10.4,7.67,21.91,9.99,885.0,51.0,0.0,0.0,0.0,0.0
30/06/2025,08:28:54,10.4,7.67,21.91,9.99,668.0,51.0,0.0,0.0,0.0,0.0
30/06/2025,08:34:40,10.38,7.68,21.91,9.99,885.0,51.0,0.0,0.0,0.0,0.0
30/06/2025,08:40:27,10.39,7.67,21.91,9.99,994.0,51.0,0.0,0.0,0.0,0.0
30/06/2025,08:46:15,10.39,7.68,21.91,9.99,777.0,51.0,0.0,0.0,0.0,0.0
30/06/2025,08:52:01,10.38,7.69,21.91,9.99,777.0,51.0,0.0,0.0,0.0,0.0
30/06/2025,08:57:49,10.38,7.68,21.91,9.99,668.0,51.0,0.0,0.0,0.0,0.0
30/06/2025,09:03:35,10.38,7.69,21.91,9.99,234.0,51.0,0.0,0.0,0.0,0.0
30/06/2025,09:09:22,10.39,7.7,21.91,9.99,451.0,51.0,0.0,0.0,0.0,0.0
30/06/2025,09:15:10,10.4,7.71,21.93,9.99,451.0,51.0,0.0,0.0,0.0,0.0
30/06/2025,09:20:56,10.4,7.69,22.1,9.99,451.0,51.0,0.0,0.0,0.0,0.0
30/06/2025,09:26:43,10.4,7.68,22.55,9.99,885.0,51.0,0.0,0.0,0.0,0.0
30/06/2025,09:32:31,10.42,7.65,22.8,9.99,234.0,51.0,0.0,0.0,0.0,0.0
30/06/2025,09:38:17,10.42,7.63,22.98,9.99,17.0,51.0,0.0,0.0,0.0,0.0
30/06/2025,09:44:05,10.43,7.61,23.07,9.99,451.0,51.0,0.0,0.0,0.0,0.0
30/06/2025,09:49:51,10.44,7.6,23.09,9.99,234.0,51.0,0.0,0.0,0.0,0.0
30/06/2025,09:55:38,10.45,7.59,23.12,9.99,451.0,51.0,0.0,0.0,0.0,0.0
30/06/2025,10:01:26,10.45,7.56,23.12,9.99,451.0,51.0,0.0,0.0,0.0,0.0
30/06/2025,10:07:12,10.46,7.56,23.12,9.99,885.0,51.0,0.0,0.0,0.0,0.0
30/06/2025,10:13:00,10.48,7.54,23.17,9.99,343.0,51.0,0.0,0.0,0.0,0.0
30/06/2025,10:18:47,10.46,7.48,23.25,9.99,451.0,51.0,0.0,0.0,0.0,0.0
30/06/2025,10:24:33,10.46,7.51,23.39,9.99,-91.0,51.0,0.0,0.0,0.0,0.0
30/06/2025,10:30:21,10.48,7.5,23.47,9.99,451.0,51.0,0.0,0.0,0.0,0.0
30/06/2025,10:36:07,10.48,7.52,23.6,9.99,885.0,51.0,0.0,0.0,0.0,0.0
30/06/2025,10:41:54,10.49,7.5,23.77,9.99,451.0,51.0,0.0,0.0,0.0,0.0
30/06/2025,10:47:42,10.48,7.52,23.95,9.99,343.0,51.0,0.0,0.0,0.0,0.0
30/06/2025,10:53:28,10.48,7.51,24.06,9.99,126.0,51.0,0.0,0.0,0.0,0.0
30/06/2025,10:59:16,10.47,7.49,24.14,9.99,885.0,51.0,0.0,0.0,0.0,0.0
30/06/2025,11:05:02,10.47,7.47,24.17,9.99,-91.0,51.0,0.0,0.0,0.0,0.0
30/06/2025,11:10:49,10.47,7.5,24.28,9.99,668.0,51.0,0.0,0.0,0.0,0.0
30/06/2025,11:16:37,10.49,7.49,24.28,9.99,343.0,51.0,0.0,0.0,0.0,0.0
30/06/2025,11:22:23,10.54,7.47,24.3,9.99,560.0,51.0,0.0,0.0,0.0,0.0
30/06/2025,11:28:10,10.49,7.44,24.3,9.99,-91.0,51.0,0.0,0.0,0.0,0.0
30/06/2025,11:33:57,10.5,7.45,24.33,9.99,560.0,51.0,0.0,0.0,0.0,0.0
30/06/2025,11:39:44,10.48,7.44,24.33,9.99,234.0,51.0,0.0,0.0,0.0,0.0
30/06/2025,11:45:32,10.35,7.41,24.33,9.99,777.0,51.0,0.0,0.0,0.0,0.0
30/06/2025,11:51:18,10.33,7.4,24.33,9.99,668.0,51.0,0.0,0.0,0.0,0.0
30/06/2025,11:57:05,10.34,7.34,24.33,9.99,451.0,51.0,0.0,0.0,0.0,0.0
30/06/2025,12:02:52,10.45,7.23,24.33,9.99,777.0,51.0,0.0,0.0,0.0,0.0
30/06/2025,12:08:39,10.38,7.3,24.33,9.99,1102.0,51.0,0.0,0.0,0.0,0.0
30/06/2025,12:14:26,10.38,7.4,24.33,9.99,343.0,51.0,0.0,0.0,0.0,0.0
30/06/2025,12:20:13,10.44,7.41,24.33,9.99,-200.0,51.0,0.0,0.0,0.0,0.0
30/06/2025,12:26:00,10.6,7.35,24.33,9.99,343.0,51.0,0.0,0.0,0.0,0.0
30/06/2025,12:31:47,10.55,7.38,24.33,9.99,17.0,51.0,0.0,0.0,0.0,0.0
30/06/2025,12:37:34,10.51,7.37,24.33,9.99,343.0,51.0,0.0,0.0,0.0,0.0
30/06/2025,12:43:21,10.49,7.37,24.33,9.99,17.0,51.0,0.0,0.0,0.0,0.0
30/06/2025,12:49:08,10.47,7.35,24.36,9.99,885.0,51.0,0.0,0.0,0.0,0.0
30/06/2025,12:54:55,10.47,7.36,24.44,9.99,1102.0,51.0,0.0,0.0,0.0,0.0
30/06/2025,13:00:42,10.46,7.34,24.6,9.99,668.0,51.0,0.0,0.0,0.0,0.0
30/06/2025,13:06:29,10.46,7.33,24.6,9.99,1753.0,51.0,0.0,0.0,0.0,0.0
30/06/2025,13:12:16,10.45,7.32,24.65,9.99,1427.0,51.0,0.0,0.0,0.0,0.0
30/06/2025,13:18:03,10.46,7.32,24.68,9.99,1753.0,51.0,0.0,0.0,0.0,0.0
30/06/2025,13:23:50,10.45,7.33,24.74,9.99,1753.0,51.0,0.0,0.0,0.0,0.0
30/06/2025,13:29:37,10.44,7.3,24.76,9.99,2838.0,51.0,0.0,0.0,0.0,0.0
30/06/2025,13:35:24,10.44,7.32,24.82,9.99,2729.0,51.0,0.0,0.0,0.0,0.0
30/06/2025,13:41:11,10.44,7.3,24.87,9.99,2621.0,51.0,0.0,0.0,0.0,0.0
30/06/2025,13:46:58,10.44,7.32,24.95,9.99,3272.0,51.0,0.0,0.0,0.0,0.0
30/06/2025,13:52:45,10.45,7.32,25.11,9.99,3597.0,51.0,0.0,0.0,0.0,0.0
30/06/2025,13:58:32,10.44,7.28,25.11,9.99,3706.0,51.0,0.0,0.0,0.0,0.0
30/06/2025,14:04:20,10.44,7.29,25.17,9.99,4357.0,51.0,0.0,0.0,0.0,0.0
30/06/2025,14:10:06,10.44,7.3,25.17,9.99,4574.0,51.0,0.0,0.0,0.0,0.0
30/06/2025,14:15:53,10.44,7.28,25.22,9.99,4899.0,51.0,0.0,0.0,0.0,0.0
30/06/2025,14:21:41,10.46,7.27,25.25,9.99,5007.0,51.0,0.0,0.0,0.0,0.0
30/06/2025,14:27:27,10.44,7.26,25.25,9.99,5875.0,51.0,0.0,0.0,0.0,0.0
30/06/2025,14:33:15,10.44,7.28,25.27,9.99,6852.0,51.0,0.0,0.0,0.0,0.0
30/06/2025,14:39:01,10.44,7.28,25.3,9.99,7286.0,51.0,0.0,0.0,0.0,0.0
30/06/2025,14:44:48,10.44,7.29,25.33,9.99,7611.0,51.0,0.0,0.0,0.0,0.0
30/06/2025,14:50:36,10.45,7.28,25.33,9.99,7720.0,51.0,0.0,0.0,0.0,0.0
30/06/2025,14:56:22,10.45,7.28,25.36,9.99,8262.0,51.0,0.0,0.0,0.0,0.0
30/06/2025,15:02:09,10.45,7.27,25.36,9.99,9238.0,51.0,0.0,0.0,0.0,0.0
30/06/2025,15:07:56,10.45,7.26,25.38,9.99,10323.0,51.0,0.0,0.0,0.0,0.0
30/06/2025,15:13:43,10.46,7.27,25.38,9.99,10432.0,51.0,0.0,0.0,0.0,0.0
30/06/2025,15:19:30,10.46,7.26,25.38,9.99,11300.0,51.0,0.0,0.0,0.0,0.0
30/06/2025,15:25:17,10.46,7.27,25.41,9.99,11951.0,51.0,0.0,0.0,0.0,0.0
30/06/2025,15:31:04,10.46,7.26,25.41,9.99,12818.0,51.0,0.0,0.0,0.0,0.0
30/06/2025,15:36:51,10.47,7.28,25.41,9.99,13686.0,51.0,0.0,0.0,0.0,0.0
30/06/2025,15:42:38,10.46,7.27,25.41,9.99,14120.0,51.0,0.0,0.0,0.0,0.0
30/06/2025,15:48:24,10.48,7.26,25.44,9.99,15205.0,51.0,0.0,0.0,0.0,0.0
30/06/2025,15:54:12,10.47,7.26,25.44,9.99,16181.0,51.0,0.0,0.0,0.0,0.0
30/06/2025,15:59:59,10.48,7.27,25.44,9.99,17266.0,51.0,0.0,0.0,0.0,0.0
30/06/2025,16:05:46,10.48,7.28,25.46,9.99,18243.0,51.0,0.0,0.0,0.0,0.0
30/06/2025,16:11:33,10.48,7.26,25.44,9.99,19219.0,51.0,0.0,0.0,0.0,0.0
30/06/2025,16:17:19,10.49,7.28,25.44,9.99,19870.0,51.0,0.0,0.0,0.0,0.0
30/06/2025,16:23:07,10.49,7.26,25.44,9.99,20846.0,51.0,0.0,0.0,0.0,0.0
30/06/2025,16:28:54,10.49,7.26,25.44,9.99,21823.0,51.0,0.0,0.0,0.0,0.0
30/06/2025,16:34:40,10.5,7.28,25.44,9.99,23124.0,51.0,0.0,0.0,0.0,0.0
30/06/2025,16:40:28,10.5,7.28,25.44,9.99,23884.0,51.0,0.0,0.0,0.0,0.0
30/06/2025,16:46:15,10.5,7.27,25.44,9.99,24860.0,51.0,0.0,0.0,0.0,0.0
30/06/2025,16:52:02,10.51,7.28,25.44,9.99,25945.0,51.0,0.0,0.0,0.0,0.0
30/06/2025,16:57:49,10.51,7.28,25.41,9.99,26813.0,51.0,0.0,0.0,0.0,0.0
30/06/2025,17:03:35,10.51,7.25,25.41,9.99,27681.0,51.0,0.0,0.0,0.0,0.0
30/06/2025,17:09:23,10.5,7.28,25.41,9.99,29525.0,51.0,0.0,0.0,0.0,0.0
30/06/2025,17:15:10,10.49,7.27,25.38,9.99,30067.0,51.0,0.0,0.0,0.0,0.0
30/06/2025,17:20:56,10.5,7.29,25.38,9.99,31152.0,51.0,0.0,0.0,0.0,0.0
30/06/2025,17:26:44,10.5,7.27,25.38,9.99,32129.0,51.0,0.0,0.0,0.0,0.0
30/06/2025,17:32:30,10.51,7.28,25.36,9.99,33647.0,51.0,0.0,0.0,0.0,0.0
30/06/2025,17:38:18,10.51,7.28,25.36,9.99,34949.0,51.0,0.0,0.0,0.0,0.0
30/06/2025,17:44:05,10.51,7.29,25.33,9.99,36143.0,51.0,0.0,0.0,0.0,0.0
30/06/2025,17:49:51,10.52,7.28,25.3,9.99,38529.0,51.0,0.0,0.0,0.0,0.0
30/06/2025,17:55:39,10.53,7.28,25.3,9.99,39614.0,51.0,0.0,0.0,0.0,0.0
30/06/2025,18:01:26,10.53,7.29,25.27,9.99,41458.0,51.0,0.0,0.0,0.0,0.0
30/06/2025,18:07:12,10.55,7.28,25.25,9.99,42001.0,51.0,0.0,0.0,0.0,0.0
30/06/2025,18:13:00,10.55,7.29,25.22,9.99,44279.0,51.0,0.0,0.0,0.0,0.0
30/06/2025,18:18:46,10.55,7.28,25.19,9.99,44713.0,51.0,0.0,0.0,0.0,0.0
30/06/2025,18:24:34,10.55,7.28,25.17,9.99,46340.0,51.0,0.0,0.0,0.0,0.0
30/06/2025,18:30:20,10.56,7.29,25.06,9.99,48401.0,51.0,0.0,0.0,0.0,0.0
30/06/2025,18:36:07,10.56,7.29,25.03,9.99,50246.0,51.0,0.0,0.0,0.0,0.0
30/06/2025,18:41:55,10.56,7.3,25.06,9.99,50897.0,51.0,0.0,0.0,0.0,0.0
30/06/2025,18:47:41,10.56,7.3,25.09,9.99,51764.0,51.0,0.0,0.0,0.0,0.0
30/06/2025,18:53:28,10.57,7.3,25.03,9.99,52849.0,51.0,0.0,0.0,0.0,0.0
30/06/2025,18:59:15,10.57,7.3,24.98,9.99,53934.0,51.0,0.0,0.0,0.0,0.0
30/06/2025,19:05:02,10.57,7.3,24.9,9.99,55236.0,51.0,0.0,0.0,0.0,0.0
30/06/2025,19:10:50,10.57,7.31,24.84,9.99,56646.0,51.0,0.0,0.0,0.0,0.0
30/06/2025,19:16:36,10.57,7.3,24.76,9.99,57840.0,51.0,0.0,0.0,0.0,0.0
30/06/2025,19:22:23,10.57,7.32,24.79,9.99,58707.0,51.0,0.0,0.0,0.0,0.0
30/06/2025,19:28:10,10.58,7.33,24.76,9.99,60118.0,51.0,0.0,0.0,0.0,0.0
30/06/2025,19:33:57,10.58,7.31,24.74,9.99,61962.0,51.0,0.0,0.0,0.0,0.0
30/06/2025,19:39:45,10.57,7.34,24.68,9.99,62938.0,51.0,0.0,0.0,0.0,0.0
30/06/2025,19:45:31,10.57,7.34,24.68,9.99,65434.0,51.0,0.0,0.0,0.0,0.0
30/06/2025,19:51:18,10.57,7.31,24.63,9.99,66518.0,51.0,0.0,0.0,0.0,0.0
30/06/2025,19:57:05,10.56,7.34,24.6,9.99,69014.0,51.0,0.0,0.0,0.0,0.0
30/06/2025,20:02:52,10.56,7.32,24.6,9.99,70424.0,51.0,0.0,0.0,0.0,0.0
30/06/2025,20:08:38,10.57,7.32,24.55,9.99,71509.0,51.0,0.0,0.0,0.0,0.0
30/06/2025,20:14:26,10.59,7.33,24.52,9.99,71726.0,51.0,0.0,0.0,0.0,0.0
30/06/2025,20:20:13,10.59,7.33,24.47,9.99,73787.0,51.0,0.0,0.0,0.0,0.0
30/06/2025,20:26:00,10.59,7.33,24.44,9.99,75740.0,51.0,0.0,0.0,0.0,0.0
30/06/2025,20:31:47,10.57,7.33,24.44,9.99,77801.0,51.0,0.0,0.0,0.0,0.0
30/06/2025,20:37:33,10.58,7.34,24.41,9.99,79320.0,51.0,0.0,0.0,0.0,0.0
30/06/2025,20:43:21,10.58,7.35,24.41,9.99,79211.0,51.0,0.0,0.0,0.0,0.0
30/06/2025,20:49:08,10.58,7.34,24.41,9.99,79320.0,51.0,0.0,0.0,0.0,0.0
30/06/2025,20:54:54,10.59,7.34,24.39,9.99,79211.0,51.0,0.0,0.0,0.0,0.0
30/06/2025,21:00:42,10.59,7.35,24.36,9.99,79320.0,51.0,0.0,0.0,0.0,0.0
30/06/2025,21:06:28,10.6,7.35,24.36,9.99,79320.0,51.0,0.0,0.0,0.0,0.0
30/06/2025,21:12:16,10.6,7.35,24.36,9.99,79645.0,51.0,0.0,0.0,0.0,0.0
30/06/2025,21:18:03,10.6,7.36,24.33,9.99,79537.0,51.0,0.0,0.0,0.0,0.0
30/06/2025,21:23:49,10.6,7.34,24.33,9.99,79537.0,51.0,0.0,0.0,0.0,0.0
30/06/2025,21:29:37,10.59,7.35,24.33,9.99,79103.0,51.0,0.0,0.0,0.0,0.0
30/06/2025,21:35:24,10.56,7.36,24.33,9.99,79537.0,51.0,0.0,0.0,0.0,0.0
30/06/2025,21:41:10,10.55,7.36,24.33,9.99,79645.0,51.0,0.0,0.0,0.0,0.0
30/06/2025,21:46:58,10.53,7.35,24.33,9.99,79537.0,51.0,0.0,0.0,0.0,0.0
30/06/2025,21:52:45,10.51,7.34,24.36,9.99,79211.0,51.0,0.0,0.0,0.0,0.0
30/06/2025,21:58:32,10.49,7.34,24.39,9.99,79211.0,51.0,0.0,0.0,0.0,0.0
30/06/2025,22:04:19,10.48,7.31,24.39,9.99,79537.0,51.0,0.0,0.0,0.0,0.0
30/06/2025,22:10:05,10.47,7.28,24.36,9.99,79645.0,51.0,0.0,0.0,0.0,0.0
30/06/2025,22:15:53,10.46,7.28,24.33,9.99,79537.0,51.0,0.0,0.0,0.0,0.0
30/06/2025,22:21:39,10.46,7.28,24.33,9.99,79645.0,51.0,0.0,0.0,0.0,0.0
30/06/2025,22:27:26,10.44,7.3,24.33,9.99,79537.0,51.0,0.0,0.0,0.0,0.0
30/06/2025,22:33:13,10.43,7.3,24.33,9.99,79428.0,51.0,0.0,0.0,0.0,0.0
30/06/2025,22:39:00,10.43,7.31,24.33,9.99,79645.0,51.0,0.0,0.0,0.0,0.0
30/06/2025,22:44:48,10.43,7.31,24.33,9.99,79645.0,51.0,0.0,0.0,0.0,0.0
30/06/2025,22:50:34,10.4,7.33,24.33,9.99,79645.0,51.0,0.0,0.0,0.0,0.0
30/06/2025,22:56:21,10.4,7.32,24.3,9.99,79320.0,51.0,0.0,0.0,0.0,0.0
30/06/2025,23:02:08,10.39,7.34,24.3,9.99,79645.0,51.0,0.0,0.0,0.0,0.0
30/06/2025,23:07:55,10.39,7.33,24.3,9.99,79645.0,51.0,0.0,0.0,0.0,0.0
30/06/2025,23:13:42,10.39,7.34,24.3,9.99,79645.0,51.0,0.0,0.0,0.0,0.0
30/06/2025,23:19:29,10.38,7.35,24.28,9.99,79645.0,51.0,0.0,0.0,0.0,0.0
30/06/2025,23:25:16,10.38,7.35,24.25,9.99,79537.0,51.0,0.0,0.0,0.0,0.0
30/06/2025,23:31:04,10.37,7.35,24.22,9.99,79537.0,51.0,0.0,0.0,0.0,0.0
30/06/2025,23:36:50,10.38,7.36,24.2,9.99,79537.0,51.0,0.0,0.0,0.0,0.0
30/06/2025,23:42:37,10.38,7.36,24.2,9.99,79645.0,51.0,0.0,0.0,0.0,0.0
30/06/2025,23:48:24,10.39,7.37,24.12,9.99,79537.0,51.0,0.0,0.0,0.0,0.0
30/06/2025,23:54:11,10.4,7.36,24.06,9.99,79537.0,51.0,0.0,0.0,0.0,0.0
30/06/2025,23:59:59,10.38,7.36,24.04,9.99,79645.0,51.0,0.0,0.0,0.0,0.0
