Fecha,Hora,pH,DO,Temp,Lvl,co2,LEDw,LEDr,LEDg,LEDb,Pmp
13/07/2025,00:00:00,10.61,7.72,22.2,9.99,3597,35,0,0,0,0
13/07/2025,00:05:46,10.61,7.72,22.18,9.99,4140,35,0,0,0,0
13/07/2025,00:11:33,10.61,7.72,22.15,9.99,3814,35,0,0,0,0
13/07/2025,00:17:20,10.61,7.72,22.15,9.99,3706,35,0,0,0,0
13/07/2025,00:23:07,10.61,7.72,22.12,9.99,3814,35,0,0,0,0
13/07/2025,00:28:54,10.61,7.73,22.12,9.99,3814,35,0,0,0,0
13/07/2025,00:34:41,10.63,7.71,22.12,9.99,4031,35,0,0,0,0
13/07/2025,00:40:28,10.62,7.71,22.07,9.99,3923,35,0,0,0,0
13/07/2025,00:46:15,10.62,7.72,22.04,9.99,3923,35,0,0,0,0
13/07/2025,00:52:02,10.62,7.73,22.04,9.99,3706,35,0,0,0,0
13/07/2025,00:57:49,10.63,7.72,22.04,9.99,3380,35,0,0,0,0
13/07/2025,01:03:36,10.63,7.74,22.04,9.99,3814,35,0,0,0,0
13/07/2025,01:09:23,10.63,7.71,22.01,9.99,4031,35,0,0,0,0
13/07/2025,01:15:10,10.64,7.74,21.99,9.99,3814,35,0,0,0,0
13/07/2025,01:20:57,10.65,7.73,21.99,9.99,3706,35,0,0,0,0
13/07/2025,01:26:44,10.66,7.72,21.99,9.99,4031,35,0,0,0,0
13/07/2025,01:32:31,10.67,7.72,21.96,9.99,3814,35,0,0,0,0
13/07/2025,01:38:18,10.71,7.74,21.93,9.99,3814,35,0,0,0,0
13/07/2025,01:44:05,10.69,7.76,21.91,9.99,3489,35,0,0,0,0
13/07/2025,01:49:51,10.69,7.73,21.91,9.99,3706,35,0,0,0,0
13/07/2025,01:55:39,10.7,7.75,21.91,9.99,3597,35,0,0,0,0
13/07/2025,02:01:26,10.7,7.75,21.91,9.99,3380,35,0,0,0,0
13/07/2025,02:07:12,10.72,7.76,21.91,9.99,3597,35,0,0,0,0
13/07/2025,02:13:00,10.73,7.78,21.91,9.99,3814,35,0,0,0,0
13/07/2025,02:18:47,10.69,7.77,21.91,9.99,4357,35,0,0,0,0
13/07/2025,02:24:33,10.69,7.77,21.91,9.99,3923,35,0,0,0,0
13/07/2025,02:30:21,10.68,7.78,21.91,9.99,4031,35,0,0,0,0
13/07/2025,02:36:07,10.66,7.79,21.91,9.99,4031,35,0,0,0,0
13/07/2025,02:41:54,10.65,7.78,21.91,9.99,4140,35,0,0,0,0
13/07/2025,02:47:42,10.64,7.78,21.91,9.99,4031,35,0,0,0,0
13/07/2025,02:53:28,10.63,7.8,21.91,9.99,3923,35,0,0,0,0
13/07/2025,02:59:15,10.62,7.78,21.91,9.99,4031,35,0,0,0,0
13/07/2025,03:05:03,10.61,7.79,21.91,9.99,3814,35,0,0,0,0
13/07/2025,03:10:49,10.61,7.78,21.91,9.99,4465,35,0,0,0,0
13/07/2025,03:16:36,10.6,7.79,21.91,9.99,3814,35,0,0,0,0
13/07/2025,03:22:23,10.6,7.77,21.91,9.99,4140,35,0,0,0,0
13/07/2025,03:28:10,10.6,7.78,21.91,9.99,3923,35,0,0,0,0
13/07/2025,03:33:57,10.6,7.78,21.91,9.99,4140,35,0,0,0,0
13/07/2025,03:39:44,10.6,7.77,21.91,9.99,4031,35,0,0,0,0
13/07/2025,03:45:31,10.6,7.77,21.91,9.99,3814,35,0,0,0,0
13/07/2025,03:51:18,10.6,7.76,21.91,9.99,3814,35,0,0,0,0
13/07/2025,03:57:05,10.6,7.77,21.91,9.99,4031,35,0,0,0,0
13/07/2025,04:02:52,10.59,7.76,21.91,9.99,4031,35,0,0,0,0
13/07/2025,04:08:39,10.6,7.77,21.91,9.99,3923,35,0,0,0,0
13/07/2025,04:14:26,10.6,7.76,21.91,9.99,3923,35,0,0,0,0
13/07/2025,04:20:13,10.6,7.77,21.91,9.99,3597,35,0,0,0,0
13/07/2025,04:26:00,10.6,7.76,21.91,9.99,3706,35,0,0,0,0
13/07/2025,04:31:47,10.6,7.75,21.91,9.99,3814,35,0,0,0,0
13/07/2025,04:37:34,10.6,7.76,21.91,9.99,4140,35,0,0,0,0
13/07/2025,04:43:21,10.6,7.76,21.91,9.99,4031,35,0,0,0,0
13/07/2025,04:49:08,10.6,7.75,21.91,9.99,3923,35,0,0,0,0
13/07/2025,04:54:54,10.62,7.77,21.91,9.99,3706,35,0,0,0,0
13/07/2025,05:00:42,10.64,7.76,21.91,9.99,3923,35,0,0,0,0
13/07/2025,05:06:29,10.65,7.75,21.91,9.99,3706,35,0,0,0,0
13/07/2025,05:12:15,10.67,7.77,21.91,9.99,3706,35,0,0,0,0
13/07/2025,05:18:03,10.68,7.76,21.91,9.99,3706,35,0,0,0,0
13/07/2025,05:23:50,10.68,7.77,21.91,9.99,3597,35,0,0,0,0
13/07/2025,05:29:36,10.7,7.79,21.91,9.99,3489,35,0,0,0,0
13/07/2025,05:35:24,10.7,7.79,21.91,9.99,3272,35,0,0,0,0
13/07/2025,05:41:11,10.72,7.79,21.91,9.99,3706,35,0,0,0,0
13/07/2025,05:46:57,10.72,7.79,21.91,9.99,3380,35,0,0,0,0
13/07/2025,05:52:45,10.7,7.79,21.91,9.99,3923,35,0,0,0,0
13/07/2025,05:58:32,10.71,7.81,21.91,9.99,3923,35,0,0,0,0
13/07/2025,06:04:18,10.71,7.8,21.88,9.99,3597,35,0,0,0,0
13/07/2025,06:10:06,10.71,7.81,21.88,9.99,3814,35,0,0,0,0
13/07/2025,06:15:53,10.72,7.81,21.88,9.99,3380,35,0,0,0,0
13/07/2025,06:21:39,10.72,7.82,21.88,9.99,3597,35,0,0,0,0
13/07/2025,06:27:26,10.71,7.82,21.88,9.99,3380,35,0,0,0,0
13/07/2025,06:33:14,10.72,7.82,21.85,9.99,3163,35,0,0,0,0
13/07/2025,06:39:00,10.73,7.84,21.85,9.99,3706,35,0,0,0,0
13/07/2025,06:44:47,10.73,7.84,21.85,9.99,3489,35,0,0,0,0
13/07/2025,06:50:35,10.72,7.86,21.83,9.99,3706,35,0,0,0,0
13/07/2025,06:56:21,10.72,7.86,21.8,9.99,3814,35,0,0,0,0
13/07/2025,07:02:08,10.71,7.84,21.77,9.99,3597,35,0,0,0,0
13/07/2025,07:07:56,10.72,7.85,21.77,9.99,3489,35,0,0,0,0
13/07/2025,07:13:42,10.71,7.86,21.75,9.99,3597,35,0,0,0,0
13/07/2025,07:19:29,10.71,7.84,21.69,9.99,3814,35,0,0,0,0
13/07/2025,07:25:17,10.73,7.85,21.66,9.99,3923,35,0,0,0,0
13/07/2025,07:31:04,10.72,7.86,21.61,9.99,3489,35,0,0,0,0
13/07/2025,07:36:50,10.69,7.87,21.58,9.99,3814,35,0,0,0,0
13/07/2025,07:42:38,10.72,7.88,21.56,9.99,3923,35,0,0,0,0
13/07/2025,07:48:25,10.7,7.87,21.5,9.99,3272,35,0,0,0,0
13/07/2025,07:54:11,10.7,7.86,21.45,9.99,3489,35,0,0,0,0
13/07/2025,07:59:58,10.72,7.89,21.42,9.99,3706,35,0,0,0,0
13/07/2025,08:05:46,10.72,7.9,21.34,9.99,3597,35,0,0,0,0
13/07/2025,08:11:32,10.7,7.89,21.29,9.99,3272,35,0,0,0,0
13/07/2025,08:17:19,10.71,7.88,21.29,9.99,3814,35,0,0,0,0
13/07/2025,08:23:07,10.71,7.9,21.26,9.99,3489,35,0,0,0,0
13/07/2025,08:28:53,10.71,7.89,21.15,9.99,3380,35,0,0,0,0
13/07/2025,08:34:40,10.71,7.9,21.15,9.99,3380,35,0,0,0,0
13/07/2025,08:40:28,10.71,7.89,21.13,9.99,3814,35,0,0,0,0
13/07/2025,08:46:14,10.71,7.91,21.07,9.99,3380,35,0,0,0,0
13/07/2025,08:52:01,10.71,7.92,21.02,9.99,3923,35,0,0,0,0
13/07/2025,08:57:49,10.71,7.92,20.99,9.99,3489,35,0,0,0,0
13/07/2025,09:03:35,10.71,7.91,20.99,9.99,3489,35,0,0,0,0
13/07/2025,09:09:22,10.71,7.92,21.15,9.99,3380,35,0,0,0,0
13/07/2025,09:15:10,10.72,7.9,21.31,9.99,2946,35,0,0,0,0
13/07/2025,09:20:56,10.73,7.88,21.48,9.99,3597,35,0,0,0,0
13/07/2025,09:26:43,10.74,7.88,21.58,9.99,3272,35,0,0,0,0
13/07/2025,09:32:31,10.75,7.88,21.66,9.99,3814,35,0,0,0,0
13/07/2025,09:38:17,10.74,7.87,21.75,9.99,3706,35,0,0,0,0
13/07/2025,09:44:04,10.74,7.86,21.8,9.99,3380,35,0,0,0,0
13/07/2025,09:49:51,10.75,7.85,21.85,9.99,2946,35,0,0,0,0
13/07/2025,09:55:38,10.75,7.84,21.85,9.99,3706,35,0,0,0,0
13/07/2025,10:01:25,10.75,7.84,21.88,9.99,3489,35,0,0,0,0
13/07/2025,10:07:12,10.76,7.83,21.88,9.99,3163,35,0,0,0,0
13/07/2025,10:13:00,10.76,7.83,21.91,9.99,3380,35,0,0,0,0
13/07/2025,10:18:46,10.77,7.83,21.91,9.99,3272,35,0,0,0,0
13/07/2025,10:24:33,10.77,7.82,21.91,9.99,3489,35,0,0,0,0
13/07/2025,10:30:21,10.77,7.79,21.91,9.99,3706,35,0,0,0,0
13/07/2025,10:36:07,10.77,7.79,21.91,9.99,3814,35,0,0,0,0
13/07/2025,10:41:54,10.77,7.78,21.91,9.99,3163,35,0,0,0,0
13/07/2025,10:47:42,10.77,7.79,21.91,9.99,3380,35,0,0,0,0
13/07/2025,10:53:28,10.76,7.78,21.91,9.99,3380,35,0,0,0,0
13/07/2025,10:59:15,10.76,7.76,21.91,9.99,3380,35,0,0,0,0
13/07/2025,11:05:03,10.75,7.76,21.93,9.99,3380,35,0,0,0,0
13/07/2025,11:10:49,10.75,7.76,21.96,9.99,3163,35,0,0,0,0
13/07/2025,11:16:36,10.73,7.76,21.99,9.99,3706,35,0,0,0,0
13/07/2025,11:22:23,10.72,7.75,22.07,9.99,2838,35,0,0,0,0
13/07/2025,11:28:10,10.73,7.75,22.1,9.99,3163,35,0,0,0,0
13/07/2025,11:33:57,10.72,7.73,22.18,9.99,3923,35,0,0,0,0
13/07/2025,11:39:44,10.72,7.72,22.28,9.99,3814,35,0,0,0,0
13/07/2025,11:45:31,10.72,7.72,22.36,9.99,3923,35,0,0,0,0
13/07/2025,11:51:18,10.72,7.71,22.5,9.99,3597,35,0,0,0,0
13/07/2025,11:57:05,10.72,7.71,22.61,9.99,3706,35,0,0,0,0
13/07/2025,12:02:52,10.72,7.7,22.69,9.99,2838,35,0,0,0,0
13/07/2025,12:08:39,10.71,7.7,22.77,9.99,3706,35,0,0,0,0
13/07/2025,12:14:26,10.71,7.69,22.82,9.99,3489,35,0,0,0,0
13/07/2025,12:20:13,10.71,7.69,22.93,9.99,3055,35,0,0,0,0
13/07/2025,12:26:00,10.7,7.67,22.98,9.99,3489,35,0,0,0,0
13/07/2025,12:31:47,10.7,7.66,22.98,9.99,3380,35,0,0,0,0
13/07/2025,12:37:34,10.7,7.67,23.04,9.99,3814,35,0,0,0,0
13/07/2025,12:43:21,10.69,7.66,23.07,9.99,3489,35,0,0,0,0
13/07/2025,12:49:08,10.7,7.66,23.07,9.99,3055,35,0,0,0,0
13/07/2025,12:54:54,10.69,7.63,23.09,9.99,3706,35,0,0,0,0
13/07/2025,13:00:42,10.69,7.64,23.09,9.99,3163,35,0,0,0,0
13/07/2025,13:06:29,10.69,7.63,23.09,9.99,3489,35,0,0,0,0
13/07/2025,13:12:15,10.69,7.64,23.12,9.99,4248,35,0,0,0,0
13/07/2025,13:18:03,10.71,7.62,23.12,9.99,2946,35,0,0,0,0
13/07/2025,13:23:50,10.72,7.62,23.12,9.99,3272,35,0,0,0,0
13/07/2025,13:29:36,10.7,7.6,23.12,9.99,3597,35,0,0,0,0
13/07/2025,13:35:24,10.69,7.61,23.12,9.99,3706,35,0,0,0,0
13/07/2025,13:41:11,10.69,7.6,23.12,9.99,3706,35,0,0,0,0
13/07/2025,13:46:57,10.69,7.59,23.12,9.99,3597,35,0,0,0,0
13/07/2025,13:52:45,10.7,7.59,23.12,9.99,3923,35,0,0,0,0
13/07/2025,13:58:32,10.69,7.59,23.12,9.99,3380,35,0,0,0,0
13/07/2025,14:04:18,10.69,7.59,23.12,9.99,3597,35,0,0,0,0
13/07/2025,14:10:06,10.68,7.6,23.12,9.99,3272,35,0,0,0,0
13/07/2025,14:15:53,10.69,7.59,23.12,9.99,3597,35,0,0,0,0
13/07/2025,14:21:39,10.7,7.58,23.12,9.99,3814,35,0,0,0,0
13/07/2025,14:27:26,10.7,7.57,23.12,9.99,3489,35,0,0,0,0
13/07/2025,14:33:14,10.7,7.56,23.12,9.99,3380,35,0,0,0,0
13/07/2025,14:39:00,10.71,7.58,23.12,9.99,3814,35,0,0,0,0
13/07/2025,14:44:47,10.73,7.58,23.15,9.99,3163,35,0,0,0,0
13/07/2025,14:50:35,10.7,7.56,23.15,9.99,3597,35,0,0,0,0
13/07/2025,14:56:21,10.71,7.57,23.17,9.99,3055,35,0,0,0,0
13/07/2025,15:02:08,10.72,7.55,23.17,9.99,3597,35,0,0,0,0
13/07/2025,15:07:56,10.72,7.56,23.17,9.99,3597,35,0,0,0,0
13/07/2025,15:13:42,10.71,7.55,23.2,9.99,3489,35,0,0,0,0
13/07/2025,15:19:29,10.73,7.56,23.23,9.99,4031,35,0,0,0,0
13/07/2025,15:25:17,10.7,7.55,23.23,9.99,3272,35,0,0,0,0
13/07/2025,15:31:03,10.72,7.56,23.25,9.99,3380,35,0,0,0,0
13/07/2025,15:36:50,10.73,7.55,23.28,9.99,3380,35,0,0,0,0
13/07/2025,15:42:38,10.73,7.55,23.28,9.99,3380,35,0,0,0,0
13/07/2025,15:48:24,10.74,7.55,23.28,9.99,3814,35,0,0,0,0
13/07/2025,15:54:11,10.71,7.55,23.31,9.99,3380,35,0,0,0,0
13/07/2025,15:59:58,10.71,7.54,23.31,9.99,3163,35,0,0,0,0
13/07/2025,16:05:45,10.7,7.55,23.36,9.99,3380,35,0,0,0,0
13/07/2025,16:11:32,10.74,7.55,23.36,9.99,3272,35,0,0,0,0
13/07/2025,16:17:19,10.7,7.54,23.39,9.99,3163,35,0,0,0,0
13/07/2025,16:23:06,10.71,7.54,23.39,9.99,3597,35,0,0,0,0
13/07/2025,16:28:53,10.72,7.54,23.39,9.99,3814,35,0,0,0,0
13/07/2025,16:34:40,10.72,7.55,23.39,9.99,3814,35,0,0,0,0
13/07/2025,16:40:27,10.72,7.54,23.39,9.99,3706,35,0,0,0,0
13/07/2025,16:46:14,10.73,7.54,23.39,9.99,3380,35,0,0,0,0
13/07/2025,16:52:01,10.72,7.53,23.42,9.99,3489,35,0,0,0,0
13/07/2025,16:57:48,10.72,7.54,23.42,9.99,3597,35,0,0,0,0
13/07/2025,17:03:35,10.7,7.54,23.42,9.99,3055,35,0,0,0,0
13/07/2025,17:09:22,10.73,7.54,23.44,9.99,3055,35,0,0,0,0
13/07/2025,17:15:09,10.72,7.55,23.42,9.99,3380,35,0,0,0,0
13/07/2025,17:20:56,10.72,7.52,23.44,9.99,3597,35,0,0,0,0
13/07/2025,17:26:43,10.71,7.54,23.47,9.99,3489,35,0,0,0,0
13/07/2025,17:32:30,10.72,7.53,23.44,9.99,3597,35,0,0,0,0
13/07/2025,17:38:17,10.72,7.53,23.44,9.99,3814,35,0,0,0,0
13/07/2025,17:44:04,10.73,7.52,23.47,9.99,3380,35,0,0,0,0
13/07/2025,17:49:50,10.73,7.54,23.5,9.99,3380,35,0,0,0,0
13/07/2025,17:55:38,10.73,7.53,23.5,9.99,3814,35,0,0,0,0
13/07/2025,18:01:25,10.72,7.52,23.5,9.99,3814,35,0,0,0,0
13/07/2025,18:07:11,10.72,7.52,23.5,9.99,3706,35,0,0,0,0
13/07/2025,18:12:59,10.72,7.52,23.5,9.99,3814,35,0,0,0,0
13/07/2025,18:18:46,10.73,7.53,23.5,9.99,3272,35,0,0,0,0
13/07/2025,18:24:32,10.73,7.53,23.5,9.99,3163,35,0,0,0,0
13/07/2025,18:30:20,10.73,7.54,23.5,9.99,3814,35,0,0,0,0
13/07/2025,18:36:07,10.73,7.54,23.47,9.99,3706,35,0,0,0,0
13/07/2025,18:41:54,10.73,7.52,23.44,9.99,3706,35,0,0,0,0
13/07/2025,18:47:41,10.72,7.53,23.47,9.99,3706,35,0,0,0,0
13/07/2025,18:53:28,10.74,7.52,23.47,9.99,3597,35,0,0,0,0
13/07/2025,18:59:15,10.74,7.54,23.44,9.99,3380,35,0,0,0,0
13/07/2025,19:05:02,10.73,7.53,23.42,9.99,3706,35,0,0,0,0
13/07/2025,19:10:49,10.74,7.53,23.39,9.99,3597,35,0,0,0,0
13/07/2025,19:16:36,10.74,7.54,23.39,9.99,3597,35,0,0,0,0
13/07/2025,19:22:22,10.75,7.55,23.39,9.99,3814,35,0,0,0,0
13/07/2025,19:28:10,10.74,7.53,23.39,9.99,3163,35,0,0,0,0
13/07/2025,19:33:57,10.74,7.53,23.36,9.99,2946,35,0,0,0,0
13/07/2025,19:39:43,10.76,7.54,23.36,9.99,3380,35,0,0,0,0
13/07/2025,19:45:31,10.73,7.54,23.36,9.99,3706,35,0,0,0,0
13/07/2025,19:51:18,10.76,7.54,23.36,9.99,3814,35,0,0,0,0
13/07/2025,19:57:04,10.74,7.55,23.36,9.99,3706,35,0,0,0,0
13/07/2025,20:02:52,10.74,7.55,23.36,9.99,3489,35,0,0,0,0
13/07/2025,20:08:39,10.76,7.56,23.36,9.99,3597,35,0,0,0,0
13/07/2025,20:14:26,10.75,7.53,23.33,9.99,3706,35,0,0,0,0
13/07/2025,20:20:13,10.76,7.56,23.31,9.99,3055,35,0,0,0,0
13/07/2025,20:26:00,10.76,7.56,23.28,9.99,3272,35,0,0,0,0
13/07/2025,20:31:46,10.74,7.55,23.28,9.99,3272,35,0,0,0,0
13/07/2025,20:37:34,10.75,7.55,23.31,9.99,3380,35,0,0,0,0
13/07/2025,20:43:21,10.75,7.57,23.31,9.99,3272,35,0,0,0,0
13/07/2025,20:49:08,10.74,7.55,23.31,9.99,3489,35,0,0,0,0
13/07/2025,20:54:54,10.74,7.56,23.31,9.99,3380,35,0,0,0,0
13/07/2025,21:00:42,10.78,7.55,23.31,9.99,3163,35,0,0,0,0
13/07/2025,21:06:29,10.76,7.55,23.31,9.99,3597,35,0,0,0,0
13/07/2025,21:12:15,10.75,7.56,23.28,9.99,3597,35,0,0,0,0
13/07/2025,21:18:03,10.77,7.56,23.28,9.99,3380,35,0,0,0,0
13/07/2025,21:23:50,10.75,7.56,23.25,9.99,2838,35,0,0,0,0
13/07/2025,21:29:36,10.76,7.57,23.25,9.99,3380,35,0,0,0,0
13/07/2025,21:35:24,10.75,7.56,23.25,9.99,2838,35,0,0,0,0
13/07/2025,21:41:11,10.75,7.56,23.23,9.99,3272,35,0,0,0,0
13/07/2025,21:46:57,10.78,7.57,23.23,9.99,3489,35,0,0,0,0
13/07/2025,21:52:45,10.77,7.57,23.23,9.99,3489,35,0,0,0,0
13/07/2025,21:58:32,10.74,7.56,23.25,9.99,3923,35,0,0,0,0
13/07/2025,22:04:18,10.74,7.56,23.25,9.99,3380,35,0,0,0,0
13/07/2025,22:10:06,10.73,7.55,23.17,9.99,3814,35,0,0,0,0
13/07/2025,22:15:53,10.7,7.57,23.12,9.99,3380,35,0,0,0,0
13/07/2025,22:21:39,10.69,7.57,23.12,9.99,3597,35,0,0,0,0
13/07/2025,22:27:26,10.68,7.6,23.12,9.99,4248,35,0,0,0,0
13/07/2025,22:33:14,10.66,7.61,23.12,9.99,3597,35,0,0,0,0
13/07/2025,22:39:00,10.65,7.61,23.12,9.99,3706,35,0,0,0,0
13/07/2025,22:44:47,10.63,7.61,23.12,9.99,3489,35,0,0,0,0
13/07/2025,22:50:35,10.62,7.63,23.12,9.99,3380,35,0,0,0,0
13/07/2025,22:56:21,10.61,7.63,23.12,9.99,3706,35,0,0,0,0
13/07/2025,23:02:08,10.6,7.63,23.09,9.99,3814,35,0,0,0,0
13/07/2025,23:07:56,10.6,7.64,23.09,9.99,3706,35,0,0,0,0
13/07/2025,23:13:42,10.59,7.62,23.09,9.99,3923,35,0,0,0,0
13/07/2025,23:19:29,10.58,7.63,23.09,9.99,3814,35,0,0,0,0
13/07/2025,23:25:17,10.58,7.63,23.07,9.99,3706,35,0,0,0,0
13/07/2025,23:31:03,10.58,7.65,23.07,9.99,3597,35,0,0,0,0
13/07/2025,23:36:50,10.58,7.64,23.07,9.99,3597,35,0,0,0,0
13/07/2025,23:42:38,10.58,7.66,23.04,9.99,3489,35,0,0,0,0
13/07/2025,23:48:24,10.58,7.66,23.01,9.99,3272,35,0,0,0,0
13/07/2025,23:54:11,10.58,7.65,23.01,9.99,3814,35,0,0,0,0
13/07/2025,23:59:59,10.58,7.66,23.01,9.99,3597,35,0,0,0,0
14/07/2025,00:00:00,10.58,7.66,23.01,9.99,3597,35,0,0,0,0
14/07/2025,00:05:46,10.58,7.65,22.98,9.99,3706,35,0,0,0,0
14/07/2025,00:11:33,10.58,7.66,22.96,9.99,3814,35,0,0,0,0
14/07/2025,00:17:21,10.58,7.67,22.96,9.99,3706,35,0,0,0,0
14/07/2025,00:23:07,10.58,7.68,22.96,9.99,3706,35,0,0,0,0
14/07/2025,00:28:54,10.58,7.67,22.93,9.99,3706,35,0,0,0,0
14/07/2025,00:34:42,10.58,7.66,22.9,9.99,3814,35,0,0,0,0
14/07/2025,00:40:28,10.58,7.66,22.9,9.99,3706,35,0,0,0,0
14/07/2025,00:46:15,10.58,7.67,22.9,9.99,3706,35,0,0,0,0
14/07/2025,00:52:03,10.58,7.67,22.88,9.99,3597,35,0,0,0,0
14/07/2025,00:57:49,10.58,7.67,22.88,9.99,3706,35,0,0,0,0
14/07/2025,01:03:36,10.59,7.67,22.88,9.99,3380,35,0,0,0,0
14/07/2025,01:09:24,10.59,7.67,22.82,9.99,3706,35,0,0,0,0
14/07/2025,01:15:10,10.6,7.67,22.8,9.99,3814,35,0,0,0,0
14/07/2025,01:20:57,10.61,7.67,22.8,9.99,3706,35,0,0,0,0
14/07/2025,01:26:45,10.63,7.7,22.77,9.99,3923,35,0,0,0,0
14/07/2025,01:32:31,10.64,7.68,22.72,9.99,3597,35,0,0,0,0
14/07/2025,01:38:18,10.65,7.7,22.69,9.99,3272,35,0,0,0,0
14/07/2025,01:44:06,10.65,7.69,22.55,9.99,3597,35,0,0,0,0
14/07/2025,01:49:53,10.67,7.7,22.5,9.99,3380,35,0,0,0,0
14/07/2025,01:55:39,10.67,7.68,22.45,9.99,3272,35,0,0,0,0
14/07/2025,02:01:27,10.68,7.72,22.39,9.99,3597,35,0,0,0,0
14/07/2025,02:07:14,10.68,7.71,22.23,9.99,3706,35,0,0,0,0
14/07/2025,02:13:00,10.69,7.71,22.15,9.99,3597,35,0,0,0,0
14/07/2025,02:18:48,10.7,7.73,22.1,9.99,3814,35,0,0,0,0
14/07/2025,02:24:35,10.7,7.74,22.01,9.99,3706,35,0,0,0,0
14/07/2025,02:30:21,10.7,7.73,21.99,9.99,3489,35,0,0,0,0
14/07/2025,02:36:09,10.71,7.74,21.93,9.99,3597,35,0,0,0,0
14/07/2025,02:41:56,10.71,7.75,21.91,9.99,3380,35,0,0,0,0
14/07/2025,02:47:43,10.71,7.78,21.91,9.99,3489,35,0,0,0,0
14/07/2025,02:53:30,10.71,7.76,21.91,9.99,3380,35,0,0,0,0
14/07/2025,02:59:17,10.73,7.77,21.91,9.99,3272,35,0,0,0,0
14/07/2025,03:05:04,10.74,7.76,21.91,9.99,3163,35,0,0,0,0
14/07/2025,03:10:51,10.72,7.77,21.91,9.99,3489,35,0,0,0,0
14/07/2025,03:16:38,10.72,7.8,21.91,9.99,3597,35,0,0,0,0
14/07/2025,03:22:25,10.71,7.79,21.91,9.99,3489,35,0,0,0,0
14/07/2025,03:28:12,10.72,7.79,21.91,9.99,3489,35,0,0,0,0
14/07/2025,03:33:59,10.72,7.8,21.91,9.99,3380,35,0,0,0,0
14/07/2025,03:39:46,10.71,7.81,21.88,9.99,3380,35,0,0,0,0
14/07/2025,03:45:33,10.71,7.8,21.88,9.99,3706,35,0,0,0,0
14/07/2025,03:51:20,10.72,7.81,21.88,9.99,3597,35,0,0,0,0
14/07/2025,03:57:08,10.72,7.83,21.88,9.99,3489,35,0,0,0,0
14/07/2025,04:02:54,10.72,7.83,21.88,9.99,3055,35,0,0,0,0
14/07/2025,04:08:41,10.72,7.84,21.85,9.99,2946,35,0,0,0,0
14/07/2025,04:14:29,10.72,7.83,21.85,9.99,3163,35,0,0,0,0
14/07/2025,04:20:15,10.73,7.85,21.83,9.99,3706,35,0,0,0,0
14/07/2025,04:26:02,10.74,7.84,21.8,9.99,3489,35,0,0,0,0
14/07/2025,04:31:50,10.73,7.87,21.77,9.99,3163,35,0,0,0,0
14/07/2025,04:37:36,10.73,7.86,21.72,9.99,3272,35,0,0,0,0
14/07/2025,04:43:23,10.73,7.86,21.69,9.99,3597,35,0,0,0,0
14/07/2025,04:49:11,10.73,7.87,21.66,9.99,3489,35,0,0,0,0
14/07/2025,04:54:57,10.73,7.87,21.58,9.99,3272,35,0,0,0,0
14/07/2025,05:00:44,10.73,7.87,21.53,9.99,3597,35,0,0,0,0
14/07/2025,05:06:32,10.73,7.89,21.48,9.99,3380,35,0,0,0,0
14/07/2025,05:12:18,10.73,7.89,21.4,9.99,3489,35,0,0,0,0
14/07/2025,05:18:05,10.73,7.89,21.37,9.99,3272,35,0,0,0,0
14/07/2025,05:23:53,10.73,7.89,21.31,9.99,3706,35,0,0,0,0
14/07/2025,05:29:39,10.73,7.88,21.26,9.99,3163,35,0,0,0,0
14/07/2025,05:35:27,10.73,7.89,21.18,9.99,2838,35,0,0,0,0
14/07/2025,05:41:14,10.73,7.89,21.18,9.99,3272,35,0,0,0,0
14/07/2025,05:47:00,10.73,7.91,21.07,9.99,3489,35,0,0,0,0
14/07/2025,05:52:48,10.73,7.91,21.07,9.99,3597,35,0,0,0,0
14/07/2025,05:58:35,10.73,7.9,21.02,9.99,3706,35,0,0,0,0
14/07/2025,06:04:21,10.73,7.9,20.96,9.99,3489,35,0,0,0,0
14/07/2025,06:10:09,10.73,7.91,20.96,9.99,4031,35,0,0,0,0
14/07/2025,06:15:56,10.73,7.92,20.91,9.99,3272,35,0,0,0,0
14/07/2025,06:21:42,10.73,7.93,20.88,9.99,3055,35,0,0,0,0
14/07/2025,06:27:30,10.73,7.93,20.86,9.99,3597,35,0,0,0,0
14/07/2025,06:33:17,10.73,7.93,20.83,9.99,3489,35,0,0,0,0
14/07/2025,06:39:03,10.74,7.94,20.8,9.99,3272,35,0,0,0,0
14/07/2025,06:44:51,10.73,7.93,20.8,9.99,3272,35,0,0,0,0
14/07/2025,06:50:38,10.74,7.93,20.8,9.99,3706,35,0,0,0,0
14/07/2025,06:56:24,10.74,7.93,20.78,9.99,3489,35,0,0,0,0
14/07/2025,07:02:12,10.74,7.95,20.75,9.99,3489,35,0,0,0,0
14/07/2025,07:07:59,10.74,7.95,20.72,9.99,3272,35,0,0,0,0
14/07/2025,07:13:45,10.73,7.95,20.75,9.99,3489,35,0,0,0,0
14/07/2025,07:19:33,10.73,7.94,20.72,9.99,3380,35,0,0,0,0
14/07/2025,07:25:20,10.73,7.95,20.72,9.99,3597,35,0,0,0,0
14/07/2025,07:31:06,10.73,7.97,20.72,9.99,3597,35,0,0,0,0
14/07/2025,07:36:54,10.74,7.94,20.69,9.99,3163,35,0,0,0,0
14/07/2025,07:42:41,10.74,7.94,20.69,9.99,3272,35,0,0,0,0
14/07/2025,07:48:27,10.74,7.96,20.69,9.99,3706,35,0,0,0,0
14/07/2025,07:54:15,10.74,7.95,20.69,9.99,3489,35,0,0,0,0
14/07/2025,08:00:02,10.74,7.96,20.69,9.99,3380,35,0,0,0,0
14/07/2025,08:05:49,10.73,7.96,20.69,9.99,3380,35,0,0,0,0
14/07/2025,08:11:36,10.74,7.96,20.69,9.99,3597,35,0,0,0,0
14/07/2025,08:17:23,10.74,7.95,20.69,9.99,3489,35,0,0,0,0
14/07/2025,08:23:10,10.75,7.97,20.69,9.99,3597,35,0,0,0,0
14/07/2025,08:28:57,10.74,7.97,20.69,9.99,3272,35,0,0,0,0
14/07/2025,08:34:44,10.75,7.95,20.69,9.99,3163,35,0,0,0,0
14/07/2025,08:40:31,10.74,7.97,20.69,9.99,3380,35,0,0,0,0
14/07/2025,08:46:18,10.74,7.97,20.69,9.99,3380,35,0,0,0,0
14/07/2025,08:52:05,10.74,7.97,20.69,9.99,3597,35,0,0,0,0
14/07/2025,08:57:52,10.74,7.95,20.69,9.99,3163,35,0,0,0,0
14/07/2025,09:03:39,10.74,7.99,20.69,9.99,3055,35,0,0,0,0
14/07/2025,09:09:26,10.76,7.97,20.69,9.99,3380,35,0,0,0,0
14/07/2025,09:15:13,10.76,7.96,20.72,9.99,3380,35,0,0,0,0
14/07/2025,09:21:00,10.76,7.95,20.78,9.99,3272,35,0,0,0,0
14/07/2025,09:26:47,10.76,7.93,20.88,9.99,3380,35,0,0,0,0
14/07/2025,09:32:34,10.74,7.9,21.07,9.99,3706,35,0,0,0,0
14/07/2025,09:38:21,10.75,7.89,21.23,9.99,2946,35,0,0,0,0
14/07/2025,09:44:08,10.77,7.9,21.4,9.99,3163,35,0,0,0,0
14/07/2025,09:49:55,10.75,7.89,21.61,9.99,3163,35,0,0,0,0
14/07/2025,09:55:42,10.75,7.87,21.69,9.99,3272,35,0,0,0,0
14/07/2025,10:01:28,10.75,7.85,21.77,9.99,3814,35,0,0,0,0
14/07/2025,10:07:16,10.74,7.85,21.83,9.99,3272,35,0,0,0,0
14/07/2025,10:13:03,10.74,7.84,21.85,9.99,2946,35,0,0,0,0
14/07/2025,10:18:49,10.76,7.82,21.88,9.99,3380,35,0,0,0,0
14/07/2025,10:24:37,10.74,7.8,21.91,9.99,3597,35,0,0,0,0
14/07/2025,10:30:24,10.73,7.78,21.91,9.99,3923,35,0,0,0,0
14/07/2025,10:36:10,10.27,7.79,1.27,9.99,-22222,35,0,0,0,0
14/07/2025,10:41:58,10.38,7.77,1.19,9.99,-22222,35,0,0,0,0
14/07/2025,10:47:45,10.54,7.78,10.43,9.99,-22222,35,0,0,0,0
14/07/2025,10:53:32,10.62,7.74,19.97,9.99,-22222,35,0,0,0,0
14/07/2025,10:59:19,10.73,7.74,18.81,9.99,-22222,25,0,0,0,0
14/07/2025,11:05:06,11.24,7.74,19.21,9.99,-22222,100,0,0,0,0
14/07/2025,11:10:53,10.39,7.74,19.46,9.99,-22222,100,0,0,0,0
14/07/2025,11:16:40,10.66,7.71,20.08,9.99,-22222,25,0,0,0,0
14/07/2025,11:22:27,10.91,7.72,30.07,9.99,4248,25,0,0,0,0
14/07/2025,11:28:14,10.82,7.7,34.46,9.99,4357,25,0,0,0,0
14/07/2025,11:34:01,10.77,7.7,23.39,9.99,5116,25,0,0,0,0
14/07/2025,11:39:48,10.74,7.69,24.36,9.99,5550,25,0,0,0,0
14/07/2025,11:45:35,10.74,7.68,21.07,9.99,5984,25,0,0,0,0
14/07/2025,11:51:22,10.74,7.68,21.18,9.99,6309,25,0,0,0,0
14/07/2025,11:57:09,10.74,7.67,21.31,9.99,6743,25,0,0,0,0
14/07/2025,12:02:56,10.74,7.67,21.37,9.99,6852,25,0,0,0,0
14/07/2025,12:08:43,10.74,7.68,21.45,9.99,7611,50,0,0,0,0
14/07/2025,12:14:30,10.74,7.65,21.56,9.99,7286,50,0,0,0,0
14/07/2025,12:20:17,10.73,7.65,21.61,9.99,8045,50,0,0,0,0
14/07/2025,12:26:04,10.73,7.63,21.61,9.99,7828,50,0,0,0,0
14/07/2025,12:31:50,10.72,7.62,21.64,9.99,8045,50,0,0,0,0
14/07/2025,12:37:38,10.72,7.6,21.66,9.99,8371,50,0,0,0,0
14/07/2025,12:43:25,10.73,7.59,21.64,9.99,8804,50,0,0,0,0
14/07/2025,12:49:11,10.72,7.58,21.61,9.99,9347,50,0,0,0,0
14/07/2025,12:54:59,10.72,7.58,21.64,9.99,9130,50,0,0,0,0
14/07/2025,13:00:45,10.72,7.57,21.64,9.99,9347,50,0,0,0,0
14/07/2025,13:06:32,10.72,7.56,21.58,9.99,9781,50,0,0,0,0
14/07/2025,13:12:20,10.72,7.53,21.23,9.99,9998,50,0,0,0,0
14/07/2025,13:18:06,10.72,7.51,21.5,9.99,10432,50,0,0,0,0
14/07/2025,13:23:54,10.72,7.52,21.53,9.99,10215,50,0,0,0,0
14/07/2025,13:29:41,10.73,7.51,21.58,9.99,10323,50,0,0,0,0
14/07/2025,13:35:27,10.72,7.49,21.56,9.99,10540,50,0,0,0,0
14/07/2025,13:41:15,10.72,7.47,21.64,9.99,11300,50,0,0,0,0
14/07/2025,13:47:02,10.72,7.46,21.69,9.99,11408,50,0,0,0,0
14/07/2025,13:52:48,10.71,7.47,21.61,9.99,11083,50,0,0,0,0
14/07/2025,13:58:36,10.71,7.45,21.64,9.99,11842,50,0,0,0,0
14/07/2025,14:04:22,10.7,7.42,21.66,9.99,12276,50,0,0,0,0
14/07/2025,14:10:09,10.7,7.43,21.66,9.99,12167,50,0,0,0,0
14/07/2025,14:15:57,10.7,7.43,21.66,9.99,11951,50,0,0,0,0
14/07/2025,14:21:43,10.7,7.42,21.66,9.99,12384,50,0,0,0,0
14/07/2025,14:27:30,10.7,7.42,21.69,9.99,12927,50,0,0,0,0
14/07/2025,14:33:17,10.7,7.4,21.72,9.99,12818,50,0,0,0,0
14/07/2025,14:39:04,10.7,7.4,21.75,9.99,12276,50,0,0,0,0
14/07/2025,14:44:51,10.69,7.4,21.69,9.99,12927,50,0,0,0,0
14/07/2025,14:50:38,10.69,7.4,21.72,9.99,13144,50,0,0,0,0
14/07/2025,14:56:25,10.69,7.38,21.69,9.99,12927,50,0,0,0,0
14/07/2025,15:02:11,10.69,7.37,21.72,9.99,12710,50,0,0,0,0
14/07/2025,15:07:59,10.69,7.36,21.77,9.99,13361,50,0,0,0,0
14/07/2025,15:13:46,10.69,7.35,21.77,9.99,13035,50,0,0,0,0
14/07/2025,15:19:32,10.69,7.36,21.75,9.99,13686,50,0,0,0,0
14/07/2025,15:25:20,10.7,7.35,21.77,9.99,13035,50,0,0,0,0
14/07/2025,15:31:07,10.7,7.35,21.72,9.99,14337,50,0,0,0,0
14/07/2025,15:36:53,10.7,7.33,21.75,9.99,14012,50,0,0,0,0
14/07/2025,15:42:41,10.7,7.35,21.77,9.99,13578,50,0,0,0,0
14/07/2025,15:48:27,10.7,7.34,21.72,9.99,13903,50,0,0,0,0
14/07/2025,15:54:14,10.7,7.34,21.75,9.99,14446,50,0,0,0,0
14/07/2025,16:00:02,10.7,7.33,21.72,9.99,14012,50,0,0,0,0
14/07/2025,16:05:48,10.7,7.34,21.75,9.99,15205,50,0,0,0,0
14/07/2025,16:11:36,10.7,7.33,21.75,9.99,14663,50,0,0,0,0
14/07/2025,16:17:23,10.7,7.32,21.75,9.99,14988,50,0,0,0,0
14/07/2025,16:23:09,10.7,7.31,21.75,9.99,15097,50,0,0,0,0
14/07/2025,16:28:57,10.7,7.31,21.75,9.99,15856,50,0,0,0,0
14/07/2025,16:34:43,10.7,7.3,21.69,9.99,15531,50,0,0,0,0
14/07/2025,16:40:30,10.7,7.31,21.69,9.99,15531,50,0,0,0,0
14/07/2025,16:46:18,10.7,7.31,21.8,9.99,16290,50,0,0,0,0
14/07/2025,16:52:04,10.66,7.3,24.25,9.99,15747,50,0,0,0,0
14/07/2025,16:57:51,10.59,7.29,25.19,9.99,15531,50,0,0,0,0
14/07/2025,17:03:39,10.62,7.3,25.11,9.99,15856,15,0,0,0,0
14/07/2025,17:09:25,10.65,7.32,25.06,9.99,15964,15,0,0,0,0
14/07/2025,17:15:12,10.65,7.32,24.98,9.99,15964,15,0,0,0,0
14/07/2025,17:20:59,10.65,7.33,24.87,9.99,16507,15,0,0,0,0
14/07/2025,17:26:46,10.65,7.33,24.82,9.99,16398,15,0,0,0,0
14/07/2025,17:32:33,10.65,7.34,24.76,9.99,16615,15,0,0,0,0
14/07/2025,17:38:20,10.65,7.36,24.68,9.99,16615,15,0,0,0,0
14/07/2025,17:44:07,10.65,7.36,24.63,9.99,17049,15,0,0,0,0
14/07/2025,17:49:53,10.65,7.37,24.55,9.99,17158,15,0,0,0,0
14/07/2025,17:55:41,10.64,7.39,24.52,9.99,16941,15,0,0,0,0
14/07/2025,18:01:28,10.64,7.4,24.47,9.99,17158,15,0,0,0,0
14/07/2025,18:07:14,10.65,7.4,24.25,9.99,17049,15,0,0,0,0
14/07/2025,18:13:02,10.64,7.42,24.25,9.99,17592,15,0,0,0,0
14/07/2025,18:18:48,10.65,7.41,24.25,9.99,17266,15,0,0,0,0
14/07/2025,18:24:35,10.66,7.44,24.2,9.99,17375,15,0,0,0,0
14/07/2025,18:30:23,10.66,7.43,24.12,9.99,17483,15,0,0,0,0
14/07/2025,18:36:09,10.66,7.44,24.09,9.99,17266,15,0,0,0,0
14/07/2025,18:41:57,10.67,7.46,23.95,9.99,18460,15,0,0,0,0
14/07/2025,18:47:43,10.67,7.46,24.04,9.99,17809,15,0,0,0,0
14/07/2025,18:53:30,10.67,7.47,23.87,9.99,18460,15,0,0,0,0
14/07/2025,18:59:18,10.68,7.47,23.9,9.99,19111,15,0,0,0,0
14/07/2025,19:05:04,10.68,7.51,23.55,9.99,18568,15,0,0,0,0
14/07/2025,19:10:51,10.69,7.51,23.52,9.99,19327,15,0,0,0,0
14/07/2025,19:16:39,10.7,7.51,23.6,9.99,19219,15,0,0,0,0
14/07/2025,19:22:25,10.7,7.52,23.47,9.99,19544,15,0,0,0,0
14/07/2025,19:28:12,10.7,7.54,23.47,9.99,19436,15,0,0,0,0
14/07/2025,19:33:59,10.7,7.52,23.44,9.99,19870,15,0,0,0,0
14/07/2025,19:39:46,10.71,7.56,23.52,9.99,19978,15,0,0,0,0
14/07/2025,19:45:32,10.72,7.56,23.28,9.99,20521,15,0,0,0,0
14/07/2025,19:51:20,10.71,7.56,23.25,9.99,20521,15,0,0,0,0
14/07/2025,19:57:07,10.7,7.59,23.23,9.99,20738,15,0,0,0,0
14/07/2025,20:02:53,10.71,7.58,23.2,9.99,21497,15,0,0,0,0
14/07/2025,20:08:41,10.71,7.58,23.2,9.99,21063,15,0,0,0,0
14/07/2025,20:14:28,10.7,7.59,23.12,9.99,20738,15,0,0,0,0
14/07/2025,20:20:14,10.7,7.6,23.07,9.99,21172,15,0,0,0,0
14/07/2025,20:26:02,10.7,7.61,23.04,9.99,21280,15,0,0,0,0
14/07/2025,20:31:48,10.69,7.62,23.01,9.99,21606,15,0,0,0,0
14/07/2025,20:37:35,10.7,7.62,22.98,9.99,22040,15,0,0,0,0
14/07/2025,20:43:23,10.69,7.63,22.96,9.99,21497,15,0,0,0,0
14/07/2025,20:49:09,10.69,7.63,22.9,9.99,22148,15,0,0,0,0
14/07/2025,20:54:56,10.7,7.63,22.85,9.99,22474,15,0,0,0,0
14/07/2025,21:00:44,10.7,7.64,22.82,9.99,22040,15,0,0,0,0
14/07/2025,21:06:30,10.7,7.65,22.82,9.99,22148,15,0,0,0,0
14/07/2025,21:12:17,10.71,7.66,22.85,9.99,22257,15,0,0,0,0
14/07/2025,21:18:04,10.72,7.65,22.77,9.99,22365,15,0,0,0,0
14/07/2025,21:23:51,10.71,7.66,22.77,9.99,22365,15,0,0,0,0
14/07/2025,21:29:38,10.72,7.66,22.72,9.99,22582,15,0,0,0,0
14/07/2025,21:35:25,10.71,7.68,22.66,9.99,22365,15,0,0,0,0
14/07/2025,21:41:12,10.71,7.68,22.66,9.99,22907,15,0,0,0,0
14/07/2025,21:46:59,10.7,7.68,22.63,9.99,23558,15,0,0,0,0
14/07/2025,21:52:46,10.71,7.66,22.66,9.99,23124,15,0,0,0,0
14/07/2025,21:58:32,10.7,7.7,22.5,9.99,23775,15,0,0,0,0
14/07/2025,22:04:20,10.68,7.69,22.53,9.99,24209,15,0,0,0,0
14/07/2025,22:10:07,10.69,7.69,22.31,9.99,24318,15,0,0,0,0
14/07/2025,22:15:53,10.7,7.7,22.39,9.99,23775,15,0,0,0,0
14/07/2025,22:21:41,10.72,7.72,22.36,9.99,23884,15,0,0,0,0
14/07/2025,22:27:27,10.72,7.73,22.28,9.99,23667,15,0,0,0,0
14/07/2025,22:33:14,10.73,7.71,22.23,9.99,23775,15,0,0,0,0
14/07/2025,22:39:02,10.74,7.73,22.18,9.99,23992,15,0,0,0,0
14/07/2025,22:44:48,10.73,7.75,22.12,9.99,23992,15,0,0,0,0
14/07/2025,22:50:35,10.73,7.75,22.07,9.99,24318,15,0,0,0,0
14/07/2025,22:56:22,10.73,7.76,22.04,9.99,24209,15,0,0,0,0
14/07/2025,23:02:09,10.73,7.75,21.99,9.99,24969,15,0,0,0,0
14/07/2025,23:07:55,10.73,7.77,21.96,9.99,24969,15,0,0,0,0
14/07/2025,23:13:43,10.73,7.78,21.93,9.99,25077,15,0,0,0,0
14/07/2025,23:19:30,10.73,7.79,21.91,9.99,25511,15,0,0,0,0
14/07/2025,23:25:16,10.72,7.79,21.91,9.99,25837,15,0,0,0,0
14/07/2025,23:31:04,10.72,7.8,21.88,9.99,25728,15,0,0,0,0
14/07/2025,23:36:50,10.72,7.8,21.85,9.99,25837,15,0,0,0,0
14/07/2025,23:42:37,10.72,7.81,21.83,9.99,25837,15,0,0,0,0
14/07/2025,23:48:25,10.72,7.81,21.83,9.99,26487,15,0,0,0,0
14/07/2025,23:54:11,10.72,7.81,21.64,9.99,26487,15,0,0,0,0
14/07/2025,23:59:59,10.72,7.83,21.64,9.99,26813,15,0,0,0,0
15/07/2025,00:00:00,10.72,7.83,21.64,9.99,26704,15,0,0,0,0
15/07/2025,00:05:46,10.72,7.82,21.69,9.99,27030,15,0,0,0,0
15/07/2025,00:11:33,10.72,7.81,21.72,9.99,26379,15,0,0,0,0
15/07/2025,00:17:21,10.73,7.84,21.5,9.99,26921,15,0,0,0,0
15/07/2025,00:23:07,10.73,7.85,21.56,9.99,26813,15,0,0,0,0
15/07/2025,00:28:55,10.73,7.84,21.58,9.99,26813,15,0,0,0,0
15/07/2025,00:34:41,10.73,7.83,21.58,9.99,27247,15,0,0,0,0
15/07/2025,00:40:28,10.73,7.85,21.53,9.99,27247,15,0,0,0,0
15/07/2025,00:46:15,10.73,7.85,21.53,9.99,27789,15,0,0,0,0
15/07/2025,00:52:02,10.73,7.87,21.5,9.99,27898,15,0,0,0,0
15/07/2025,00:57:50,10.74,7.86,21.61,9.99,27789,15,0,0,0,0
15/07/2025,01:03:36,10.74,7.88,21.4,9.99,28115,15,0,0,0,0
15/07/2025,01:09:23,10.74,7.87,21.37,9.99,28223,15,0,0,0,0
15/07/2025,01:15:10,10.74,7.87,21.37,9.99,28115,15,0,0,0,0
15/07/2025,01:20:57,10.74,7.88,21.26,9.99,28440,15,0,0,0,0
15/07/2025,01:26:45,10.74,7.88,21.31,9.99,28766,15,0,0,0,0
15/07/2025,01:32:31,10.74,7.9,21.26,9.99,28549,15,0,0,0,0
15/07/2025,01:38:18,10.74,7.88,21.26,9.99,28766,15,0,0,0,0
15/07/2025,01:44:05,10.75,7.88,21.4,9.99,28983,15,0,0,0,0
15/07/2025,01:49:52,10.74,7.89,21.18,9.99,29200,15,0,0,0,0
15/07/2025,01:55:39,10.75,7.89,21.18,9.99,29417,15,0,0,0,0
15/07/2025,02:01:26,10.75,7.9,21.18,9.99,29200,15,0,0,0,0
15/07/2025,02:07:13,10.74,7.89,21.15,9.99,29308,15,0,0,0,0
15/07/2025,02:13:00,10.74,7.91,21.21,9.99,29417,15,0,0,0,0
15/07/2025,02:18:47,10.75,7.9,21.1,9.99,29742,15,0,0,0,0
15/07/2025,02:24:34,10.74,7.91,21.07,9.99,30067,15,0,0,0,0
15/07/2025,02:30:21,10.75,7.91,21.07,9.99,29959,15,0,0,0,0
15/07/2025,02:36:07,10.75,7.91,21.04,9.99,30393,15,0,0,0,0
15/07/2025,02:41:55,10.75,7.91,21.02,9.99,30393,15,0,0,0,0
15/07/2025,02:47:42,10.76,7.91,21.02,9.99,30501,15,0,0,0,0
15/07/2025,02:53:29,10.75,7.93,20.99,9.99,30718,15,0,0,0,0
15/07/2025,02:59:16,10.75,7.92,20.99,9.99,30501,15,0,0,0,0
15/07/2025,03:05:02,10.76,7.91,20.96,9.99,30284,15,0,0,0,0
15/07/2025,03:10:50,10.76,7.93,20.94,9.99,30827,15,0,0,0,0
15/07/2025,03:16:37,10.76,7.92,20.91,9.99,31044,15,0,0,0,0
15/07/2025,03:22:24,10.77,7.91,20.91,9.99,31261,15,0,0,0,0
15/07/2025,03:28:11,10.77,7.93,20.91,9.99,30935,15,0,0,0,0
15/07/2025,03:33:57,10.77,7.92,20.88,9.99,31369,15,0,0,0,0
15/07/2025,03:39:45,10.77,7.94,20.86,9.99,31369,15,0,0,0,0
15/07/2025,03:45:32,10.77,7.93,20.86,9.99,30935,15,0,0,0,0
15/07/2025,03:51:19,10.78,7.92,20.86,9.99,31152,15,0,0,0,0
15/07/2025,03:57:06,10.77,7.93,20.86,9.99,31261,15,0,0,0,0
15/07/2025,04:02:52,10.78,7.93,20.83,9.99,31695,15,0,0,0,0
15/07/2025,04:08:40,10.77,7.94,20.83,9.99,32020,15,0,0,0,0
15/07/2025,04:14:27,10.77,7.95,20.83,9.99,31912,15,0,0,0,0
15/07/2025,04:20:14,10.77,7.92,20.83,9.99,32020,15,0,0,0,0
15/07/2025,04:26:01,10.78,7.95,20.8,9.99,32237,15,0,0,0,0
15/07/2025,04:31:47,10.77,7.94,20.8,9.99,31803,15,0,0,0,0
15/07/2025,04:37:35,10.78,7.92,20.8,9.99,32237,15,0,0,0,0
15/07/2025,04:43:21,10.77,7.96,20.78,9.99,32563,15,0,0,0,0
15/07/2025,04:49:09,10.78,7.95,20.78,9.99,32129,15,0,0,0,0
15/07/2025,04:54:56,10.78,7.94,20.8,9.99,32346,15,0,0,0,0
15/07/2025,05:00:42,10.78,7.96,20.78,9.99,32237,15,0,0,0,0
15/07/2025,05:06:30,10.78,7.97,20.78,9.99,32780,15,0,0,0,0
15/07/2025,05:12:16,10.77,7.95,20.75,9.99,32671,15,0,0,0,0
15/07/2025,05:18:04,10.78,7.96,20.72,9.99,32888,15,0,0,0,0
15/07/2025,05:23:51,10.78,7.96,20.72,9.99,32780,15,0,0,0,0
15/07/2025,05:29:37,10.78,7.95,20.72,9.99,32997,15,0,0,0,0
15/07/2025,05:35:25,10.78,7.95,20.75,9.99,33214,15,0,0,0,0
15/07/2025,05:41:11,10.76,7.96,20.72,9.99,33214,15,0,0,0,0
15/07/2025,05:46:59,10.73,7.96,20.72,9.99,33539,15,0,0,0,0
15/07/2025,05:52:46,10.72,7.96,20.72,9.99,33973,15,0,0,0,0
15/07/2025,05:58:32,10.73,7.96,20.72,9.99,34190,15,0,0,0,0
15/07/2025,06:04:20,10.73,7.95,20.72,9.99,33973,15,0,0,0,0
15/07/2025,06:10:06,10.71,7.96,20.75,9.99,34081,15,0,0,0,0
15/07/2025,06:15:54,10.7,7.97,20.75,9.99,34407,15,0,0,0,0
15/07/2025,06:21:40,10.71,7.97,20.75,9.99,34624,15,0,0,0,0
15/07/2025,06:27:27,10.75,7.97,20.75,9.99,34515,15,0,0,0,0
15/07/2025,06:33:15,10.75,7.96,20.75,9.99,34515,15,0,0,0,0
15/07/2025,06:39:01,10.77,7.97,20.72,9.99,33973,15,0,0,0,0
15/07/2025,06:44:49,10.78,7.97,20.72,9.99,33647,15,0,0,0,0
15/07/2025,06:50:35,10.77,7.96,20.72,9.99,33539,15,0,0,0,0
15/07/2025,06:56:22,10.77,7.96,20.72,9.99,34081,15,0,0,0,0
15/07/2025,07:02:10,10.77,7.98,20.75,9.99,34081,15,0,0,0,0
15/07/2025,07:07:56,10.77,7.99,20.72,9.99,34190,15,0,0,0,0
15/07/2025,07:13:44,10.77,7.98,20.72,9.99,34624,15,0,0,0,0
15/07/2025,07:19:30,10.77,7.96,20.72,9.99,34624,15,0,0,0,0
15/07/2025,07:25:17,10.77,7.97,20.72,9.99,34841,15,0,0,0,0
15/07/2025,07:31:04,10.77,7.97,20.72,9.99,34949,15,0,0,0,0
15/07/2025,07:36:51,10.78,7.97,20.72,9.99,34949,15,0,0,0,0
15/07/2025,07:42:39,10.78,7.98,20.72,9.99,35058,15,0,0,0,0
15/07/2025,07:48:25,10.78,7.97,20.69,9.99,35166,15,0,0,0,0
15/07/2025,07:54:12,10.78,7.99,20.69,9.99,35166,15,0,0,0,0
15/07/2025,07:59:59,10.78,7.98,20.69,9.99,35166,15,0,0,0,0
15/07/2025,08:05:46,10.77,7.99,20.69,9.99,34949,15,0,0,0,0
15/07/2025,08:11:33,10.77,7.99,20.69,9.99,35383,15,0,0,0,0
15/07/2025,08:17:20,10.76,8.0,20.69,9.99,36468,15,0,0,0,0
15/07/2025,08:23:07,10.75,7.99,20.69,9.99,36251,15,0,0,0,0
15/07/2025,08:28:54,10.74,7.99,20.69,9.99,36577,15,0,0,0,0
15/07/2025,08:34:41,10.73,7.98,20.69,9.99,36794,15,0,0,0,0
15/07/2025,08:40:28,10.73,7.98,20.69,9.99,36794,15,0,0,0,0
15/07/2025,08:46:15,10.72,7.98,20.69,9.99,37119,15,0,0,0,0
15/07/2025,08:52:02,10.72,7.99,20.69,9.99,37336,15,0,0,0,0
15/07/2025,08:57:49,10.73,7.98,20.69,9.99,37444,15,0,0,0,0
15/07/2025,09:03:36,10.73,7.97,20.69,9.99,36360,15,0,0,0,0
15/07/2025,09:09:23,10.73,7.99,20.72,9.99,36251,15,0,0,0,0
15/07/2025,09:15:10,10.74,7.97,20.75,9.99,35600,15,0,0,0,0
15/07/2025,09:20:57,10.74,7.97,20.8,9.99,35275,15,0,0,0,0
15/07/2025,09:26:44,10.73,7.95,20.88,9.99,35383,15,0,0,0,0
15/07/2025,09:32:31,10.74,7.94,20.91,9.99,35926,15,0,0,0,0
15/07/2025,09:38:18,10.75,7.95,20.91,9.99,35492,15,0,0,0,0
15/07/2025,09:44:05,10.76,7.94,20.96,9.99,35600,15,0,0,0,0
15/07/2025,09:49:52,10.77,7.93,21.02,9.99,34949,15,0,0,0,0
15/07/2025,09:55:39,10.76,7.94,21.04,9.99,35058,15,0,0,0,0
15/07/2025,10:01:26,10.76,7.92,20.99,9.99,34624,15,0,0,0,0
15/07/2025,10:07:13,10.76,7.92,21.1,9.99,35600,15,0,0,0,0
15/07/2025,10:13:00,10.76,7.92,21.13,9.99,34949,15,0,0,0,0
15/07/2025,10:18:47,10.76,7.9,21.18,9.99,34949,15,0,0,0,0
15/07/2025,10:24:34,10.76,7.91,21.23,9.99,35275,15,0,0,0,0
15/07/2025,10:30:21,10.76,7.9,21.23,9.99,35275,15,0,0,0,0
15/07/2025,10:36:08,10.75,7.89,21.21,9.99,35275,15,0,0,0,0
15/07/2025,10:41:55,10.75,7.88,21.23,9.99,35600,15,0,0,0,0
15/07/2025,10:47:41,10.75,7.88,21.29,9.99,34949,15,0,0,0,0
15/07/2025,10:53:29,10.75,7.88,21.26,9.99,35383,15,0,0,0,0
15/07/2025,10:59:16,10.75,7.89,21.21,9.99,34624,15,0,0,0,0
15/07/2025,11:05:03,10.76,7.86,21.45,9.99,35383,15,0,0,0,0
15/07/2025,11:10:50,10.75,7.88,21.29,9.99,34841,15,0,0,0,0
15/07/2025,11:16:36,10.76,7.87,21.42,9.99,35383,15,0,0,0,0
15/07/2025,11:22:24,10.76,7.85,21.42,9.99,35383,15,0,0,0,0
15/07/2025,11:28:11,10.74,7.86,21.42,9.99,34732,15,0,0,0,0
15/07/2025,11:33:58,10.74,7.85,21.64,9.99,34732,15,0,0,0,0
15/07/2025,11:39:45,10.74,7.85,21.58,9.99,34298,15,0,0,0,0
15/07/2025,11:45:31,10.74,7.84,21.58,9.99,34407,15,0,0,0,0
15/07/2025,11:51:19,10.74,7.83,21.58,9.99,34732,15,0,0,0,0
15/07/2025,11:57:05,10.75,7.84,21.58,9.99,35058,15,0,0,0,0
15/07/2025,12:02:53,10.73,7.83,21.61,9.99,34624,15,0,0,0,0
15/07/2025,12:08:40,10.73,7.84,21.61,9.99,34732,15,0,0,0,0
15/07/2025,12:14:27,10.72,7.82,21.58,9.99,34515,15,0,0,0,0
15/07/2025,12:20:14,10.73,7.81,21.66,9.99,34841,15,0,0,0,0
15/07/2025,12:26:00,10.73,7.82,21.69,9.99,34732,15,0,0,0,0
15/07/2025,12:31:48,10.72,7.83,22.01,9.99,34298,15,0,0,0,0
15/07/2025,12:37:35,10.72,7.82,21.72,9.99,34624,15,0,0,0,0
15/07/2025,12:43:22,10.73,7.8,21.72,9.99,34841,15,0,0,0,0
15/07/2025,12:49:09,10.73,7.79,21.99,9.99,34190,15,0,0,0,0
15/07/2025,12:54:55,10.73,7.8,21.77,9.99,34841,15,0,0,0,0
15/07/2025,13:00:43,10.73,7.79,22.01,9.99,34190,15,0,0,0,0
15/07/2025,13:06:29,10.72,7.81,21.83,9.99,34624,15,0,0,0,0
15/07/2025,13:12:17,10.72,7.81,21.83,9.99,35058,15,0,0,0,0
15/07/2025,13:18:04,10.72,7.77,21.88,9.99,34949,15,0,0,0,0
15/07/2025,13:23:50,10.72,7.78,21.88,9.99,34949,15,0,0,0,0
15/07/2025,13:29:38,10.72,7.79,21.85,9.99,34949,15,0,0,0,0
15/07/2025,13:35:24,10.71,7.8,21.88,9.99,34624,15,0,0,0,0
15/07/2025,13:41:12,10.72,7.78,21.93,9.99,34624,15,0,0,0,0
15/07/2025,13:46:59,10.71,7.77,21.88,9.99,35166,15,0,0,0,0
15/07/2025,13:52:45,10.71,7.79,21.91,9.99,34841,15,0,0,0,0
15/07/2025,13:58:33,10.7,7.77,21.93,9.99,34624,15,0,0,0,0
15/07/2025,14:04:19,10.7,7.76,21.96,9.99,34841,15,0,0,0,0
15/07/2025,14:10:07,10.7,7.79,21.96,9.99,35166,15,0,0,0,0
15/07/2025,14:15:54,10.7,7.76,21.99,9.99,35275,15,0,0,0,0
15/07/2025,14:21:40,10.69,7.76,21.99,9.99,35275,15,0,0,0,0
15/07/2025,14:27:28,10.7,7.76,22.07,9.99,34624,15,0,0,0,0
15/07/2025,14:33:14,10.7,7.75,22.07,9.99,34949,15,0,0,0,0
15/07/2025,14:39:02,10.7,7.76,22.07,9.99,34515,15,0,0,0,0
15/07/2025,14:44:49,10.69,7.76,22.12,9.99,34732,15,0,0,0,0
15/07/2025,14:50:35,10.7,7.75,22.12,9.99,34949,15,0,0,0,0
15/07/2025,14:56:23,10.7,7.75,22.18,9.99,34949,15,0,0,0,0
15/07/2025,15:02:09,10.7,7.76,22.18,9.99,34515,15,0,0,0,0
15/07/2025,15:07:57,10.7,7.74,22.18,9.99,34732,15,0,0,0,0
15/07/2025,15:13:43,10.71,7.74,22.15,9.99,34624,15,0,0,0,0
15/07/2025,15:19:30,10.71,7.74,22.18,9.99,34624,15,0,0,0,0
15/07/2025,15:25:18,10.7,7.73,22.18,9.99,34515,15,0,0,0,0
15/07/2025,15:31:04,10.71,7.75,22.18,9.99,34624,15,0,0,0,0
15/07/2025,15:36:52,10.71,7.74,22.47,9.99,34732,15,0,0,0,0
15/07/2025,15:42:38,10.71,7.74,22.2,9.99,34298,15,0,0,0,0
15/07/2025,15:48:25,10.7,7.75,22.2,9.99,34624,15,0,0,0,0
15/07/2025,15:54:12,10.71,7.73,22.23,9.99,34732,15,0,0,0,0
15/07/2025,15:59:59,10.71,7.73,22.23,9.99,34841,15,0,0,0,0
15/07/2025,16:05:47,10.71,7.73,22.2,9.99,34732,15,0,0,0,0
15/07/2025,16:11:33,10.71,7.74,22.15,9.99,34732,15,0,0,0,0
15/07/2025,16:17:20,10.71,7.73,22.23,9.99,34624,15,0,0,0,0
15/07/2025,16:23:07,10.71,7.73,22.23,9.99,34732,15,0,0,0,0
15/07/2025,16:28:54,10.71,7.72,22.31,9.99,34841,15,0,0,0,0
15/07/2025,16:34:42,10.71,7.72,22.28,9.99,34407,15,0,0,0,0
15/07/2025,16:40:28,10.72,7.73,22.26,9.99,34298,15,0,0,0,0
15/07/2025,16:46:15,10.72,7.72,22.26,9.99,33864,15,0,0,0,0
15/07/2025,16:52:02,10.71,7.72,22.28,9.99,34624,15,0,0,0,0
15/07/2025,16:57:49,10.71,7.72,22.26,9.99,34515,15,0,0,0,0
15/07/2025,17:03:36,10.72,7.74,22.26,9.99,34298,15,0,0,0,0
15/07/2025,17:09:23,10.72,7.72,22.26,9.99,34732,15,0,0,0,0
15/07/2025,17:15:10,10.72,7.73,22.26,9.99,34624,15,0,0,0,0
15/07/2025,17:20:57,10.72,7.72,22.45,9.99,34298,15,0,0,0,0
15/07/2025,17:26:44,10.72,7.73,22.23,9.99,34081,15,0,0,0,0
15/07/2025,17:32:31,10.72,7.73,22.18,9.99,33973,15,0,0,0,0
15/07/2025,17:38:18,10.72,7.74,22.12,9.99,33756,15,0,0,0,0
15/07/2025,17:44:04,10.72,7.74,22.18,9.99,34407,15,0,0,0,0
15/07/2025,17:49:52,10.72,7.73,22.2,9.99,34515,15,0,0,0,0
15/07/2025,17:55:39,10.72,7.74,22.2,9.99,34190,15,0,0,0,0
15/07/2025,18:01:26,10.72,7.73,22.2,9.99,34190,15,0,0,0,0
15/07/2025,18:07:13,10.72,7.73,22.2,9.99,34407,15,0,0,0,0
15/07/2025,18:12:59,10.72,7.75,22.23,9.99,34298,15,0,0,0,0
15/07/2025,18:18:47,10.73,7.73,22.23,9.99,34515,15,0,0,0,0
15/07/2025,18:24:34,10.73,7.74,22.15,9.99,34190,15,0,0,0,0
15/07/2025,18:30:21,10.73,7.74,22.45,9.99,34190,15,0,0,0,0
15/07/2025,18:36:08,10.73,7.74,22.18,9.99,34407,15,0,0,0,0
15/07/2025,18:41:54,10.73,7.73,22.15,9.99,34407,15,0,0,0,0
15/07/2025,18:47:42,10.73,7.74,22.2,9.99,34624,15,0,0,0,0
15/07/2025,18:53:29,10.74,7.74,22.26,9.99,34081,15,0,0,0,0
15/07/2025,18:59:16,10.74,7.74,22.1,9.99,34081,15,0,0,0,0
15/07/2025,19:05:03,10.75,7.75,22.15,9.99,34190,15,0,0,0,0
15/07/2025,19:10:49,10.75,7.75,22.15,9.99,34081,15,0,0,0,0
15/07/2025,19:16:37,10.75,7.75,22.12,9.99,34407,15,0,0,0,0
15/07/2025,19:22:23,10.76,7.74,22.1,9.99,34081,15,0,0,0,0
15/07/2025,19:28:11,10.76,7.76,22.12,9.99,34732,15,0,0,0,0
15/07/2025,19:33:58,10.76,7.76,21.96,9.99,34624,15,0,0,0,0
15/07/2025,19:39:44,10.77,7.76,22.18,9.99,34624,15,0,0,0,0
15/07/2025,19:45:32,10.76,7.74,22.18,9.99,34515,15,0,0,0,0
15/07/2025,19:51:18,10.77,7.75,22.15,9.99,34190,15,0,0,0,0
15/07/2025,19:57:06,10.77,7.76,22.18,9.99,34081,15,0,0,0,0
15/07/2025,20:02:52,10.77,7.76,22.15,9.99,34624,15,0,0,0,0
15/07/2025,20:08:39,10.77,7.76,22.12,9.99,34732,15,0,0,0,0
15/07/2025,20:14:27,10.77,7.75,22.15,9.99,34407,15,0,0,0,0
15/07/2025,20:20:13,10.77,7.77,22.12,9.99,34624,15,0,0,0,0
15/07/2025,20:26:01,10.77,7.76,22.1,9.99,34407,15,0,0,0,0
15/07/2025,20:31:47,10.76,7.75,22.1,9.99,34732,15,0,0,0,0
15/07/2025,20:37:34,10.77,7.76,22.01,9.99,34298,15,0,0,0,0
15/07/2025,20:43:21,10.77,7.77,22.01,9.99,34515,15,0,0,0,0
15/07/2025,20:49:08,10.77,7.78,22.04,9.99,34624,15,0,0,0,0
15/07/2025,20:54:56,10.77,7.78,22.01,9.99,33973,15,0,0,0,0
15/07/2025,21:00:42,10.78,7.77,22.01,9.99,33973,15,0,0,0,0
15/07/2025,21:06:29,10.78,7.79,21.96,9.99,33973,15,0,0,0,0
15/07/2025,21:12:16,10.78,7.77,21.99,9.99,33973,15,0,0,0,0
15/07/2025,21:18:03,10.78,7.78,21.93,9.99,33864,15,0,0,0,0
15/07/2025,21:23:51,10.78,7.78,21.99,9.99,33431,15,0,0,0,0
15/07/2025,21:29:37,10.77,7.78,21.96,9.99,33864,15,0,0,0,0
15/07/2025,21:35:24,10.77,7.79,21.99,9.99,33864,15,0,0,0,0
15/07/2025,21:41:11,10.76,7.77,21.99,9.99,33756,15,0,0,0,0
15/07/2025,21:46:58,10.76,7.78,21.99,9.99,34298,15,0,0,0,0
15/07/2025,21:52:45,10.76,7.77,21.99,9.99,34841,15,0,0,0,0
15/07/2025,21:58:32,10.75,7.78,21.99,9.99,34515,15,0,0,0,0
15/07/2025,22:04:19,10.74,7.78,21.93,9.99,35166,15,0,0,0,0
15/07/2025,22:10:06,10.74,7.78,21.93,9.99,34949,15,0,0,0,0
15/07/2025,22:15:53,10.76,7.79,21.93,9.99,34624,15,0,0,0,0
15/07/2025,22:21:40,10.77,7.81,21.91,9.99,34407,15,0,0,0,0
15/07/2025,22:27:27,10.77,7.79,21.91,9.99,34190,15,0,0,0,0
15/07/2025,22:33:14,10.77,7.8,21.85,9.99,34298,15,0,0,0,0
15/07/2025,22:39:01,10.77,7.82,21.85,9.99,34624,15,0,0,0,0
15/07/2025,22:44:48,10.77,7.82,21.8,9.99,34841,15,0,0,0,0
15/07/2025,22:50:35,10.77,7.82,21.77,9.99,35166,15,0,0,0,0
15/07/2025,22:56:22,10.76,7.83,21.75,9.99,35383,15,0,0,0,0
15/07/2025,23:02:08,10.76,7.82,21.72,9.99,35383,15,0,0,0,0
15/07/2025,23:07:56,10.76,7.85,21.72,9.99,35709,15,0,0,0,0
15/07/2025,23:13:42,10.76,7.85,21.66,9.99,35817,15,0,0,0,0
15/07/2025,23:19:30,10.75,7.86,21.64,9.99,35709,15,0,0,0,0
15/07/2025,23:25:17,10.76,7.84,21.61,9.99,36143,15,0,0,0,0
15/07/2025,23:31:03,10.75,7.86,21.58,9.99,35600,15,0,0,0,0
15/07/2025,23:36:51,10.75,7.86,21.53,9.99,35926,15,0,0,0,0
15/07/2025,23:42:37,10.75,7.86,21.5,9.99,36360,15,0,0,0,0
15/07/2025,23:48:25,10.75,7.85,21.48,9.99,36034,15,0,0,0,0
15/07/2025,23:54:12,10.76,7.87,21.48,9.99,36360,15,0,0,0,0
15/07/2025,23:59:59,10.76,7.87,21.48,9.99,36577,15,0,0,0,0
16/07/2025,00:00:00,10.76,7.87,21.48,9.99,36902,15,0,0,0,0
16/07/2025,00:05:47,10.76,7.88,21.42,9.99,36685,15,0,0,0,0
16/07/2025,00:11:33,10.76,7.87,21.56,9.99,37011,15,0,0,0,0
16/07/2025,00:17:21,10.76,7.88,21.4,9.99,36468,15,0,0,0,0
16/07/2025,00:23:07,10.75,7.89,21.37,9.99,36577,15,0,0,0,0
16/07/2025,00:28:55,10.75,7.88,21.34,9.99,36794,15,0,0,0,0
16/07/2025,00:34:42,10.75,7.88,21.31,9.99,36685,15,0,0,0,0
16/07/2025,00:40:28,10.76,7.89,21.29,9.99,36902,15,0,0,0,0
16/07/2025,00:46:16,10.75,7.9,21.29,9.99,37227,15,0,0,0,0
16/07/2025,00:52:02,10.75,7.89,21.26,9.99,37011,15,0,0,0,0
16/07/2025,00:57:50,10.76,7.9,21.23,9.99,37444,15,0,0,0,0
16/07/2025,01:03:36,10.76,7.89,21.23,9.99,37119,15,0,0,0,0
16/07/2025,01:09:23,10.76,7.9,21.23,9.99,37336,15,0,0,0,0
16/07/2025,01:15:11,10.76,7.92,21.18,9.99,37227,15,0,0,0,0
16/07/2025,01:20:57,10.77,7.91,21.15,9.99,37553,15,0,0,0,0
16/07/2025,01:26:45,10.76,7.92,21.15,9.99,37336,15,0,0,0,0
16/07/2025,01:32:32,10.76,7.91,21.1,9.99,37553,15,0,0,0,0
16/07/2025,01:38:18,10.76,7.91,21.13,9.99,37770,15,0,0,0,0
16/07/2025,01:44:06,10.76,7.94,21.07,9.99,37878,15,0,0,0,0
16/07/2025,01:49:52,10.76,7.91,21.1,9.99,38095,15,0,0,0,0
16/07/2025,01:55:40,10.76,7.91,21.1,9.99,38421,15,0,0,0,0
16/07/2025,02:01:26,10.76,7.93,21.1,9.99,38421,15,0,0,0,0
16/07/2025,02:07:14,10.77,7.9,21.1,9.99,38204,15,0,0,0,0
16/07/2025,02:13:00,10.76,7.93,21.1,9.99,38421,15,0,0,0,0
16/07/2025,02:18:47,10.77,7.92,21.07,9.99,38312,15,0,0,0,0
16/07/2025,02:24:35,10.76,7.93,21.07,9.99,38421,15,0,0,0,0
16/07/2025,02:30:21,10.76,7.95,21.02,9.99,38204,15,0,0,0,0
16/07/2025,02:36:09,10.76,7.94,21.02,9.99,38529,15,0,0,0,0
16/07/2025,02:41:55,10.76,7.92,21.07,9.99,38529,15,0,0,0,0
16/07/2025,02:47:42,10.76,7.93,21.02,9.99,38963,15,0,0,0,0
16/07/2025,02:53:29,10.76,7.94,21.02,9.99,38312,15,0,0,0,0
16/07/2025,02:59:16,10.76,7.93,20.99,9.99,38963,15,0,0,0,0
16/07/2025,03:05:04,10.76,7.92,20.99,9.99,38529,15,0,0,0,0
16/07/2025,03:10:50,10.75,7.95,20.99,9.99,39397,15,0,0,0,0
16/07/2025,03:16:37,10.76,7.93,20.96,9.99,38855,15,0,0,0,0
16/07/2025,03:22:24,10.76,7.93,20.96,9.99,38963,15,0,0,0,0
16/07/2025,03:28:11,10.75,7.95,20.96,9.99,39289,15,0,0,0,0
16/07/2025,03:33:58,10.76,7.93,20.94,9.99,39289,15,0,0,0,0
16/07/2025,03:39:45,10.75,7.94,20.94,9.99,39072,15,0,0,0,0
16/07/2025,03:45:32,10.76,7.95,20.94,9.99,39289,15,0,0,0,0
16/07/2025,03:51:19,10.75,7.94,20.91,9.99,39397,15,0,0,0,0
16/07/2025,03:57:06,10.75,7.96,20.86,9.99,39289,15,0,0,0,0
16/07/2025,04:02:53,10.76,7.95,20.86,9.99,39289,15,0,0,0,0
16/07/2025,04:08:40,10.76,7.95,20.86,9.99,39614,15,0,0,0,0
16/07/2025,04:14:27,10.75,7.96,20.88,9.99,39397,15,0,0,0,0
16/07/2025,04:20:14,10.75,7.95,20.88,9.99,39506,15,0,0,0,0
16/07/2025,04:26:01,10.75,7.96,20.88,9.99,39723,15,0,0,0,0
16/07/2025,04:31:48,10.75,7.96,20.88,9.99,39940,15,0,0,0,0
16/07/2025,04:37:35,10.76,7.96,20.88,9.99,39940,15,0,0,0,0
16/07/2025,04:43:22,10.76,7.96,20.88,9.99,39940,15,0,0,0,0
16/07/2025,04:49:09,10.76,7.96,20.88,9.99,39940,15,0,0,0,0
16/07/2025,04:54:55,10.75,7.96,20.88,9.99,39831,15,0,0,0,0
16/07/2025,05:00:43,10.75,7.96,20.88,9.99,39506,15,0,0,0,0
16/07/2025,05:06:30,10.75,7.97,20.88,9.99,40265,15,0,0,0,0
16/07/2025,05:12:17,10.76,7.97,20.86,9.99,40374,15,0,0,0,0
16/07/2025,05:18:04,10.76,7.95,20.86,9.99,40048,15,0,0,0,0
16/07/2025,05:23:50,10.75,7.97,20.86,9.99,40591,15,0,0,0,0
16/07/2025,05:29:38,10.76,7.96,20.78,9.99,40374,15,0,0,0,0
16/07/2025,05:35:25,10.76,7.96,20.8,9.99,40157,15,0,0,0,0
16/07/2025,05:41:12,10.76,7.96,20.8,9.99,40157,15,0,0,0,0
16/07/2025,05:46:59,10.77,7.98,20.8,9.99,39940,15,0,0,0,0
16/07/2025,05:52:45,10.77,7.96,20.8,9.99,40157,15,0,0,0,0
16/07/2025,05:58:33,10.76,7.97,20.8,9.99,40699,15,0,0,0,0
16/07/2025,06:04:19,10.76,7.97,20.8,9.99,40591,15,0,0,0,0
16/07/2025,06:10:07,10.75,7.98,20.8,9.99,40265,15,0,0,0,0
16/07/2025,06:15:54,10.75,7.98,20.8,9.99,40157,15,0,0,0,0
16/07/2025,06:21:41,10.75,7.97,20.8,9.99,40157,15,0,0,0,0
16/07/2025,06:27:28,10.76,7.97,20.8,9.99,40048,15,0,0,0,0
16/07/2025,06:33:14,10.76,7.96,20.8,9.99,40482,15,0,0,0,0
16/07/2025,06:39:02,10.76,7.99,20.8,9.99,40807,15,0,0,0,0
16/07/2025,06:44:49,10.76,7.98,20.8,9.99,40482,15,0,0,0,0
16/07/2025,06:50:36,10.76,7.99,20.8,9.99,40699,15,0,0,0,0
16/07/2025,06:56:23,10.76,7.97,20.8,9.99,40591,15,0,0,0,0
16/07/2025,07:02:09,10.76,7.97,20.78,9.99,40807,15,0,0,0,0
16/07/2025,07:07:57,10.76,7.98,20.78,9.99,40482,15,0,0,0,0
16/07/2025,07:13:43,10.75,7.99,20.78,9.99,40591,15,0,0,0,0
16/07/2025,07:19:31,10.75,7.97,20.78,9.99,41024,15,0,0,0,0
16/07/2025,07:25:18,10.74,7.96,20.78,9.99,41241,15,0,0,0,0
16/07/2025,07:31:04,10.74,8.0,20.78,9.99,41350,15,0,0,0,0
16/07/2025,07:36:52,10.74,7.98,20.78,9.99,40807,15,0,0,0,0
16/07/2025,07:42:38,10.73,8.0,20.78,9.99,40699,15,0,0,0,0
16/07/2025,07:48:26,10.74,7.98,20.78,9.99,41024,15,0,0,0,0
16/07/2025,07:54:12,10.74,7.98,20.78,9.99,41024,15,0,0,0,0
16/07/2025,08:00:00,10.73,8.0,20.78,9.99,41024,15,0,0,0,0
16/07/2025,08:05:47,10.73,7.99,20.61,9.99,41024,15,0,0,0,0
16/07/2025,08:11:33,10.73,7.99,20.75,9.99,40916,15,0,0,0,0
16/07/2025,08:17:21,10.74,7.98,20.75,9.99,40699,15,0,0,0,0
16/07/2025,08:23:07,10.74,7.99,20.72,9.99,40699,15,0,0,0,0
16/07/2025,08:28:55,10.74,7.98,20.75,9.99,40482,15,0,0,0,0
16/07/2025,08:34:41,10.74,7.98,20.75,9.99,41024,15,0,0,0,0
16/07/2025,08:40:28,10.74,7.99,20.78,9.99,41241,15,0,0,0,0
16/07/2025,08:46:16,10.75,7.98,20.78,9.99,41024,15,0,0,0,0
16/07/2025,08:52:02,10.74,7.99,20.78,9.99,41241,15,0,0,0,0
16/07/2025,08:57:50,10.75,7.99,20.78,9.99,41350,15,0,0,0,0
16/07/2025,09:03:36,10.76,7.98,20.75,9.99,41350,15,0,0,0,0
16/07/2025,09:09:23,10.74,7.98,20.8,9.99,41458,15,0,0,0,0
16/07/2025,09:15:10,10.74,7.98,20.86,9.99,41133,15,0,0,0,0
16/07/2025,09:20:57,10.74,7.97,20.94,9.99,41350,15,0,0,0,0
16/07/2025,09:26:45,10.74,7.96,20.91,9.99,40807,15,0,0,0,0
16/07/2025,09:32:31,10.75,7.97,20.94,9.99,40699,15,0,0,0,0
16/07/2025,09:38:18,10.74,7.95,20.91,9.99,40591,15,0,0,0,0
16/07/2025,09:44:05,10.74,7.96,20.94,9.99,40482,15,0,0,0,0
16/07/2025,09:49:52,10.74,7.94,20.94,9.99,40265,15,0,0,0,0
16/07/2025,09:55:39,10.74,7.94,21.1,9.99,40374,15,0,0,0,0
16/07/2025,10:01:26,10.74,7.92,21.07,9.99,39940,15,0,0,0,0
16/07/2025,10:07:14,10.74,7.92,21.1,9.99,39723,15,0,0,0,0
16/07/2025,10:13:00,10.75,7.92,21.23,9.99,39723,15,0,0,0,0
16/07/2025,10:18:47,10.74,7.92,21.23,9.99,40157,15,0,0,0,0
16/07/2025,10:24:34,10.75,7.91,21.23,9.99,39940,15,0,0,0,0
16/07/2025,10:30:21,10.75,7.9,21.23,9.99,39831,15,0,0,0,0
16/07/2025,10:36:08,10.74,7.9,21.31,9.99,39289,15,0,0,0,0
16/07/2025,10:41:55,10.74,7.91,21.31,9.99,39831,15,0,0,0,0
16/07/2025,10:47:42,10.74,7.9,21.45,9.99,39180,15,0,0,0,0
16/07/2025,10:53:29,10.74,7.9,21.31,9.99,38963,15,0,0,0,0
16/07/2025,10:59:16,10.74,7.88,21.42,9.99,38638,15,0,0,0,0
16/07/2025,11:05:03,10.74,7.89,21.37,9.99,39180,15,0,0,0,0
16/07/2025,11:10:50,10.74,7.89,21.34,9.99,39397,15,0,0,0,0
16/07/2025,11:16:36,10.73,7.85,21.31,9.99,39072,15,0,0,0,0
16/07/2025,11:22:24,10.72,7.86,21.5,9.99,39506,15,0,0,0,0
16/07/2025,11:28:11,10.71,7.87,21.42,9.99,39506,15,0,0,0,0
16/07/2025,11:33:58,10.71,7.88,21.75,9.99,39506,15,0,0,0,0
16/07/2025,11:39:45,10.72,7.86,21.45,9.99,39614,15,0,0,0,0
16/07/2025,11:45:31,10.72,7.87,21.61,9.99,38746,15,0,0,0,0
16/07/2025,11:51:19,10.72,7.85,21.61,9.99,38638,15,0,0,0,0
16/07/2025,11:57:06,10.72,7.84,21.61,9.99,38638,15,0,0,0,0
16/07/2025,12:02:53,10.72,7.85,21.61,9.99,39072,15,0,0,0,0
16/07/2025,12:08:40,10.72,7.83,21.61,9.99,39072,15,0,0,0,0
16/07/2025,12:14:27,10.71,7.82,21.61,9.99,38529,15,0,0,0,0
16/07/2025,12:20:14,10.71,7.83,21.72,9.99,38529,15,0,0,0,0
16/07/2025,12:26:01,10.72,7.82,21.72,9.99,38204,15,0,0,0,0
16/07/2025,12:31:48,10.72,7.81,21.75,9.99,38746,15,0,0,0,0
16/07/2025,12:37:35,10.71,7.81,21.75,9.99,38204,15,0,0,0,0
16/07/2025,12:43:22,10.71,7.8,21.75,9.99,38204,15,0,0,0,0
16/07/2025,12:49:09,10.71,7.8,21.8,9.99,38204,15,0,0,0,0
16/07/2025,12:54:56,10.72,7.79,21.75,9.99,38312,15,0,0,0,0
16/07/2025,13:00:43,10.72,7.8,21.77,9.99,38312,15,0,0,0,0
16/07/2025,13:06:30,10.72,7.79,21.83,9.99,38421,15,0,0,0,0
16/07/2025,13:12:17,10.72,7.79,21.85,9.99,38421,15,0,0,0,0
16/07/2025,13:18:04,10.72,7.79,21.8,9.99,38204,15,0,0,0,0
16/07/2025,13:23:50,10.72,7.79,22.04,9.99,37878,15,0,0,0,0
16/07/2025,13:29:38,10.72,7.78,21.88,9.99,37553,15,0,0,0,0
16/07/2025,13:35:25,10.71,7.78,21.83,9.99,38204,15,0,0,0,0
16/07/2025,13:41:12,10.73,7.78,21.64,9.99,37987,15,0,0,0,0
16/07/2025,13:46:59,10.72,7.78,21.93,9.99,37553,15,0,0,0,0
16/07/2025,13:52:45,10.72,7.78,21.93,9.99,37661,15,0,0,0,0
16/07/2025,13:58:33,10.71,7.77,21.96,9.99,38638,15,0,0,0,0
16/07/2025,14:04:19,10.72,7.77,21.96,9.99,37987,15,0,0,0,0
16/07/2025,14:10:07,10.71,7.77,21.88,9.99,38204,15,0,0,0,0
16/07/2025,14:15:54,10.71,7.78,21.96,9.99,38312,15,0,0,0,0
16/07/2025,14:21:41,10.71,7.78,22.1,9.99,38312,15,0,0,0,0
16/07/2025,14:27:28,10.71,7.77,21.88,9.99,38095,15,0,0,0,0
16/07/2025,14:33:14,10.71,7.76,22.2,9.99,38421,15,0,0,0,0
16/07/2025,14:39:02,10.72,7.76,21.91,9.99,38529,15,0,0,0,0
16/07/2025,14:44:48,10.72,7.76,22.04,9.99,38746,15,0,0,0,0
16/07/2025,14:50:36,10.72,7.76,22.01,9.99,38638,15,0,0,0,0
16/07/2025,14:56:23,10.72,7.77,22.04,9.99,38529,15,0,0,0,0
16/07/2025,15:02:09,10.72,7.79,21.99,9.99,38746,15,0,0,0,0
16/07/2025,15:07:57,10.72,7.78,21.96,9.99,38529,15,0,0,0,0
16/07/2025,15:13:43,10.72,7.8,21.93,9.99,38312,15,0,0,0,0
16/07/2025,15:19:31,10.72,7.78,21.93,9.99,38638,15,0,0,0,0
16/07/2025,15:25:18,10.72,7.78,21.91,9.99,38529,15,0,0,0,0
16/07/2025,15:31:04,10.72,7.78,21.88,9.99,38529,15,0,0,0,0
16/07/2025,15:36:52,10.72,7.78,21.85,9.99,38421,15,0,0,0,0
16/07/2025,15:42:38,10.72,7.78,21.88,9.99,38421,15,0,0,0,0
16/07/2025,15:48:26,10.72,7.8,21.77,9.99,38746,15,0,0,0,0
16/07/2025,15:54:12,10.74,7.8,21.83,9.99,38529,15,0,0,0,0
16/07/2025,16:00:00,10.73,7.8,21.83,9.99,38529,15,0,0,0,0
16/07/2025,16:05:47,10.72,7.8,21.85,9.99,38746,15,0,0,0,0
16/07/2025,16:11:33,10.73,7.81,21.85,9.99,38204,15,0,0,0,0
16/07/2025,16:17:21,10.73,7.79,21.85,9.99,38421,15,0,0,0,0
16/07/2025,16:23:07,10.73,7.79,21.83,9.99,38855,15,0,0,0,0
16/07/2025,16:28:55,10.73,7.8,22.04,9.99,38746,15,0,0,0,0
16/07/2025,16:34:41,10.73,7.8,21.85,9.99,38638,15,0,0,0,0
16/07/2025,16:40:28,10.73,7.8,21.85,9.99,38746,15,0,0,0,0
16/07/2025,16:46:16,10.75,7.81,21.85,9.99,38095,15,0,0,0,0
16/07/2025,16:52:02,10.74,7.78,22.1,9.99,38746,15,0,0,0,0
16/07/2025,16:57:50,10.74,7.8,21.85,9.99,38638,15,0,0,0,0
16/07/2025,17:03:36,10.74,7.8,21.88,9.99,38421,15,0,0,0,0
16/07/2025,17:09:23,10.74,7.8,21.85,9.99,38095,15,0,0,0,0
16/07/2025,17:15:10,10.74,7.78,21.93,9.99,38095,15,0,0,0,0
16/07/2025,17:20:57,10.75,7.8,21.8,9.99,38312,15,0,0,0,0
16/07/2025,17:26:45,10.74,7.78,21.91,9.99,38095,15,0,0,0,0
16/07/2025,17:32:31,10.74,7.79,21.91,9.99,38638,15,0,0,0,0
16/07/2025,17:38:18,10.74,7.78,21.85,9.99,38529,15,0,0,0,0
16/07/2025,17:44:05,10.75,7.78,22.12,9.99,38421,15,0,0,0,0
16/07/2025,17:49:52,10.74,7.79,21.93,9.99,38204,15,0,0,0,0
16/07/2025,17:55:39,10.74,7.79,21.88,9.99,38312,15,0,0,0,0
16/07/2025,18:01:26,10.74,7.77,21.88,9.99,38638,15,0,0,0,0
16/07/2025,18:07:13,10.75,7.79,21.83,9.99,38638,15,0,0,0,0
16/07/2025,18:13:00,10.75,7.79,21.85,9.99,38204,15,0,0,0,0
16/07/2025,18:18:47,10.76,7.77,22.1,9.99,37770,15,0,0,0,0
16/07/2025,18:24:34,10.76,7.77,22.04,9.99,37987,15,0,0,0,0
16/07/2025,18:30:21,10.76,7.78,21.93,9.99,38421,15,0,0,0,0
16/07/2025,18:36:08,10.76,7.78,21.88,9.99,38095,15,0,0,0,0
16/07/2025,18:41:55,10.76,7.78,21.93,9.99,37770,15,0,0,0,0
16/07/2025,18:47:41,10.76,7.77,21.96,9.99,37987,15,0,0,0,0
16/07/2025,18:53:29,10.77,7.77,21.93,9.99,38204,15,0,0,0,0
16/07/2025,18:59:16,10.79,7.79,21.93,9.99,37987,15,0,0,0,0
16/07/2025,19:05:03,10.78,7.79,21.93,9.99,38312,15,0,0,0,0
16/07/2025,19:10:50,10.78,7.79,21.66,9.99,38746,15,0,0,0,0
16/07/2025,19:16:36,10.78,7.77,21.69,9.99,38529,15,0,0,0,0
16/07/2025,19:22:24,10.78,7.79,21.93,9.99,38204,15,0,0,0,0
16/07/2025,19:28:10,10.78,7.79,21.91,9.99,38421,15,0,0,0,0
16/07/2025,19:33:58,10.78,7.79,21.88,9.99,39289,15,0,0,0,0
16/07/2025,19:39:45,10.78,7.77,21.93,9.99,38312,15,0,0,0,0
16/07/2025,19:45:31,10.78,7.8,21.96,9.99,38638,15,0,0,0,0
16/07/2025,19:51:19,10.78,7.8,21.93,9.99,38421,15,0,0,0,0
16/07/2025,19:57:05,10.77,7.8,21.91,9.99,38746,15,0,0,0,0
16/07/2025,20:02:53,10.77,7.81,21.88,9.99,38421,15,0,0,0,0
16/07/2025,20:08:39,10.75,7.8,21.83,9.99,39289,15,0,0,0,0
16/07/2025,20:14:27,10.77,7.8,21.91,9.99,39289,15,0,0,0,0
16/07/2025,20:20:14,10.77,7.79,21.83,9.99,38963,15,0,0,0,0
16/07/2025,20:26:00,10.77,7.81,21.91,9.99,39180,15,0,0,0,0
16/07/2025,20:31:48,10.77,7.81,21.88,9.99,39072,15,0,0,0,0
16/07/2025,20:37:34,10.77,7.79,21.83,9.99,39397,15,0,0,0,0
16/07/2025,20:43:22,10.77,7.82,21.99,9.99,39614,15,0,0,0,0
16/07/2025,20:49:08,10.78,7.8,21.77,9.99,39506,15,0,0,0,0
16/07/2025,20:54:55,10.78,7.8,21.83,9.99,38529,15,0,0,0,0
16/07/2025,21:00:43,10.79,7.81,21.83,9.99,38638,15,0,0,0,0
16/07/2025,21:06:29,10.79,7.81,21.72,9.99,38638,15,0,0,0,0
16/07/2025,21:12:17,10.8,7.82,21.72,9.99,38638,15,0,0,0,0
16/07/2025,21:18:03,10.79,7.82,21.8,9.99,38529,15,0,0,0,0
16/07/2025,21:23:50,10.78,7.84,21.8,9.99,38421,15,0,0,0,0
16/07/2025,21:29:37,10.77,7.82,21.69,9.99,39180,15,0,0,0,0
16/07/2025,21:35:24,10.75,7.81,21.83,9.99,40048,15,0,0,0,0
16/07/2025,21:41:11,10.72,7.82,21.83,9.99,40807,15,0,0,0,0
16/07/2025,21:46:58,10.72,7.82,21.85,9.99,41133,15,0,0,0,0
16/07/2025,21:52:45,10.71,7.8,21.85,9.99,41567,15,0,0,0,0
16/07/2025,21:58:32,10.7,7.8,21.8,9.99,41024,15,0,0,0,0
16/07/2025,22:04:19,10.71,7.81,21.88,9.99,40807,15,0,0,0,0
16/07/2025,22:10:06,10.71,7.81,21.88,9.99,40482,15,0,0,0,0
16/07/2025,22:15:53,10.72,7.8,21.88,9.99,39831,15,0,0,0,0
16/07/2025,22:21:40,10.74,7.81,21.85,9.99,40157,15,0,0,0,0
16/07/2025,22:27:27,10.77,7.82,21.83,9.99,38963,15,0,0,0,0
16/07/2025,22:33:13,10.77,7.82,21.8,9.99,39180,15,0,0,0,0
16/07/2025,22:39:01,10.77,7.82,21.75,9.99,39072,15,0,0,0,0
16/07/2025,22:44:48,10.78,7.82,21.72,9.99,38638,15,0,0,0,0
16/07/2025,22:50:35,10.77,7.84,21.69,9.99,39289,15,0,0,0,0
16/07/2025,22:56:22,10.77,7.83,21.64,9.99,40157,15,0,0,0,0
16/07/2025,23:02:08,10.78,7.83,21.64,9.99,40048,15,0,0,0,0
16/07/2025,23:07:56,10.78,7.85,21.64,9.99,40265,15,0,0,0,0
16/07/2025,23:13:43,10.78,7.85,21.58,9.99,40374,15,0,0,0,0
16/07/2025,23:19:30,10.78,7.84,21.56,9.99,40591,15,0,0,0,0
16/07/2025,23:25:17,10.78,7.86,21.53,9.99,40916,15,0,0,0,0
16/07/2025,23:31:03,10.79,7.85,21.48,9.99,40591,15,0,0,0,0
16/07/2025,23:36:51,10.79,7.86,21.48,9.99,41241,15,0,0,0,0
16/07/2025,23:42:38,10.79,7.88,21.45,9.99,41133,15,0,0,0,0
16/07/2025,23:48:25,10.79,7.88,21.45,9.99,41350,15,0,0,0,0
16/07/2025,23:54:12,10.79,7.89,21.4,9.99,41350,15,0,0,0,0
16/07/2025,23:59:59,10.79,7.87,21.37,9.99,41567,15,0,0,0,0
17/07/2025,00:00:00,10.79,7.87,21.37,9.99,41350,15,0,0,0,0
17/07/2025,00:05:47,10.79,7.87,21.37,9.99,41784,15,0,0,0,0
17/07/2025,00:11:33,10.79,7.88,21.37,9.99,41784,15,0,0,0,0
17/07/2025,00:17:21,10.78,7.87,21.34,9.99,41784,15,0,0,0,0
17/07/2025,00:23:08,10.78,7.89,21.34,9.99,41567,15,0,0,0,0
17/07/2025,00:28:55,10.78,7.88,21.31,9.99,41892,15,0,0,0,0
17/07/2025,00:34:42,10.78,7.88,21.29,9.99,41567,15,0,0,0,0
17/07/2025,00:40:28,10.78,7.89,21.26,9.99,41784,15,0,0,0,0
17/07/2025,00:46:16,10.78,7.91,21.18,9.99,41567,15,0,0,0,0
17/07/2025,00:52:02,10.78,7.92,21.18,9.99,41675,15,0,0,0,0
17/07/2025,00:57:50,10.78,7.9,21.18,9.99,41567,15,0,0,0,0
17/07/2025,01:03:37,10.78,7.9,21.15,9.99,41784,15,0,0,0,0
17/07/2025,01:09:23,10.78,7.9,21.15,9.99,41784,15,0,0,0,0
17/07/2025,01:15:11,10.78,7.9,21.18,9.99,42001,15,0,0,0,0
17/07/2025,01:20:57,10.78,7.91,21.18,9.99,42001,15,0,0,0,0
17/07/2025,01:26:45,10.78,7.91,21.18,9.99,42001,15,0,0,0,0
17/07/2025,01:32:31,10.78,7.9,21.15,9.99,41784,15,0,0,0,0
17/07/2025,01:38:18,10.78,7.92,21.13,9.99,42435,15,0,0,0,0
17/07/2025,01:44:06,10.78,7.92,21.13,9.99,42001,15,0,0,0,0
17/07/2025,01:49:52,10.78,7.92,21.13,9.99,42001,15,0,0,0,0
17/07/2025,01:55:40,10.78,7.91,21.1,9.99,42435,15,0,0,0,0
17/07/2025,02:01:26,10.8,7.91,21.1,9.99,42326,15,0,0,0,0
17/07/2025,02:07:13,10.78,7.92,21.1,9.99,42218,15,0,0,0,0
17/07/2025,02:13:00,10.78,7.91,21.07,9.99,42326,15,0,0,0,0
17/07/2025,02:18:47,10.78,7.94,21.04,9.99,42218,15,0,0,0,0
17/07/2025,02:24:34,10.78,7.93,21.04,9.99,42218,15,0,0,0,0
17/07/2025,02:30:21,10.78,7.94,21.04,9.99,42543,15,0,0,0,0
17/07/2025,02:36:08,10.78,7.94,21.04,9.99,42543,15,0,0,0,0
17/07/2025,02:41:55,10.78,7.92,21.02,9.99,42326,15,0,0,0,0
17/07/2025,02:47:42,10.78,7.93,21.02,9.99,42652,15,0,0,0,0
17/07/2025,02:53:29,10.79,7.93,20.99,9.99,42652,15,0,0,0,0
17/07/2025,02:59:16,10.78,7.94,20.99,9.99,42652,15,0,0,0,0
17/07/2025,03:05:02,10.78,7.93,20.99,9.99,42760,15,0,0,0,0
17/07/2025,03:10:50,10.78,7.92,20.99,9.99,42435,15,0,0,0,0
17/07/2025,03:16:37,10.78,7.95,20.96,9.99,42869,15,0,0,0,0
17/07/2025,03:22:24,10.78,7.92,20.91,9.99,42543,15,0,0,0,0
17/07/2025,03:28:11,10.78,7.94,20.96,9.99,42977,15,0,0,0,0
17/07/2025,03:33:58,10.78,7.95,20.94,9.99,42977,15,0,0,0,0
17/07/2025,03:39:45,10.77,7.94,20.91,9.99,43194,15,0,0,0,0
17/07/2025,03:45:31,10.78,7.95,20.94,9.99,42869,15,0,0,0,0
17/07/2025,03:51:19,10.78,7.97,20.91,9.99,42977,15,0,0,0,0
17/07/2025,03:57:06,10.77,7.94,20.91,9.99,42977,15,0,0,0,0
17/07/2025,04:02:53,10.78,7.98,20.91,9.99,43194,15,0,0,0,0
17/07/2025,04:08:40,10.77,7.95,20.88,9.99,42869,15,0,0,0,0
17/07/2025,04:14:26,10.77,7.94,20.88,9.99,43303,15,0,0,0,0
17/07/2025,04:20:14,10.77,7.97,20.91,9.99,43086,15,0,0,0,0
17/07/2025,04:26:00,10.76,7.96,20.91,9.99,43086,15,0,0,0,0
17/07/2025,04:31:48,10.77,7.95,20.91,9.99,43194,15,0,0,0,0
17/07/2025,04:37:35,10.77,7.95,20.91,9.99,43411,15,0,0,0,0
17/07/2025,04:43:21,10.77,7.96,20.91,9.99,42977,15,0,0,0,0
17/07/2025,04:49:09,10.77,7.95,20.91,9.99,42869,15,0,0,0,0
17/07/2025,04:54:55,10.76,7.95,20.88,9.99,42869,15,0,0,0,0
17/07/2025,05:00:43,10.76,7.94,20.88,9.99,43086,15,0,0,0,0
17/07/2025,05:06:29,10.77,7.95,20.88,9.99,43086,15,0,0,0,0
17/07/2025,05:12:16,10.77,7.96,20.88,9.99,42760,15,0,0,0,0
17/07/2025,05:18:04,10.77,7.95,20.88,9.99,42869,15,0,0,0,0
17/07/2025,05:23:50,10.77,7.96,20.88,9.99,42760,15,0,0,0,0
17/07/2025,05:29:38,10.77,7.97,20.86,9.99,43086,15,0,0,0,0
17/07/2025,05:35:24,10.77,7.95,20.88,9.99,42977,15,0,0,0,0
17/07/2025,05:41:11,10.77,7.96,20.88,9.99,43194,15,0,0,0,0
17/07/2025,05:46:58,10.77,7.95,20.88,9.99,43086,15,0,0,0,0
17/07/2025,05:52:45,10.77,7.97,20.88,9.99,42760,15,0,0,0,0
17/07/2025,05:58:33,10.77,7.95,20.86,9.99,42760,15,0,0,0,0
17/07/2025,06:04:19,10.77,7.96,20.86,9.99,42652,15,0,0,0,0
17/07/2025,06:10:06,10.76,7.95,20.83,9.99,43086,15,0,0,0,0
17/07/2025,06:15:53,10.75,7.97,20.83,9.99,43303,15,0,0,0,0
17/07/2025,06:21:40,10.76,7.95,20.83,9.99,43303,15,0,0,0,0
17/07/2025,06:27:27,10.75,7.97,20.83,9.99,43520,15,0,0,0,0
17/07/2025,06:33:14,10.75,7.97,20.83,9.99,43411,15,0,0,0,0
17/07/2025,06:39:01,10.75,7.95,20.83,9.99,43303,15,0,0,0,0
17/07/2025,06:44:48,10.76,7.98,20.83,9.99,43628,15,0,0,0,0
17/07/2025,06:50:35,10.77,7.97,20.83,9.99,43520,15,0,0,0,0
17/07/2025,06:56:22,10.77,7.96,20.83,9.99,42760,15,0,0,0,0
17/07/2025,07:02:09,10.77,7.97,20.8,9.99,43194,15,0,0,0,0
17/07/2025,07:07:56,10.77,7.98,20.8,9.99,42760,15,0,0,0,0
17/07/2025,07:13:43,10.77,7.97,20.8,9.99,42869,15,0,0,0,0
17/07/2025,07:19:29,10.77,7.97,20.8,9.99,43086,15,0,0,0,0
17/07/2025,07:25:17,10.77,7.98,20.8,9.99,43194,15,0,0,0,0
17/07/2025,07:31:04,10.77,7.97,20.8,9.99,43628,15,0,0,0,0
17/07/2025,07:36:51,10.77,7.97,20.8,9.99,43628,15,0,0,0,0
17/07/2025,07:42:38,10.77,7.98,20.78,9.99,43737,15,0,0,0,0
17/07/2025,07:48:24,10.77,7.97,20.78,9.99,43411,15,0,0,0,0
17/07/2025,07:54:12,10.76,7.97,20.78,9.99,43628,15,0,0,0,0
17/07/2025,07:59:58,10.77,7.97,20.78,9.99,42977,15,0,0,0,0
17/07/2025,08:05:46,10.76,7.99,20.78,9.99,43520,15,0,0,0,0
17/07/2025,08:11:33,10.76,7.95,20.78,9.99,43411,15,0,0,0,0
17/07/2025,08:17:19,10.77,7.97,20.78,9.99,43520,15,0,0,0,0
17/07/2025,08:23:07,10.77,7.98,20.78,9.99,43194,15,0,0,0,0
17/07/2025,08:28:53,10.77,7.98,20.78,9.99,43520,15,0,0,0,0
17/07/2025,08:34:41,10.77,7.99,20.78,9.99,43520,15,0,0,0,0
17/07/2025,08:40:27,10.76,7.99,20.78,9.99,43194,15,0,0,0,0
17/07/2025,08:46:14,10.75,7.97,20.78,9.99,43411,15,0,0,0,0
17/07/2025,08:52:02,10.72,7.99,20.78,9.99,44387,15,0,0,0,0
17/07/2025,08:57:48,10.69,7.98,20.78,9.99,44604,15,0,0,0,0
17/07/2025,09:03:36,10.67,7.97,20.88,9.99,45255,15,0,0,0,0
17/07/2025,09:09:22,10.65,7.96,20.94,9.99,45364,15,0,0,0,0
17/07/2025,09:15:09,10.65,7.97,20.96,9.99,45147,15,0,0,0,0
17/07/2025,09:20:57,10.64,7.94,21.02,9.99,46015,15,0,0,0,0
17/07/2025,09:26:43,10.63,7.94,21.07,9.99,45689,15,0,0,0,0
17/07/2025,09:32:31,10.63,7.93,21.13,9.99,45581,15,0,0,0,0
17/07/2025,09:38:17,10.62,7.91,21.18,9.99,45364,15,0,0,0,0
17/07/2025,09:44:04,10.62,7.91,21.23,9.99,44821,15,0,0,0,0
17/07/2025,09:49:51,10.63,7.9,21.34,9.99,44604,15,0,0,0,0
17/07/2025,09:55:38,10.62,7.88,21.42,9.99,43954,15,0,0,0,0
17/07/2025,10:01:25,10.62,7.87,21.5,9.99,43520,15,0,0,0,0
17/07/2025,10:07:12,10.61,7.85,21.61,9.99,43628,15,0,0,0,0
17/07/2025,10:12:59,10.63,7.85,21.64,9.99,43086,15,0,0,0,0
17/07/2025,10:18:46,10.66,7.85,21.69,9.99,42760,15,0,0,0,0
17/07/2025,10:24:33,10.68,7.82,21.77,9.99,41567,15,0,0,0,0
17/07/2025,10:30:20,10.69,7.83,21.8,9.99,41675,15,0,0,0,0
17/07/2025,10:36:07,10.7,7.81,21.85,9.99,41458,15,0,0,0,0
17/07/2025,10:41:54,10.71,7.8,21.91,9.99,41133,15,0,0,0,0
17/07/2025,10:47:41,10.71,7.81,21.91,9.99,42218,15,0,0,0,0
17/07/2025,10:53:28,10.72,7.79,21.91,9.99,42652,15,0,0,0,0
17/07/2025,10:59:15,10.72,7.8,21.93,9.99,42977,15,0,0,0,0
17/07/2025,11:05:02,10.72,7.8,21.93,9.99,43086,15,0,0,0,0
17/07/2025,11:10:49,10.72,7.8,21.93,9.99,43194,15,0,0,0,0
17/07/2025,11:16:36,10.72,7.8,21.99,9.99,44062,15,0,0,0,0
17/07/2025,11:22:23,10.71,7.78,21.99,9.99,44496,15,0,0,0,0
17/07/2025,11:28:10,10.71,7.79,21.99,9.99,44713,15,0,0,0,0
17/07/2025,11:33:57,10.7,7.79,22.04,9.99,45255,15,0,0,0,0
17/07/2025,11:39:44,10.7,7.77,22.1,9.99,44821,15,0,0,0,0
17/07/2025,11:45:31,10.7,7.78,22.1,9.99,45364,15,0,0,0,0
17/07/2025,11:51:18,10.7,7.77,22.1,9.99,44496,15,0,0,0,0
17/07/2025,11:57:05,10.7,7.76,22.1,9.99,44713,15,0,0,0,0
17/07/2025,12:02:52,10.7,7.76,22.15,9.99,44604,15,0,0,0,0
17/07/2025,12:08:39,10.7,7.75,22.15,9.99,44713,15,0,0,0,0
17/07/2025,12:14:26,10.69,7.76,22.15,9.99,44387,15,0,0,0,0
17/07/2025,12:20:12,10.7,7.75,22.15,9.99,43520,15,0,0,0,0
17/07/2025,12:26:00,10.71,7.74,22.18,9.99,43520,15,0,0,0,0
17/07/2025,12:31:47,10.71,7.74,22.18,9.99,43520,15,0,0,0,0
17/07/2025,12:37:34,10.7,7.75,22.18,9.99,43845,15,0,0,0,0
17/07/2025,12:43:21,10.7,7.76,22.2,9.99,43954,15,0,0,0,0
17/07/2025,12:49:07,10.7,7.75,22.2,9.99,43520,15,0,0,0,0
17/07/2025,12:54:55,10.72,7.74,22.23,9.99,43737,15,0,0,0,0
17/07/2025,13:00:41,10.7,7.74,22.23,9.99,43520,15,0,0,0,0
17/07/2025,13:06:29,10.69,7.74,22.26,9.99,43737,15,0,0,0,0
17/07/2025,13:12:16,10.7,7.74,22.28,9.99,43628,15,0,0,0,0
17/07/2025,13:18:02,10.7,7.73,22.34,9.99,43520,15,0,0,0,0
17/07/2025,13:23:50,10.7,7.74,22.34,9.99,43194,15,0,0,0,0
17/07/2025,13:29:36,10.69,7.73,22.31,9.99,42652,15,0,0,0,0
17/07/2025,13:35:24,10.7,7.73,22.31,9.99,42652,15,0,0,0,0
17/07/2025,13:41:11,10.7,7.73,22.28,9.99,42652,15,0,0,0,0
17/07/2025,13:46:58,10.7,7.73,22.28,9.99,42760,15,0,0,0,0
17/07/2025,13:52:45,10.7,7.72,22.26,9.99,42435,15,0,0,0,0
17/07/2025,13:58:31,10.7,7.72,22.26,9.99,42326,15,0,0,0,0
17/07/2025,14:04:19,10.7,7.72,22.26,9.99,42218,15,0,0,0,0
17/07/2025,14:10:06,10.7,7.75,22.23,9.99,42109,15,0,0,0,0
17/07/2025,14:15:53,10.7,7.74,22.23,9.99,42001,15,0,0,0,0
17/07/2025,14:21:40,10.71,7.73,22.28,9.99,41892,15,0,0,0,0
17/07/2025,14:27:27,10.72,7.72,22.28,9.99,41567,15,0,0,0,0
17/07/2025,14:33:14,10.71,7.74,22.28,9.99,41784,15,0,0,0,0
17/07/2025,14:39:01,10.71,7.74,22.28,9.99,41567,15,0,0,0,0
17/07/2025,14:44:48,10.71,7.74,22.28,9.99,41892,15,0,0,0,0
17/07/2025,14:50:35,10.71,7.75,22.26,9.99,41567,15,0,0,0,0
17/07/2025,14:56:22,10.72,7.73,22.26,9.99,40916,15,0,0,0,0
17/07/2025,15:02:09,10.72,7.73,22.26,9.99,41024,15,0,0,0,0
17/07/2025,15:07:56,10.71,7.73,22.26,9.99,41567,15,0,0,0,0
17/07/2025,15:13:43,10.72,7.75,22.26,9.99,41458,15,0,0,0,0
17/07/2025,15:19:30,10.72,7.75,22.26,9.99,41241,15,0,0,0,0
17/07/2025,15:25:16,10.71,7.75,22.26,9.99,41892,15,0,0,0,0
17/07/2025,15:31:04,10.71,7.73,22.28,9.99,41024,15,0,0,0,0
17/07/2025,15:36:51,10.71,7.73,22.28,9.99,41567,15,0,0,0,0
17/07/2025,15:42:38,10.71,7.73,22.28,9.99,40807,15,0,0,0,0
17/07/2025,15:48:25,10.72,7.75,22.28,9.99,40916,15,0,0,0,0
17/07/2025,15:54:11,10.72,7.73,22.28,9.99,40699,15,0,0,0,0
17/07/2025,15:59:59,10.71,7.74,22.28,9.99,40374,15,0,0,0,0
17/07/2025,16:05:45,10.71,7.73,22.26,9.99,40591,15,0,0,0,0
17/07/2025,16:11:33,10.71,7.72,22.28,9.99,40482,15,0,0,0,0
17/07/2025,16:17:20,10.71,7.73,22.28,9.99,40374,15,0,0,0,0
17/07/2025,16:23:06,10.71,7.74,22.28,9.99,40482,15,0,0,0,0
17/07/2025,16:28:54,10.71,7.73,22.28,9.99,40374,15,0,0,0,0
17/07/2025,16:34:40,10.71,7.73,22.31,9.99,40157,15,0,0,0,0
17/07/2025,16:40:28,10.72,7.74,22.28,9.99,39831,15,0,0,0,0
17/07/2025,16:46:14,10.72,7.74,22.26,9.99,39831,15,0,0,0,0
17/07/2025,16:52:01,10.72,7.72,22.26,9.99,39940,15,0,0,0,0
17/07/2025,16:57:48,10.72,7.72,22.23,9.99,39831,15,0,0,0,0
17/07/2025,17:03:35,10.72,7.73,22.18,9.99,39831,15,0,0,0,0
17/07/2025,17:09:23,10.72,7.73,22.15,9.99,39723,15,0,0,0,0
17/07/2025,17:15:09,10.73,7.72,22.15,9.99,39397,15,0,0,0,0
17/07/2025,17:20:57,10.73,7.74,22.12,9.99,39289,15,0,0,0,0
17/07/2025,17:26:43,10.73,7.74,22.1,9.99,39506,15,0,0,0,0
17/07/2025,17:32:30,10.73,7.74,22.07,9.99,39072,15,0,0,0,0
17/07/2025,17:38:17,10.73,7.74,22.04,9.99,39072,15,0,0,0,0
17/07/2025,17:44:04,10.73,7.74,22.04,9.99,39506,15,0,0,0,0
17/07/2025,17:49:52,10.74,7.76,22.04,9.99,39289,15,0,0,0,0
17/07/2025,17:55:38,10.73,7.78,21.99,9.99,39397,15,0,0,0,0
17/07/2025,18:01:25,10.74,7.77,21.99,9.99,39397,15,0,0,0,0
17/07/2025,18:07:12,10.74,7.75,21.96,9.99,40048,15,0,0,0,0
17/07/2025,18:12:59,10.74,7.76,21.96,9.99,39506,15,0,0,0,0
17/07/2025,18:18:47,10.75,7.77,21.96,9.99,39506,15,0,0,0,0
17/07/2025,18:24:33,10.75,7.78,21.96,9.99,39180,15,0,0,0,0
17/07/2025,18:30:20,10.75,7.77,21.96,9.99,39397,15,0,0,0,0
17/07/2025,18:36:07,10.75,7.77,21.93,9.99,39506,15,0,0,0,0
17/07/2025,18:41:54,10.76,7.79,21.93,9.99,39072,15,0,0,0,0
17/07/2025,18:47:41,10.75,7.79,21.93,9.99,39506,15,0,0,0,0
17/07/2025,18:53:28,10.77,7.79,21.93,9.99,39506,15,0,0,0,0
17/07/2025,18:59:15,10.76,7.8,21.93,9.99,38963,15,0,0,0,0
17/07/2025,19:05:02,10.76,7.8,21.93,9.99,39397,15,0,0,0,0
17/07/2025,19:10:49,10.77,7.8,21.93,9.99,39180,15,0,0,0,0
17/07/2025,19:16:36,10.76,7.8,21.93,9.99,39506,15,0,0,0,0
17/07/2025,19:22:23,10.76,7.8,21.93,9.99,39614,15,0,0,0,0
17/07/2025,19:28:09,10.76,7.8,21.93,9.99,38963,15,0,0,0,0
17/07/2025,19:33:57,10.77,7.8,21.91,9.99,39397,15,0,0,0,0
17/07/2025,19:39:44,10.77,7.82,21.91,9.99,38746,15,0,0,0,0
17/07/2025,19:45:31,10.8,7.81,21.91,9.99,38638,15,0,0,0,0
17/07/2025,19:51:18,10.77,7.83,21.91,9.99,38963,15,0,0,0,0
17/07/2025,19:57:04,10.76,7.83,21.88,9.99,39289,15,0,0,0,0
17/07/2025,20:02:52,10.76,7.82,21.88,9.99,39289,15,0,0,0,0
17/07/2025,20:08:39,10.77,7.83,21.85,9.99,39831,15,0,0,0,0
17/07/2025,20:14:26,10.78,7.83,21.85,9.99,39180,15,0,0,0,0
17/07/2025,20:20:13,10.77,7.83,21.85,9.99,38746,15,0,0,0,0
17/07/2025,20:25:59,10.75,7.83,21.85,9.99,39180,15,0,0,0,0
17/07/2025,20:31:47,10.76,7.83,21.85,9.99,39397,15,0,0,0,0
17/07/2025,20:37:34,10.76,7.83,21.85,9.99,40265,15,0,0,0,0
17/07/2025,20:43:21,10.75,7.82,21.85,9.99,40699,15,0,0,0,0
17/07/2025,20:49:08,10.74,7.83,21.85,9.99,40482,15,0,0,0,0
17/07/2025,20:54:55,10.75,7.84,21.85,9.99,39940,15,0,0,0,0
17/07/2025,21:00:42,10.76,7.83,21.85,9.99,39180,15,0,0,0,0
17/07/2025,21:06:28,10.76,7.85,21.85,9.99,39072,15,0,0,0,0
17/07/2025,21:12:16,10.75,7.84,21.85,9.99,38855,15,0,0,0,0
17/07/2025,21:18:03,10.76,7.84,21.85,9.99,38963,15,0,0,0,0
17/07/2025,21:23:50,10.77,7.84,21.83,9.99,38963,15,0,0,0,0
17/07/2025,21:29:37,10.76,7.84,21.83,9.99,38746,15,0,0,0,0
17/07/2025,21:35:23,10.77,7.86,21.83,9.99,39180,15,0,0,0,0
17/07/2025,21:41:11,10.77,7.85,21.8,9.99,39289,15,0,0,0,0
17/07/2025,21:46:57,10.77,7.85,21.77,9.99,39940,15,0,0,0,0
17/07/2025,21:52:45,10.74,7.85,21.77,9.99,39940,15,0,0,0,0
17/07/2025,21:58:32,10.75,7.87,21.77,9.99,40591,15,0,0,0,0
17/07/2025,22:04:18,10.7,7.85,21.83,9.99,40916,15,0,0,0,0
17/07/2025,22:10:06,10.74,7.87,21.83,9.99,40916,15,0,0,0,0
17/07/2025,22:15:52,10.74,7.85,21.83,9.99,40482,15,0,0,0,0
17/07/2025,22:21:40,10.75,7.87,21.83,9.99,39289,15,0,0,0,0
17/07/2025,22:27:26,10.75,7.86,21.8,9.99,38746,15,0,0,0,0
17/07/2025,22:33:13,10.76,7.86,21.77,9.99,38746,15,0,0,0,0
17/07/2025,22:39:01,10.76,7.86,21.72,9.99,38312,15,0,0,0,0
17/07/2025,22:44:47,10.76,7.87,21.66,9.99,38421,15,0,0,0,0
17/07/2025,22:50:35,10.77,7.88,21.64,9.99,38963,15,0,0,0,0
17/07/2025,22:56:21,10.77,7.88,21.58,9.99,39397,15,0,0,0,0
17/07/2025,23:02:08,10.77,7.89,21.53,9.99,39723,15,0,0,0,0
17/07/2025,23:07:56,10.78,7.89,21.5,9.99,39180,15,0,0,0,0
17/07/2025,23:13:42,10.78,7.88,21.48,9.99,39614,15,0,0,0,0
17/07/2025,23:19:30,10.78,7.91,21.42,9.99,39506,15,0,0,0,0
17/07/2025,23:25:16,10.77,7.91,21.37,9.99,39397,15,0,0,0,0
17/07/2025,23:31:03,10.78,7.9,21.34,9.99,40048,15,0,0,0,0
17/07/2025,23:36:51,10.78,7.9,21.31,9.99,40048,15,0,0,0,0
17/07/2025,23:42:37,10.77,7.89,21.26,9.99,39940,15,0,0,0,0
17/07/2025,23:48:25,10.76,7.9,21.21,9.99,40265,15,0,0,0,0
17/07/2025,23:54:11,10.75,7.9,21.15,9.99,40591,15,0,0,0,0
17/07/2025,23:59:59,10.76,7.91,21.1,9.99,40482,15,0,0,0,0
18/07/2025,00:00:00,10.76,7.91,21.1,9.99,40482,15,0,0,0,0
18/07/2025,00:05:46,10.76,7.91,21.04,9.99,40591,15,0,0,0,0
18/07/2025,00:11:33,10.76,7.93,21.04,9.99,40374,15,0,0,0,0
18/07/2025,00:17:20,10.76,7.92,21.02,9.99,40591,15,0,0,0,0
18/07/2025,00:23:07,10.76,7.92,21.02,9.99,40265,15,0,0,0,0
18/07/2025,00:28:55,10.77,7.94,20.96,9.99,39940,15,0,0,0,0
18/07/2025,00:34:41,10.77,7.93,20.96,9.99,40265,15,0,0,0,0
18/07/2025,00:40:28,10.77,7.93,20.94,9.99,40265,15,0,0,0,0
18/07/2025,00:46:15,10.77,7.93,20.91,9.99,39940,15,0,0,0,0
18/07/2025,00:52:02,10.77,7.94,20.88,9.99,40048,15,0,0,0,0
18/07/2025,00:57:50,10.76,7.94,20.88,9.99,39940,15,0,0,0,0
18/07/2025,01:03:36,10.78,7.93,20.88,9.99,39723,15,0,0,0,0
18/07/2025,01:09:23,10.77,7.94,20.83,9.99,39723,15,0,0,0,0
18/07/2025,01:15:10,10.77,7.95,20.83,9.99,39940,15,0,0,0,0
18/07/2025,01:20:57,10.77,7.95,20.8,9.99,40048,15,0,0,0,0
18/07/2025,01:26:44,10.77,7.96,20.8,9.99,40374,15,0,0,0,0
18/07/2025,01:32:31,10.78,7.96,20.78,9.99,40265,15,0,0,0,0
18/07/2025,01:38:18,10.78,7.96,20.78,9.99,39723,15,0,0,0,0
18/07/2025,01:44:05,10.78,7.96,20.78,9.99,40374,15,0,0,0,0
18/07/2025,01:49:52,10.78,7.94,20.78,9.99,39831,15,0,0,0,0
18/07/2025,01:55:39,10.78,7.95,20.78,9.99,40591,15,0,0,0,0
18/07/2025,02:01:26,10.78,7.96,20.78,9.99,40157,15,0,0,0,0
18/07/2025,02:07:14,10.8,7.96,20.78,9.99,40048,15,0,0,0,0
18/07/2025,02:13:00,10.78,7.98,20.75,9.99,40265,15,0,0,0,0
18/07/2025,02:18:47,10.79,7.97,20.75,9.99,40157,15,0,0,0,0
18/07/2025,02:24:34,10.79,7.96,20.72,9.99,40265,15,0,0,0,0
18/07/2025,02:30:21,10.78,7.98,20.72,9.99,40157,15,0,0,0,0
18/07/2025,02:36:08,10.78,7.96,20.72,9.99,40591,15,0,0,0,0
18/07/2025,02:41:55,10.77,7.96,20.72,9.99,40482,15,0,0,0,0
18/07/2025,02:47:41,10.77,7.96,20.72,9.99,40699,15,0,0,0,0
18/07/2025,02:53:29,10.76,7.95,20.72,9.99,40591,15,0,0,0,0
18/07/2025,02:59:16,10.76,7.97,20.72,9.99,40916,15,0,0,0,0
18/07/2025,03:05:03,10.75,7.97,20.72,9.99,40482,15,0,0,0,0
18/07/2025,03:10:50,10.75,7.97,20.72,9.99,40591,15,0,0,0,0
18/07/2025,03:16:36,10.76,7.97,20.72,9.99,39940,15,0,0,0,0
18/07/2025,03:22:24,10.76,7.97,20.72,9.99,40374,15,0,0,0,0
18/07/2025,03:28:10,10.76,7.97,20.72,9.99,40482,15,0,0,0,0
18/07/2025,03:33:58,10.76,7.96,20.72,9.99,40482,15,0,0,0,0
18/07/2025,03:39:45,10.76,7.98,20.72,9.99,39940,15,0,0,0,0
18/07/2025,03:45:31,10.77,7.97,20.72,9.99,39831,15,0,0,0,0
18/07/2025,03:51:19,10.77,7.97,20.72,9.99,39614,15,0,0,0,0
18/07/2025,03:57:05,10.78,7.96,20.72,9.99,39614,15,0,0,0,0
18/07/2025,04:02:53,10.78,7.96,20.72,9.99,39831,15,0,0,0,0
18/07/2025,04:08:39,10.79,7.97,20.72,9.99,40048,15,0,0,0,0
18/07/2025,04:14:27,10.79,7.97,20.72,9.99,39831,15,0,0,0,0
18/07/2025,04:20:14,10.79,7.97,20.72,9.99,39940,15,0,0,0,0
18/07/2025,04:26:00,10.8,7.97,20.72,9.99,39831,15,0,0,0,0
18/07/2025,04:31:48,10.79,7.98,20.72,9.99,40265,15,0,0,0,0
18/07/2025,04:37:34,10.8,7.98,20.72,9.99,40374,15,0,0,0,0
18/07/2025,04:43:22,10.8,7.98,20.72,9.99,40265,15,0,0,0,0
18/07/2025,04:49:08,10.8,7.97,20.69,9.99,40157,15,0,0,0,0
18/07/2025,04:54:55,10.8,7.99,20.69,9.99,40157,15,0,0,0,0
18/07/2025,05:00:43,10.81,7.98,20.69,9.99,40265,15,0,0,0,0
18/07/2025,05:06:29,10.8,7.98,20.69,9.99,40807,15,0,0,0,0
18/07/2025,05:12:17,10.81,7.99,20.69,9.99,40048,15,0,0,0,0
18/07/2025,05:18:03,10.81,7.99,20.69,9.99,40482,15,0,0,0,0
18/07/2025,05:23:50,10.8,8.0,20.69,9.99,40482,15,0,0,0,0
18/07/2025,05:29:37,10.78,7.99,20.69,9.99,40807,15,0,0,0,0
18/07/2025,05:35:24,10.78,8.01,20.69,9.99,41024,15,0,0,0,0
18/07/2025,05:41:11,10.78,8.0,20.69,9.99,40916,15,0,0,0,0
18/07/2025,05:46:58,10.78,7.99,20.69,9.99,40916,15,0,0,0,0
18/07/2025,05:52:45,10.79,7.99,20.69,9.99,40591,15,0,0,0,0
18/07/2025,05:58:32,10.79,8.0,20.69,9.99,40699,15,0,0,0,0
18/07/2025,06:04:19,10.79,8.01,20.69,9.99,40482,15,0,0,0,0
18/07/2025,06:10:06,10.78,7.99,20.69,9.99,40482,15,0,0,0,0
18/07/2025,06:15:53,10.77,7.99,20.69,9.99,40482,15,0,0,0,0
18/07/2025,06:21:41,10.78,8.0,20.69,9.99,41024,15,0,0,0,0
18/07/2025,06:27:27,10.78,8.0,20.69,9.99,41241,15,0,0,0,0
18/07/2025,06:33:14,10.79,7.97,20.69,9.99,40374,15,0,0,0,0
18/07/2025,06:39:01,10.79,8.0,20.69,9.99,40482,15,0,0,0,0
18/07/2025,06:44:48,10.79,8.01,20.69,9.99,39940,15,0,0,0,0
18/07/2025,06:50:35,10.79,8.0,20.69,9.99,40482,15,0,0,0,0
18/07/2025,06:56:22,10.79,8.0,20.69,9.99,40482,15,0,0,0,0
18/07/2025,07:02:09,10.79,8.0,20.69,9.99,40265,15,0,0,0,0
18/07/2025,07:07:56,10.79,8.0,20.69,9.99,40482,15,0,0,0,0
18/07/2025,07:13:43,10.79,8.01,20.69,9.99,40374,15,0,0,0,0
18/07/2025,07:19:30,10.79,8.01,20.69,9.99,40482,15,0,0,0,0
18/07/2025,07:25:17,10.79,8.0,20.69,9.99,40374,15,0,0,0,0
18/07/2025,07:31:03,10.79,8.0,20.69,9.99,40157,15,0,0,0,0
18/07/2025,07:36:51,10.8,8.01,20.69,9.99,40374,15,0,0,0,0
18/07/2025,07:42:37,10.8,8.01,20.69,9.99,40265,15,0,0,0,0
18/07/2025,07:48:25,10.8,8.01,20.69,9.99,40048,15,0,0,0,0
18/07/2025,07:54:12,10.8,8.0,20.69,9.99,40265,15,0,0,0,0
18/07/2025,07:59:59,10.79,8.01,20.69,9.99,40265,15,0,0,0,0
18/07/2025,08:05:46,10.78,8.02,20.69,9.99,40048,15,0,0,0,0
18/07/2025,08:11:32,10.77,8.01,20.69,9.99,40699,15,0,0,0,0
18/07/2025,08:17:20,10.77,8.01,20.69,9.99,41241,15,0,0,0,0
18/07/2025,08:23:06,10.76,8.0,20.69,9.99,40591,15,0,0,0,0
18/07/2025,08:28:54,10.75,8.01,20.69,9.99,40591,15,0,0,0,0
18/07/2025,08:34:41,10.75,8.01,20.69,9.99,40265,15,0,0,0,0
18/07/2025,08:40:27,10.75,8.01,20.69,9.99,40807,15,0,0,0,0
18/07/2025,08:46:15,10.76,8.01,20.69,9.99,40265,15,0,0,0,0
18/07/2025,08:52:01,10.76,8.01,20.69,9.99,40157,15,0,0,0,0
18/07/2025,08:57:49,10.76,8.0,20.69,9.99,39506,15,0,0,0,0
18/07/2025,09:03:35,10.76,8.01,20.69,9.99,39723,15,0,0,0,0
18/07/2025,09:09:22,10.77,8.01,20.69,9.99,39614,15,0,0,0,0
18/07/2025,09:15:09,10.78,8.01,20.69,9.99,39506,15,0,0,0,0
18/07/2025,09:20:56,10.78,8.0,20.69,9.99,39723,15,0,0,0,0
18/07/2025,09:26:44,10.78,8.01,20.69,9.99,39614,15,0,0,0,0
18/07/2025,09:32:30,10.79,8.01,20.69,9.99,39289,15,0,0,0,0
18/07/2025,09:38:17,10.78,7.98,20.69,9.99,39289,15,0,0,0,0
18/07/2025,09:44:04,10.78,7.98,20.69,9.99,39614,15,0,0,0,0
18/07/2025,09:49:51,10.79,7.99,20.72,9.99,39180,15,0,0,0,0
18/07/2025,09:55:39,10.78,7.99,20.72,9.99,39614,15,0,0,0,0
18/07/2025,10:01:25,10.78,7.99,20.72,9.99,39289,15,0,0,0,0
18/07/2025,10:07:13,10.78,7.99,20.72,9.99,39289,15,0,0,0,0
18/07/2025,10:12:59,10.78,7.97,20.72,9.99,39072,15,0,0,0,0
18/07/2025,10:18:46,10.78,7.98,20.72,9.99,39289,15,0,0,0,0
18/07/2025,10:24:34,10.78,7.98,20.72,9.99,39506,15,0,0,0,0
18/07/2025,10:30:20,10.79,7.97,20.75,9.99,38855,15,0,0,0,0
18/07/2025,10:36:08,10.79,7.98,20.75,9.99,38638,15,0,0,0,0
18/07/2025,10:41:54,10.8,7.97,20.75,9.99,38312,15,0,0,0,0
18/07/2025,10:47:41,10.78,7.98,20.78,9.99,38421,15,0,0,0,0
18/07/2025,10:53:29,10.78,7.95,20.78,9.99,38529,15,0,0,0,0
18/07/2025,10:59:15,10.79,7.97,20.78,9.99,38421,15,0,0,0,0
18/07/2025,11:05:03,10.78,7.95,20.78,9.99,38421,15,0,0,0,0
18/07/2025,11:10:49,10.78,7.96,20.8,9.99,38312,15,0,0,0,0
18/07/2025,11:16:36,10.78,7.97,20.8,9.99,38204,15,0,0,0,0
18/07/2025,11:22:24,10.78,7.95,20.8,9.99,38204,15,0,0,0,0
18/07/2025,11:28:10,10.77,7.96,20.8,9.99,37987,15,0,0,0,0
18/07/2025,11:33:58,10.78,7.96,20.83,9.99,38421,15,0,0,0,0
18/07/2025,11:39:44,10.77,7.95,20.83,9.99,37987,15,0,0,0,0
18/07/2025,11:45:31,10.77,7.95,20.86,9.99,38421,15,0,0,0,0
18/07/2025,11:51:19,10.77,7.95,20.86,9.99,37878,15,0,0,0,0
18/07/2025,11:57:05,10.76,7.94,20.88,9.99,37553,15,0,0,0,0
18/07/2025,12:02:53,10.74,7.94,20.91,9.99,37553,15,0,0,0,0
18/07/2025,12:08:39,10.74,7.93,20.96,9.99,37444,15,0,0,0,0
18/07/2025,12:14:27,10.74,7.94,20.99,9.99,37553,15,0,0,0,0
18/07/2025,12:20:13,10.74,7.91,21.02,9.99,37661,15,0,0,0,0
18/07/2025,12:26:00,10.74,7.93,21.07,9.99,37661,15,0,0,0,0
18/07/2025,12:31:48,10.74,7.92,21.07,9.99,37444,15,0,0,0,0
18/07/2025,12:37:34,10.73,7.91,21.13,9.99,37770,15,0,0,0,0
18/07/2025,12:43:22,10.73,7.93,21.18,9.99,37553,15,0,0,0,0
18/07/2025,12:49:08,10.73,7.92,21.18,9.99,37661,15,0,0,0,0
18/07/2025,12:54:55,10.73,7.91,21.23,9.99,37227,15,0,0,0,0
18/07/2025,13:00:43,10.73,7.91,21.31,9.99,37227,15,0,0,0,0
18/07/2025,13:06:29,10.73,7.91,21.37,9.99,37119,15,0,0,0,0
18/07/2025,13:12:17,10.73,7.89,21.4,9.99,37661,15,0,0,0,0
18/07/2025,13:18:03,10.73,7.89,21.4,9.99,37336,15,0,0,0,0
18/07/2025,13:23:50,10.73,7.89,21.45,9.99,37119,15,0,0,0,0
18/07/2025,13:29:37,10.73,7.89,21.48,9.99,37011,15,0,0,0,0
18/07/2025,13:35:24,10.73,7.88,21.53,9.99,36902,15,0,0,0,0
18/07/2025,13:41:11,10.73,7.89,21.56,9.99,37227,15,0,0,0,0
18/07/2025,13:46:58,10.74,7.87,21.58,9.99,37011,15,0,0,0,0
18/07/2025,13:52:44,10.73,7.89,21.61,9.99,37336,15,0,0,0,0
18/07/2025,13:58:32,10.73,7.87,21.66,9.99,37770,15,0,0,0,0
18/07/2025,14:04:19,10.74,7.89,21.66,9.99,36685,15,0,0,0,0
18/07/2025,14:10:06,10.74,7.88,21.72,9.99,36794,15,0,0,0,0
18/07/2025,14:15:53,10.73,7.88,21.72,9.99,36468,15,0,0,0,0
18/07/2025,14:21:40,10.73,7.87,21.72,9.99,37011,15,0,0,0,0
18/07/2025,14:27:27,10.73,7.85,21.75,9.99,36577,15,0,0,0,0
18/07/2025,14:33:13,10.73,7.85,21.77,9.99,36902,15,0,0,0,0
18/07/2025,14:39:01,10.73,7.85,21.77,9.99,37011,15,0,0,0,0
18/07/2025,14:44:48,10.73,7.85,21.8,9.99,36794,15,0,0,0,0
18/07/2025,14:50:35,10.72,7.85,21.8,9.99,36794,15,0,0,0,0
18/07/2025,14:56:22,10.72,7.85,21.83,9.99,36577,15,0,0,0,0
18/07/2025,15:02:08,10.72,7.86,21.85,9.99,36034,15,0,0,0,0
18/07/2025,15:07:56,10.72,7.85,21.85,9.99,36794,15,0,0,0,0
18/07/2025,15:13:43,10.73,7.84,21.85,9.99,36360,15,0,0,0,0
18/07/2025,15:19:30,10.73,7.85,21.85,9.99,36685,15,0,0,0,0
18/07/2025,15:25:17,10.73,7.84,21.85,9.99,36360,15,0,0,0,0
18/07/2025,15:31:03,10.73,7.84,21.85,9.99,36902,15,0,0,0,0
18/07/2025,15:36:51,10.73,7.82,21.85,9.99,36685,15,0,0,0,0
18/07/2025,15:42:37,10.73,7.84,21.88,9.99,36902,15,0,0,0,0
18/07/2025,15:48:25,10.73,7.84,21.88,9.99,37011,15,0,0,0,0
18/07/2025,15:54:12,10.73,7.85,21.88,9.99,37119,15,0,0,0,0
18/07/2025,15:59:59,10.73,7.84,21.88,9.99,36902,15,0,0,0,0
18/07/2025,16:05:46,10.74,7.83,21.88,9.99,36577,15,0,0,0,0
18/07/2025,16:11:32,10.74,7.83,21.88,9.99,37011,15,0,0,0,0
18/07/2025,16:17:20,10.74,7.84,21.88,9.99,36685,15,0,0,0,0
18/07/2025,16:23:07,10.74,7.83,21.88,9.99,36577,15,0,0,0,0
18/07/2025,16:28:54,10.74,7.84,21.88,9.99,36902,15,0,0,0,0
18/07/2025,16:34:41,10.74,7.84,21.88,9.99,36902,15,0,0,0,0
18/07/2025,16:40:27,10.74,7.83,21.88,9.99,37119,15,0,0,0,0
18/07/2025,16:46:15,10.75,7.85,21.88,9.99,36794,15,0,0,0,0
18/07/2025,16:52:01,10.75,7.83,21.88,9.99,36902,15,0,0,0,0
18/07/2025,16:57:49,10.75,7.82,21.88,9.99,36794,15,0,0,0,0
18/07/2025,17:03:36,10.76,7.83,21.88,9.99,36794,15,0,0,0,0
18/07/2025,17:09:22,10.76,7.82,21.88,9.99,36685,15,0,0,0,0
18/07/2025,17:15:10,10.76,7.83,21.88,9.99,37119,15,0,0,0,0
18/07/2025,17:20:56,10.76,7.82,21.88,9.99,36902,15,0,0,0,0
18/07/2025,17:26:44,10.76,7.83,21.88,9.99,37011,15,0,0,0,0
18/07/2025,17:32:30,10.76,7.82,21.88,9.99,37444,15,0,0,0,0
18/07/2025,17:38:17,10.77,7.84,21.88,9.99,37553,15,0,0,0,0
18/07/2025,17:44:05,10.77,7.83,21.88,9.99,37553,15,0,0,0,0
18/07/2025,17:49:51,10.77,7.84,21.88,9.99,37553,15,0,0,0,0
18/07/2025,17:55:39,10.77,7.83,21.88,9.99,36902,15,0,0,0,0
18/07/2025,18:01:25,10.77,7.84,21.88,9.99,37011,15,0,0,0,0
18/07/2025,18:07:13,10.76,7.83,21.88,9.99,37444,15,0,0,0,0
18/07/2025,18:12:59,10.77,7.84,21.88,9.99,37553,15,0,0,0,0
18/07/2025,18:18:46,10.76,7.84,21.88,9.99,37770,15,0,0,0,0
18/07/2025,18:24:34,10.77,7.84,21.88,9.99,37987,15,0,0,0,0
18/07/2025,18:30:20,10.77,7.85,21.85,9.99,37553,15,0,0,0,0
18/07/2025,18:36:08,10.76,7.84,21.85,9.99,37227,15,0,0,0,0
18/07/2025,18:41:54,10.77,7.83,21.85,9.99,36794,15,0,0,0,0
18/07/2025,18:47:41,10.77,7.85,21.85,9.99,36902,15,0,0,0,0
18/07/2025,18:53:29,10.77,7.86,21.85,9.99,36794,15,0,0,0,0
18/07/2025,18:59:15,10.77,7.86,21.85,9.99,37011,15,0,0,0,0
18/07/2025,19:05:03,10.77,7.86,21.85,9.99,37336,15,0,0,0,0
18/07/2025,19:10:49,10.78,7.84,21.85,9.99,37553,15,0,0,0,0
18/07/2025,19:16:36,10.78,7.85,21.83,9.99,37444,15,0,0,0,0
18/07/2025,19:22:23,10.78,7.86,21.83,9.99,37011,15,0,0,0,0
18/07/2025,19:28:10,10.78,7.87,21.83,9.99,37011,15,0,0,0,0
18/07/2025,19:33:58,10.78,7.87,21.83,9.99,37011,15,0,0,0,0
18/07/2025,19:39:44,10.78,7.87,21.8,9.99,36794,15,0,0,0,0
18/07/2025,19:45:31,10.78,7.87,21.8,9.99,36902,15,0,0,0,0
18/07/2025,19:51:18,10.79,7.87,21.77,9.99,37119,15,0,0,0,0
18/07/2025,19:57:05,10.77,7.86,21.77,9.99,37336,15,0,0,0,0
18/07/2025,20:02:52,10.77,7.88,21.75,9.99,37553,15,0,0,0,0
18/07/2025,20:08:39,10.78,7.88,21.72,9.99,37770,15,0,0,0,0
18/07/2025,20:14:27,10.79,7.88,21.72,9.99,37553,15,0,0,0,0
18/07/2025,20:20:13,10.79,7.88,21.69,9.99,36685,15,0,0,0,0
18/07/2025,20:26:00,10.78,7.89,21.69,9.99,37011,15,0,0,0,0
18/07/2025,20:31:47,10.78,7.88,21.66,9.99,37661,15,0,0,0,0
18/07/2025,20:37:34,10.78,7.9,21.64,9.99,37444,15,0,0,0,0
18/07/2025,20:43:21,10.78,7.88,21.64,9.99,37444,15,0,0,0,0
18/07/2025,20:49:08,10.77,7.89,21.64,9.99,37336,15,0,0,0,0
18/07/2025,20:54:54,10.77,7.88,21.58,9.99,37011,15,0,0,0,0
18/07/2025,21:00:42,10.78,7.89,21.58,9.99,36794,15,0,0,0,0
18/07/2025,21:06:29,10.78,7.89,21.58,9.99,36360,15,0,0,0,0
18/07/2025,21:12:16,10.78,7.89,21.56,9.99,36034,15,0,0,0,0
18/07/2025,21:18:03,10.78,7.89,21.56,9.99,36468,15,0,0,0,0
18/07/2025,21:23:49,10.77,7.88,21.56,9.99,36251,15,0,0,0,0
18/07/2025,21:29:37,10.77,7.88,21.56,9.99,36685,15,0,0,0,0
18/07/2025,21:35:23,10.76,7.89,21.56,9.99,36577,15,0,0,0,0
18/07/2025,21:41:11,10.75,7.9,21.56,9.99,36577,15,0,0,0,0
18/07/2025,21:46:58,10.74,7.91,21.56,9.99,37011,15,0,0,0,0
18/07/2025,21:52:44,10.73,7.9,21.56,9.99,36902,15,0,0,0,0
18/07/2025,21:58:32,10.72,7.9,21.61,9.99,37227,15,0,0,0,0
18/07/2025,22:04:18,10.71,7.88,21.61,9.99,37661,15,0,0,0,0
18/07/2025,22:10:06,10.74,7.89,21.61,9.99,36902,15,0,0,0,0
18/07/2025,22:15:52,10.76,7.91,21.61,9.99,36468,15,0,0,0,0
18/07/2025,22:21:40,10.77,7.91,21.56,9.99,35600,15,0,0,0,0
18/07/2025,22:27:27,10.77,7.89,21.56,9.99,35058,15,0,0,0,0
18/07/2025,22:33:13,10.78,7.89,21.5,9.99,35058,15,0,0,0,0
18/07/2025,22:39:01,10.78,7.89,21.45,9.99,35383,15,0,0,0,0
18/07/2025,22:44:47,10.78,7.92,21.42,9.99,35709,15,0,0,0,0
18/07/2025,22:50:35,10.78,7.9,21.37,9.99,36143,15,0,0,0,0
18/07/2025,22:56:21,10.78,7.91,21.31,9.99,36468,15,0,0,0,0
18/07/2025,23:02:08,10.79,7.91,21.26,9.99,35926,15,0,0,0,0
18/07/2025,23:07:56,10.79,7.92,21.23,9.99,36468,15,0,0,0,0
18/07/2025,23:13:42,10.8,7.93,21.15,9.99,36251,15,0,0,0,0
18/07/2025,23:19:30,10.8,7.92,21.13,9.99,36577,15,0,0,0,0
18/07/2025,23:25:16,10.8,7.93,21.07,9.99,36468,15,0,0,0,0
18/07/2025,23:31:03,10.8,7.94,21.04,9.99,36577,15,0,0,0,0
18/07/2025,23:36:51,10.79,7.94,20.99,9.99,37011,15,0,0,0,0
18/07/2025,23:42:37,10.78,7.95,20.96,9.99,37119,15,0,0,0,0
18/07/2025,23:48:25,10.77,7.94,20.94,9.99,37553,15,0,0,0,0
18/07/2025,23:54:11,10.77,7.93,20.94,9.99,37987,15,0,0,0,0
18/07/2025,23:59:59,10.75,7.94,20.94,9.99,38095,15,0,0,0,0
19/07/2025,00:00:00,10.75,7.94,20.94,9.99,38095,15,0,0,0,0
19/07/2025,00:05:46,10.75,7.93,20.99,9.99,38529,15,0,0,0,0
19/07/2025,00:11:33,10.74,7.95,20.99,9.99,38095,15,0,0,0,0
19/07/2025,00:17:20,10.75,7.94,20.99,9.99,38204,15,0,0,0,0
19/07/2025,00:23:07,10.75,7.93,20.99,9.99,37987,15,0,0,0,0
19/07/2025,00:28:55,10.75,7.95,20.99,9.99,36902,15,0,0,0,0
19/07/2025,00:34:41,10.76,7.95,20.99,9.99,36902,15,0,0,0,0
19/07/2025,00:40:28,10.77,7.93,20.96,9.99,36902,15,0,0,0,0
19/07/2025,00:46:15,10.78,7.93,20.96,9.99,36251,15,0,0,0,0
19/07/2025,00:52:02,10.78,7.94,20.94,9.99,36468,15,0,0,0,0
19/07/2025,00:57:50,10.79,7.96,20.94,9.99,36794,15,0,0,0,0
19/07/2025,01:03:36,10.79,7.95,20.94,9.99,36577,15,0,0,0,0
19/07/2025,01:09:23,10.79,7.93,20.91,9.99,36360,15,0,0,0,0
19/07/2025,01:15:10,10.79,7.96,20.88,9.99,36468,15,0,0,0,0
19/07/2025,01:20:57,10.79,7.95,20.86,9.99,37011,15,0,0,0,0
19/07/2025,01:26:44,10.8,7.95,20.83,9.99,36360,15,0,0,0,0
19/07/2025,01:32:31,10.8,7.95,20.83,9.99,36902,15,0,0,0,0
19/07/2025,01:38:18,10.81,7.95,20.83,9.99,37011,15,0,0,0,0
19/07/2025,01:44:05,10.8,7.94,20.8,9.99,37227,15,0,0,0,0
19/07/2025,01:49:52,10.8,7.96,20.8,9.99,37011,15,0,0,0,0
19/07/2025,01:55:39,10.8,7.94,20.78,9.99,37119,15,0,0,0,0
19/07/2025,02:01:26,10.81,7.97,20.75,9.99,37553,15,0,0,0,0
19/07/2025,02:07:13,10.8,7.94,20.75,9.99,37336,15,0,0,0,0
19/07/2025,02:13:00,10.8,7.96,20.75,9.99,37553,15,0,0,0,0
19/07/2025,02:18:47,10.8,7.96,20.75,9.99,37227,15,0,0,0,0
19/07/2025,02:24:34,10.79,7.97,20.75,9.99,37661,15,0,0,0,0
19/07/2025,02:30:21,10.79,7.97,20.75,9.99,37770,15,0,0,0,0
19/07/2025,02:36:08,10.78,7.95,20.72,9.99,37444,15,0,0,0,0
19/07/2025,02:41:55,10.77,7.96,20.75,9.99,37878,15,0,0,0,0
19/07/2025,02:47:42,10.77,7.95,20.75,9.99,37878,15,0,0,0,0
19/07/2025,02:53:29,10.77,7.96,20.75,9.99,37661,15,0,0,0,0
19/07/2025,02:59:16,10.77,7.96,20.75,9.99,37553,15,0,0,0,0
19/07/2025,03:05:03,10.77,7.96,20.75,9.99,37444,15,0,0,0,0
19/07/2025,03:10:50,10.77,7.94,20.75,9.99,37336,15,0,0,0,0
19/07/2025,03:16:37,10.78,7.96,20.75,9.99,37011,15,0,0,0,0
19/07/2025,03:22:24,10.78,7.96,20.75,9.99,37119,15,0,0,0,0
19/07/2025,03:28:11,10.78,7.96,20.75,9.99,36251,15,0,0,0,0
19/07/2025,03:33:58,10.79,7.94,20.75,9.99,36685,15,0,0,0,0
19/07/2025,03:39:45,10.79,7.97,20.75,9.99,36468,15,0,0,0,0
19/07/2025,03:45:31,10.79,7.96,20.75,9.99,36577,15,0,0,0,0
19/07/2025,03:51:19,10.79,7.95,20.75,9.99,36577,15,0,0,0,0
19/07/2025,03:57:05,10.79,7.96,20.75,9.99,36685,15,0,0,0,0
19/07/2025,04:02:53,10.8,7.96,20.75,9.99,36794,15,0,0,0,0
19/07/2025,04:08:40,10.79,7.96,20.72,9.99,36577,15,0,0,0,0
19/07/2025,04:14:27,10.8,7.97,20.72,9.99,36577,15,0,0,0,0
19/07/2025,04:20:14,10.8,7.96,20.72,9.99,36685,15,0,0,0,0
19/07/2025,04:26:00,10.79,7.97,20.72,9.99,36685,15,0,0,0,0
19/07/2025,04:31:48,10.8,7.95,20.72,9.99,36034,15,0,0,0,0
19/07/2025,04:37:34,10.79,7.97,20.72,9.99,36577,15,0,0,0,0
19/07/2025,04:43:22,10.78,7.95,20.72,9.99,36902,15,0,0,0,0
19/07/2025,04:49:09,10.78,7.96,20.72,9.99,36251,15,0,0,0,0
19/07/2025,04:54:55,10.78,7.95,20.72,9.99,37227,15,0,0,0,0
19/07/2025,05:00:43,10.78,7.97,20.72,9.99,36685,15,0,0,0,0
19/07/2025,05:06:29,10.78,7.95,20.72,9.99,36902,15,0,0,0,0
19/07/2025,05:12:17,10.78,7.96,20.72,9.99,36360,15,0,0,0,0
19/07/2025,05:18:04,10.79,7.95,20.72,9.99,36468,15,0,0,0,0
19/07/2025,05:23:50,10.79,7.97,20.72,9.99,36360,15,0,0,0,0
19/07/2025,05:29:38,10.78,7.97,20.72,9.99,36577,15,0,0,0,0
19/07/2025,05:35:24,10.78,7.96,20.75,9.99,36685,15,0,0,0,0
19/07/2025,05:41:12,10.78,7.97,20.75,9.99,36902,15,0,0,0,0
19/07/2025,05:46:59,10.78,7.97,20.75,9.99,36902,15,0,0,0,0
19/07/2025,05:52:45,10.78,7.96,20.75,9.99,36794,15,0,0,0,0
19/07/2025,05:58:33,10.8,7.96,20.75,9.99,36468,15,0,0,0,0
19/07/2025,06:04:19,10.81,7.96,20.75,9.99,36360,15,0,0,0,0
19/07/2025,06:10:07,10.81,7.97,20.75,9.99,36034,15,0,0,0,0
19/07/2025,06:15:53,10.81,7.96,20.75,9.99,36143,15,0,0,0,0
19/07/2025,06:21:41,10.82,7.96,20.75,9.99,36468,15,0,0,0,0
19/07/2025,06:27:28,10.82,7.96,20.72,9.99,36143,15,0,0,0,0
19/07/2025,06:33:14,10.82,7.97,20.72,9.99,36360,15,0,0,0,0
19/07/2025,06:39:02,10.83,7.96,20.72,9.99,36685,15,0,0,0,0
19/07/2025,06:44:48,10.82,7.98,20.72,9.99,36468,15,0,0,0,0
19/07/2025,06:50:36,10.83,7.97,20.69,9.99,36143,15,0,0,0,0
19/07/2025,06:56:22,10.83,7.99,20.69,9.99,36360,15,0,0,0,0
19/07/2025,07:02:09,10.83,7.97,20.69,9.99,36685,15,0,0,0,0
19/07/2025,07:07:56,10.84,7.97,20.69,9.99,36577,15,0,0,0,0
19/07/2025,07:13:43,10.83,7.98,20.69,9.99,36794,15,0,0,0,0
19/07/2025,07:19:31,10.83,7.99,20.69,9.99,36794,15,0,0,0,0
19/07/2025,07:25:17,10.82,7.99,20.69,9.99,36685,15,0,0,0,0
19/07/2025,07:31:04,10.81,7.98,20.69,9.99,36902,15,0,0,0,0
19/07/2025,07:36:51,10.81,8.0,20.69,9.99,37553,15,0,0,0,0
19/07/2025,07:42:38,10.8,7.98,20.69,9.99,37878,15,0,0,0,0
19/07/2025,07:48:26,10.79,7.96,20.69,9.99,37553,15,0,0,0,0
19/07/2025,07:54:12,10.8,7.99,20.69,9.99,37119,15,0,0,0,0
19/07/2025,08:00:00,10.79,7.99,20.69,9.99,37770,15,0,0,0,0
19/07/2025,08:05:46,10.79,7.99,20.69,9.99,37011,15,0,0,0,0
19/07/2025,08:11:33,10.79,7.99,20.69,9.99,36360,15,0,0,0,0
19/07/2025,08:17:20,10.79,7.99,20.69,9.99,36468,15,0,0,0,0
19/07/2025,08:23:07,10.8,8.0,20.69,9.99,35926,15,0,0,0,0
19/07/2025,08:28:54,10.82,7.98,20.69,9.99,36143,15,0,0,0,0
19/07/2025,08:34:41,10.8,7.98,20.69,9.99,35926,15,0,0,0,0
19/07/2025,08:40:28,10.8,7.96,20.69,9.99,35926,15,0,0,0,0
19/07/2025,08:46:15,10.8,7.99,20.69,9.99,36034,15,0,0,0,0
19/07/2025,08:52:02,10.81,7.98,20.69,9.99,35709,15,0,0,0,0
19/07/2025,08:57:49,10.8,7.97,20.69,9.99,35926,15,0,0,0,0
19/07/2025,09:03:36,10.8,7.98,20.69,9.99,35600,15,0,0,0,0
19/07/2025,09:09:22,10.8,7.99,20.69,9.99,35709,15,0,0,0,0
19/07/2025,09:15:10,10.8,7.97,20.72,9.99,35709,15,0,0,0,0
19/07/2025,09:20:57,10.81,7.98,20.72,9.99,35275,15,0,0,0,0
19/07/2025,09:26:44,10.81,7.97,20.75,9.99,35383,15,0,0,0,0
19/07/2025,09:32:31,10.81,7.97,20.75,9.99,35600,15,0,0,0,0
19/07/2025,09:38:17,10.81,7.97,20.75,9.99,35492,15,0,0,0,0
19/07/2025,09:44:05,10.82,7.97,20.75,9.99,35383,15,0,0,0,0
19/07/2025,09:49:51,10.82,7.97,20.78,9.99,35600,15,0,0,0,0
19/07/2025,09:55:39,10.83,7.97,20.78,9.99,35383,15,0,0,0,0
19/07/2025,10:01:26,10.83,7.98,20.78,9.99,35709,15,0,0,0,0
19/07/2025,10:07:13,10.83,7.96,20.8,9.99,35709,15,0,0,0,0
19/07/2025,10:13:00,10.84,7.96,20.83,9.99,35817,15,0,0,0,0
19/07/2025,10:18:46,10.83,7.97,20.83,9.99,36143,15,0,0,0,0
19/07/2025,10:24:34,10.83,7.95,20.83,9.99,36143,15,0,0,0,0
19/07/2025,10:30:20,10.83,7.95,20.83,9.99,35926,15,0,0,0,0
19/07/2025,10:36:08,10.83,7.95,20.86,9.99,35600,15,0,0,0,0
19/07/2025,10:41:55,10.83,7.95,20.86,9.99,35817,15,0,0,0,0
19/07/2025,10:47:41,10.83,7.94,20.88,9.99,35926,15,0,0,0,0
19/07/2025,10:53:29,10.83,7.96,20.88,9.99,35817,15,0,0,0,0
19/07/2025,10:59:15,10.83,7.93,20.88,9.99,35709,15,0,0,0,0
19/07/2025,11:05:03,10.84,7.94,20.88,9.99,35600,15,0,0,0,0
19/07/2025,11:10:49,10.83,7.93,20.91,9.99,35817,15,0,0,0,0
19/07/2025,11:16:36,10.82,7.94,20.91,9.99,36143,15,0,0,0,0
19/07/2025,11:22:24,10.82,7.95,20.94,9.99,36034,15,0,0,0,0
19/07/2025,11:28:10,10.81,7.95,20.96,9.99,35817,15,0,0,0,0
19/07/2025,11:33:58,10.81,7.95,20.96,9.99,36468,15,0,0,0,0
19/07/2025,11:39:44,10.8,7.92,20.99,9.99,36468,15,0,0,0,0
19/07/2025,11:45:31,10.8,7.94,20.99,9.99,36251,15,0,0,0,0
19/07/2025,11:51:19,10.8,7.93,21.02,9.99,36468,15,0,0,0,0
19/07/2025,11:57:05,10.8,7.92,21.07,9.99,35926,15,0,0,0,0
19/07/2025,12:02:53,10.8,7.9,21.1,9.99,36143,15,0,0,0,0
19/07/2025,12:08:39,10.8,7.91,21.13,9.99,36034,15,0,0,0,0
19/07/2025,12:14:27,10.81,7.91,21.15,9.99,35926,15,0,0,0,0
19/07/2025,12:20:13,10.81,7.93,21.13,9.99,35383,15,0,0,0,0
19/07/2025,12:26:00,10.81,7.9,21.18,9.99,35709,15,0,0,0,0
19/07/2025,12:31:48,10.81,7.92,21.21,9.99,35709,15,0,0,0,0
19/07/2025,12:37:34,10.8,7.91,21.23,9.99,35600,15,0,0,0,0
19/07/2025,12:43:22,10.81,7.92,21.23,9.99,35709,15,0,0,0,0
19/07/2025,12:49:08,10.81,7.91,21.23,9.99,35926,15,0,0,0,0
19/07/2025,12:54:55,10.81,7.89,21.29,9.99,35817,15,0,0,0,0
19/07/2025,13:00:42,10.81,7.91,21.29,9.99,35817,15,0,0,0,0
19/07/2025,13:06:29,10.8,7.9,21.31,9.99,35600,15,0,0,0,0
19/07/2025,13:12:17,10.8,7.91,21.34,9.99,35492,15,0,0,0,0
19/07/2025,13:18:03,10.8,7.9,21.34,9.99,35709,15,0,0,0,0
19/07/2025,13:23:50,10.8,7.91,21.37,9.99,35492,15,0,0,0,0
19/07/2025,13:29:37,10.8,7.91,21.34,9.99,35492,15,0,0,0,0
19/07/2025,13:35:24,10.8,7.9,21.37,9.99,35275,15,0,0,0,0
19/07/2025,13:41:12,10.8,7.91,21.4,9.99,35383,15,0,0,0,0
19/07/2025,13:46:58,10.81,7.9,21.4,9.99,35926,15,0,0,0,0
19/07/2025,13:52:45,10.81,7.91,21.4,9.99,35817,15,0,0,0,0
19/07/2025,13:58:32,10.81,7.9,21.42,9.99,36034,15,0,0,0,0
19/07/2025,14:04:19,10.81,7.92,21.42,9.99,36034,15,0,0,0,0
19/07/2025,14:10:06,10.8,7.9,21.42,9.99,36034,15,0,0,0,0
19/07/2025,14:15:53,10.8,7.9,21.45,9.99,35817,15,0,0,0,0
19/07/2025,14:21:41,10.8,7.89,21.45,9.99,35383,15,0,0,0,0
19/07/2025,14:27:27,10.81,7.91,21.45,9.99,35383,15,0,0,0,0
19/07/2025,14:33:14,10.81,7.91,21.45,9.99,35600,15,0,0,0,0
19/07/2025,14:39:01,10.81,7.9,21.48,9.99,35275,15,0,0,0,0
19/07/2025,14:44:48,10.81,7.88,21.48,9.99,35275,15,0,0,0,0
19/07/2025,14:50:35,10.81,7.89,21.48,9.99,35275,15,0,0,0,0
19/07/2025,14:56:22,10.81,7.91,21.48,9.99,35275,15,0,0,0,0
19/07/2025,15:02:09,10.81,7.9,21.5,9.99,35166,15,0,0,0,0
19/07/2025,15:07:56,10.81,7.89,21.5,9.99,35383,15,0,0,0,0
19/07/2025,15:13:43,10.8,7.9,21.5,9.99,35275,15,0,0,0,0
19/07/2025,15:19:30,10.81,7.91,21.5,9.99,35600,15,0,0,0,0
19/07/2025,15:25:17,10.81,7.89,21.53,9.99,35166,15,0,0,0,0
19/07/2025,15:31:04,10.81,7.89,21.53,9.99,35275,15,0,0,0,0
19/07/2025,15:36:51,10.81,7.88,21.56,9.99,35383,15,0,0,0,0
19/07/2025,15:42:38,10.81,7.89,21.53,9.99,35166,15,0,0,0,0
19/07/2025,15:48:25,10.81,7.88,21.56,9.99,34732,15,0,0,0,0
19/07/2025,15:54:12,10.81,7.9,21.56,9.99,35383,15,0,0,0,0
19/07/2025,15:59:59,10.81,7.9,21.53,9.99,34949,15,0,0,0,0
19/07/2025,16:05:46,10.81,7.89,21.53,9.99,34841,15,0,0,0,0
19/07/2025,16:11:33,10.81,7.89,21.53,9.99,35275,15,0,0,0,0
19/07/2025,16:17:20,10.81,7.88,21.53,9.99,35058,15,0,0,0,0
19/07/2025,16:23:07,10.81,7.88,21.56,9.99,35275,15,0,0,0,0
19/07/2025,16:28:54,10.81,7.89,21.56,9.99,35058,15,0,0,0,0
19/07/2025,16:34:41,10.82,7.9,21.56,9.99,34624,15,0,0,0,0
19/07/2025,16:40:28,10.82,7.9,21.56,9.99,34841,15,0,0,0,0
19/07/2025,16:46:15,10.81,7.9,21.53,9.99,35058,15,0,0,0,0
19/07/2025,16:52:02,10.81,7.9,21.53,9.99,34949,15,0,0,0,0
19/07/2025,16:57:49,10.82,7.89,21.53,9.99,34841,15,0,0,0,0
19/07/2025,17:03:36,10.81,7.89,21.5,9.99,34407,15,0,0,0,0
19/07/2025,17:09:22,10.82,7.89,21.5,9.99,34624,15,0,0,0,0
19/07/2025,17:15:10,10.82,7.89,21.5,9.99,34298,15,0,0,0,0
19/07/2025,17:20:57,10.82,7.88,21.5,9.99,34190,15,0,0,0,0
19/07/2025,17:26:44,10.81,7.9,21.5,9.99,34298,15,0,0,0,0
19/07/2025,17:32:31,10.82,7.9,21.53,9.99,34298,15,0,0,0,0
19/07/2025,17:38:17,10.82,7.89,21.5,9.99,34624,15,0,0,0,0
19/07/2025,17:44:05,10.83,7.89,21.5,9.99,34298,15,0,0,0,0
19/07/2025,17:49:51,10.82,7.89,21.5,9.99,34515,15,0,0,0,0
19/07/2025,17:55:39,10.84,7.89,21.5,9.99,34298,15,0,0,0,0
19/07/2025,18:01:25,10.83,7.9,21.48,9.99,34407,15,0,0,0,0
19/07/2025,18:07:13,10.84,7.91,21.45,9.99,33756,15,0,0,0,0
19/07/2025,18:13:00,10.84,7.91,21.42,9.99,33756,15,0,0,0,0
19/07/2025,18:18:46,10.84,7.91,21.42,9.99,33539,15,0,0,0,0
19/07/2025,18:24:34,10.84,7.9,21.42,9.99,33756,15,0,0,0,0
19/07/2025,18:30:20,10.83,7.92,21.4,9.99,33756,15,0,0,0,0
19/07/2025,18:36:08,10.82,7.9,21.4,9.99,34298,15,0,0,0,0
19/07/2025,18:41:55,10.82,7.92,21.37,9.99,34624,15,0,0,0,0
19/07/2025,18:47:41,10.82,7.91,21.37,9.99,34515,15,0,0,0,0
19/07/2025,18:53:29,10.81,7.9,21.4,9.99,34407,15,0,0,0,0
19/07/2025,18:59:15,10.8,7.91,21.42,9.99,34624,15,0,0,0,0
19/07/2025,19:05:03,10.8,7.91,21.42,9.99,34298,15,0,0,0,0
19/07/2025,19:10:49,10.81,7.9,21.48,9.99,33973,15,0,0,0,0
19/07/2025,19:16:36,10.81,7.92,21.48,9.99,33539,15,0,0,0,0
19/07/2025,19:22:24,10.81,7.91,21.5,9.99,33322,15,0,0,0,0
19/07/2025,19:28:10,10.81,7.92,21.53,9.99,32454,15,0,0,0,0
19/07/2025,19:33:58,10.82,7.9,21.53,9.99,32888,15,0,0,0,0
19/07/2025,19:39:44,10.81,7.91,21.53,9.99,32563,15,0,0,0,0
19/07/2025,19:45:31,10.82,7.91,21.53,9.99,32780,15,0,0,0,0
19/07/2025,19:51:19,10.82,7.9,21.53,9.99,32997,15,0,0,0,0
19/07/2025,19:57:05,10.81,7.9,21.53,9.99,32780,15,0,0,0,0
19/07/2025,20:02:53,10.81,7.92,21.53,9.99,33105,15,0,0,0,0
19/07/2025,20:08:39,10.82,7.89,21.53,9.99,33322,15,0,0,0,0
19/07/2025,20:14:27,10.82,7.9,21.56,9.99,32780,15,0,0,0,0
19/07/2025,20:20:13,10.82,7.9,21.53,9.99,33539,15,0,0,0,0
19/07/2025,20:26:00,10.82,7.89,21.53,9.99,32997,15,0,0,0,0
19/07/2025,20:31:48,10.81,7.92,21.56,9.99,32888,15,0,0,0,0
19/07/2025,20:37:34,10.81,7.91,21.58,9.99,32563,15,0,0,0,0
19/07/2025,20:43:22,10.82,7.9,21.58,9.99,32888,15,0,0,0,0
19/07/2025,20:49:08,10.82,7.89,21.58,9.99,32780,15,0,0,0,0
19/07/2025,20:54:55,10.83,7.89,21.61,9.99,32346,15,0,0,0,0
19/07/2025,21:00:42,10.84,7.9,21.64,9.99,31912,15,0,0,0,0
19/07/2025,21:06:29,10.84,7.91,21.61,9.99,32020,15,0,0,0,0
19/07/2025,21:12:17,10.84,7.9,21.64,9.99,32129,15,0,0,0,0
19/07/2025,21:18:03,10.84,7.9,21.64,9.99,31695,15,0,0,0,0
19/07/2025,21:23:50,10.85,7.9,21.58,9.99,32129,15,0,0,0,0
19/07/2025,21:29:37,10.85,7.9,21.56,9.99,32129,15,0,0,0,0
19/07/2025,21:35:24,10.84,7.9,21.56,9.99,32997,15,0,0,0,0
19/07/2025,21:41:12,10.84,7.9,21.56,9.99,32454,15,0,0,0,0
19/07/2025,21:46:58,10.84,7.9,21.58,9.99,32671,15,0,0,0,0
19/07/2025,21:52:45,10.85,7.91,21.58,9.99,32454,15,0,0,0,0
19/07/2025,21:58:32,10.85,7.91,21.53,9.99,32454,15,0,0,0,0
19/07/2025,22:04:19,10.85,7.91,21.5,9.99,32563,15,0,0,0,0
19/07/2025,22:10:06,10.85,7.9,21.48,9.99,32563,15,0,0,0,0
19/07/2025,22:15:53,10.85,7.9,21.45,9.99,32780,15,0,0,0,0
19/07/2025,22:21:40,10.85,7.91,21.4,9.99,32671,15,0,0,0,0
19/07/2025,22:27:27,10.84,7.9,21.37,9.99,32780,15,0,0,0,0
19/07/2025,22:33:14,10.85,7.91,21.31,9.99,32780,15,0,0,0,0
19/07/2025,22:39:01,10.84,7.94,21.26,9.99,33214,15,0,0,0,0
19/07/2025,22:44:48,10.84,7.93,21.21,9.99,33431,15,0,0,0,0
19/07/2025,22:50:35,10.84,7.93,21.18,9.99,33322,15,0,0,0,0
19/07/2025,22:56:22,10.84,7.92,21.13,9.99,33214,15,0,0,0,0
19/07/2025,23:02:08,10.84,7.93,21.13,9.99,32780,15,0,0,0,0
19/07/2025,23:07:56,10.84,7.94,21.07,9.99,32563,15,0,0,0,0
19/07/2025,23:13:43,10.84,7.94,21.07,9.99,32563,15,0,0,0,0
19/07/2025,23:19:30,10.83,7.94,21.02,9.99,32997,15,0,0,0,0
19/07/2025,23:25:17,10.83,7.94,21.02,9.99,32888,15,0,0,0,0
19/07/2025,23:31:03,10.83,7.95,20.99,9.99,33214,15,0,0,0,0
19/07/2025,23:36:51,10.83,7.95,20.96,9.99,32997,15,0,0,0,0
19/07/2025,23:42:37,10.83,7.93,20.96,9.99,33214,15,0,0,0,0
19/07/2025,23:48:25,10.83,7.95,20.94,9.99,33431,15,0,0,0,0
19/07/2025,23:54:12,10.83,7.96,20.91,9.99,32888,15,0,0,0,0
19/07/2025,23:59:59,10.83,7.94,20.88,9.99,32671,15,0,0,0,0
20/07/2025,00:00:00,10.83,7.94,20.88,9.99,32780,15,0,0,0,0
20/07/2025,00:05:47,10.83,7.97,20.88,9.99,32671,15,0,0,0,0
20/07/2025,00:11:33,10.83,7.97,20.88,9.99,32780,15,0,0,0,0
20/07/2025,00:17:21,10.84,7.94,20.86,9.99,32997,15,0,0,0,0
20/07/2025,00:23:08,10.84,7.96,20.83,9.99,32888,15,0,0,0,0
20/07/2025,00:28:55,10.83,7.95,20.8,9.99,33322,15,0,0,0,0
20/07/2025,00:34:42,10.83,7.95,20.8,9.99,33322,15,0,0,0,0
20/07/2025,00:40:28,10.84,7.96,20.78,9.99,33105,15,0,0,0,0
20/07/2025,00:46:16,10.84,7.98,20.75,9.99,32997,15,0,0,0,0
20/07/2025,00:52:02,10.83,7.97,20.75,9.99,32780,15,0,0,0,0
20/07/2025,00:57:50,10.83,7.98,20.75,9.99,32888,15,0,0,0,0
20/07/2025,01:03:37,10.83,7.97,20.75,9.99,33105,15,0,0,0,0
20/07/2025,01:09:23,10.85,7.96,20.72,9.99,33214,15,0,0,0,0
20/07/2025,01:15:11,10.83,7.97,20.72,9.99,33105,15,0,0,0,0
20/07/2025,01:20:57,10.82,7.98,20.72,9.99,33214,15,0,0,0,0
20/07/2025,01:26:45,10.81,7.98,20.72,9.99,33322,15,0,0,0,0
20/07/2025,01:32:31,10.81,7.97,20.72,9.99,33431,15,0,0,0,0
20/07/2025,01:38:18,10.79,7.98,20.72,9.99,33864,15,0,0,0,0
20/07/2025,01:44:06,10.79,7.98,20.72,9.99,33756,15,0,0,0,0
20/07/2025,01:49:52,10.78,7.97,20.75,9.99,33756,15,0,0,0,0
20/07/2025,01:55:40,10.78,7.95,20.75,9.99,33539,15,0,0,0,0
20/07/2025,02:01:26,10.79,7.96,20.75,9.99,33647,15,0,0,0,0
20/07/2025,02:07:13,10.79,7.97,20.75,9.99,33214,15,0,0,0,0
20/07/2025,02:13:00,10.79,7.96,20.75,9.99,32997,15,0,0,0,0
20/07/2025,02:18:47,10.8,7.97,20.75,9.99,32888,15,0,0,0,0
20/07/2025,02:24:34,10.81,7.96,20.75,9.99,32671,15,0,0,0,0
20/07/2025,02:30:21,10.81,7.97,20.72,9.99,32671,15,0,0,0,0
20/07/2025,02:36:08,10.82,7.94,20.72,9.99,32780,15,0,0,0,0
20/07/2025,02:41:55,10.83,7.96,20.72,9.99,32671,15,0,0,0,0
20/07/2025,02:47:42,10.82,7.98,20.72,9.99,32888,15,0,0,0,0
20/07/2025,02:53:29,10.83,7.95,20.72,9.99,32671,15,0,0,0,0
20/07/2025,02:59:16,10.83,7.96,20.72,9.99,33214,15,0,0,0,0
20/07/2025,03:05:02,10.83,7.95,20.72,9.99,33322,15,0,0,0,0
20/07/2025,03:10:50,10.83,7.96,20.72,9.99,33431,15,0,0,0,0
20/07/2025,03:16:37,10.83,7.95,20.72,9.99,33214,15,0,0,0,0
20/07/2025,03:22:24,10.82,7.97,20.72,9.99,33322,15,0,0,0,0
20/07/2025,03:28:11,10.82,7.96,20.72,9.99,33973,15,0,0,0,0
20/07/2025,03:33:58,10.82,7.97,20.72,9.99,33647,15,0,0,0,0
20/07/2025,03:39:45,10.82,7.96,20.72,9.99,33973,15,0,0,0,0
20/07/2025,03:45:31,10.83,7.97,20.72,9.99,34081,15,0,0,0,0
20/07/2025,03:51:19,10.82,7.96,20.72,9.99,33431,15,0,0,0,0
20/07/2025,03:57:06,10.82,7.99,20.72,9.99,33864,15,0,0,0,0
20/07/2025,04:02:53,10.82,7.98,20.72,9.99,33973,15,0,0,0,0
20/07/2025,04:08:40,10.83,7.98,20.72,9.99,33756,15,0,0,0,0
20/07/2025,04:14:26,10.82,7.99,20.72,9.99,33864,15,0,0,0,0
20/07/2025,04:20:14,10.82,7.98,20.69,9.99,33647,15,0,0,0,0
20/07/2025,04:26:00,10.82,7.98,20.69,9.99,34081,15,0,0,0,0
20/07/2025,04:31:48,10.82,7.99,20.69,9.99,33539,15,0,0,0,0
20/07/2025,04:37:34,10.82,7.99,20.69,9.99,33322,15,0,0,0,0
20/07/2025,04:43:21,10.82,7.98,20.69,9.99,33105,15,0,0,0,0
20/07/2025,04:49:09,10.82,7.98,20.69,9.99,33214,15,0,0,0,0
20/07/2025,04:54:55,10.82,7.97,20.69,9.99,33647,15,0,0,0,0
20/07/2025,05:00:43,10.82,7.97,20.69,9.99,33322,15,0,0,0,0
20/07/2025,05:06:29,10.82,7.97,20.69,9.99,33431,15,0,0,0,0
20/07/2025,05:12:16,10.82,7.97,20.69,9.99,33322,15,0,0,0,0
20/07/2025,05:18:03,10.82,7.97,20.69,9.99,33647,15,0,0,0,0
20/07/2025,05:23:50,10.81,7.98,20.69,9.99,33647,15,0,0,0,0
20/07/2025,05:29:38,10.81,7.97,20.69,9.99,33647,15,0,0,0,0
20/07/2025,05:35:24,10.81,7.98,20.69,9.99,33431,15,0,0,0,0
20/07/2025,05:41:11,10.81,7.97,20.69,9.99,33647,15,0,0,0,0
20/07/2025,05:46:58,10.81,7.99,20.69,9.99,33864,15,0,0,0,0
20/07/2025,05:52:45,10.81,7.99,20.69,9.99,33756,15,0,0,0,0
20/07/2025,05:58:33,10.81,7.98,20.69,9.99,33105,15,0,0,0,0
20/07/2025,06:04:19,10.81,7.97,20.69,9.99,33214,15,0,0,0,0
20/07/2025,06:10:06,10.81,7.99,20.69,9.99,33431,15,0,0,0,0
20/07/2025,06:15:53,10.82,7.98,20.69,9.99,33322,15,0,0,0,0
20/07/2025,06:21:40,10.81,7.99,20.69,9.99,33322,15,0,0,0,0
20/07/2025,06:27:27,10.82,7.99,20.69,9.99,32997,15,0,0,0,0
20/07/2025,06:33:14,10.81,7.99,20.69,9.99,33322,15,0,0,0,0
20/07/2025,06:39:01,10.82,7.98,20.69,9.99,33431,15,0,0,0,0
20/07/2025,06:44:48,10.82,7.99,20.69,9.99,33539,15,0,0,0,0
20/07/2025,06:50:35,10.82,8.0,20.69,9.99,33214,15,0,0,0,0
20/07/2025,06:56:22,10.82,8.01,20.69,9.99,33322,15,0,0,0,0
20/07/2025,07:02:09,10.82,8.0,20.69,9.99,33756,15,0,0,0,0
20/07/2025,07:07:56,10.82,8.01,20.69,9.99,33214,15,0,0,0,0
20/07/2025,07:13:43,10.82,7.98,20.69,9.99,33322,15,0,0,0,0
20/07/2025,07:19:30,10.82,8.0,20.69,9.99,32888,15,0,0,0,0
20/07/2025,07:25:17,10.82,7.98,20.69,9.99,32997,15,0,0,0,0
20/07/2025,07:31:04,10.82,7.99,20.69,9.99,32997,15,0,0,0,0
20/07/2025,07:36:51,10.82,7.99,20.69,9.99,33322,15,0,0,0,0
20/07/2025,07:42:38,10.82,7.99,20.69,9.99,33105,15,0,0,0,0
20/07/2025,07:48:25,10.82,7.99,20.69,9.99,33214,15,0,0,0,0
20/07/2025,07:54:12,10.82,8.0,20.69,9.99,32563,15,0,0,0,0
20/07/2025,07:59:59,10.83,8.0,20.69,9.99,33214,15,0,0,0,0
20/07/2025,08:05:46,10.82,7.99,20.69,9.99,33322,15,0,0,0,0
20/07/2025,08:11:33,10.82,8.01,20.69,9.99,32563,15,0,0,0,0
20/07/2025,08:17:19,10.82,8.01,20.69,9.99,32563,15,0,0,0,0
20/07/2025,08:23:07,10.82,8.01,20.69,9.99,33105,15,0,0,0,0
20/07/2025,08:28:54,10.82,8.0,20.69,9.99,32780,15,0,0,0,0
20/07/2025,08:34:41,10.82,8.0,20.69,9.99,32780,15,0,0,0,0
20/07/2025,08:40:28,10.82,8.0,20.69,9.99,32671,15,0,0,0,0
20/07/2025,08:46:14,10.82,8.0,20.69,9.99,32671,15,0,0,0,0
20/07/2025,08:52:02,10.82,8.0,20.69,9.99,32888,15,0,0,0,0
20/07/2025,08:57:49,10.82,8.02,20.69,9.99,32780,15,0,0,0,0
20/07/2025,09:03:36,10.82,8.02,20.69,9.99,32780,15,0,0,0,0
20/07/2025,09:09:23,10.81,7.99,20.69,9.99,32888,15,0,0,0,0
20/07/2025,09:15:09,10.82,8.0,20.69,9.99,33105,15,0,0,0,0
20/07/2025,09:20:57,10.82,8.0,20.69,9.99,32346,15,0,0,0,0
20/07/2025,09:26:43,10.83,8.0,20.69,9.99,32020,15,0,0,0,0
20/07/2025,09:32:31,10.83,7.99,20.69,9.99,31912,15,0,0,0,0
20/07/2025,09:38:18,10.83,8.0,20.69,9.99,32020,15,0,0,0,0
20/07/2025,09:44:04,10.84,8.01,20.69,9.99,31695,15,0,0,0,0
20/07/2025,09:49:52,10.83,8.0,20.69,9.99,31586,15,0,0,0,0
20/07/2025,09:55:38,10.84,7.98,20.69,9.99,32346,15,0,0,0,0
20/07/2025,10:01:26,10.84,7.98,20.69,9.99,31912,15,0,0,0,0
20/07/2025,10:07:12,10.84,7.99,20.69,9.99,32020,15,0,0,0,0
20/07/2025,10:12:59,10.83,7.99,20.69,9.99,31803,15,0,0,0,0
20/07/2025,10:18:47,10.83,8.0,20.69,9.99,31586,15,0,0,0,0
20/07/2025,10:24:33,10.83,7.99,20.69,9.99,31369,15,0,0,0,0
20/07/2025,10:30:21,10.82,7.99,20.69,9.99,31478,15,0,0,0,0
20/07/2025,10:36:07,10.81,7.97,20.69,9.99,31586,15,0,0,0,0
20/07/2025,10:41:55,10.8,7.97,20.72,9.99,31695,15,0,0,0,0
20/07/2025,10:47:42,10.8,7.97,20.72,9.99,32020,15,0,0,0,0
20/07/2025,10:53:28,10.8,7.97,20.72,9.99,32020,15,0,0,0,0
20/07/2025,10:59:16,10.8,7.98,20.75,9.99,31586,15,0,0,0,0
20/07/2025,11:05:02,10.8,7.95,20.78,9.99,31586,15,0,0,0,0
20/07/2025,11:10:50,10.81,7.95,20.78,9.99,31261,15,0,0,0,0
20/07/2025,11:16:36,10.81,7.95,20.78,9.99,30610,15,0,0,0,0
20/07/2025,11:22:23,10.82,7.96,20.8,9.99,30610,15,0,0,0,0
20/07/2025,11:28:11,10.82,7.96,20.83,9.99,30610,15,0,0,0,0
20/07/2025,11:33:57,10.83,7.95,20.86,9.99,30501,15,0,0,0,0
20/07/2025,11:39:45,10.83,7.96,20.86,9.99,30501,15,0,0,0,0
20/07/2025,11:45:31,10.83,7.95,20.86,9.99,30718,15,0,0,0,0
20/07/2025,11:51:18,10.84,7.94,20.88,9.99,30393,15,0,0,0,0
20/07/2025,11:57:06,10.84,7.94,20.88,9.99,30176,15,0,0,0,0
20/07/2025,12:02:52,10.84,7.94,20.91,9.99,30284,15,0,0,0,0
20/07/2025,12:08:40,10.85,7.94,20.91,9.99,30393,15,0,0,0,0
20/07/2025,12:14:26,10.85,7.94,20.91,9.99,29959,15,0,0,0,0
20/07/2025,12:20:13,10.85,7.93,20.91,9.99,29959,15,0,0,0,0
20/07/2025,12:26:00,10.85,7.93,20.91,9.99,30610,15,0,0,0,0
20/07/2025,12:31:47,10.85,7.95,20.88,9.99,30610,15,0,0,0,0
20/07/2025,12:37:35,10.85,7.93,20.88,9.99,30284,15,0,0,0,0
20/07/2025,12:43:21,10.84,7.95,20.88,9.99,30610,15,0,0,0,0
20/07/2025,12:49:08,10.85,7.93,20.91,9.99,30284,15,0,0,0,0
20/07/2025,12:54:55,10.85,7.92,20.91,9.99,30501,15,0,0,0,0
20/07/2025,13:00:42,10.85,7.94,20.91,9.99,30393,15,0,0,0,0
20/07/2025,13:06:29,10.85,7.93,20.91,9.99,30827,15,0,0,0,0
20/07/2025,13:12:16,10.85,7.92,20.91,9.99,30284,15,0,0,0,0
20/07/2025,13:18:03,10.85,7.94,20.88,9.99,30935,15,0,0,0,0
20/07/2025,13:23:50,10.85,7.93,20.91,9.99,31261,15,0,0,0,0
20/07/2025,13:29:37,10.85,7.93,20.94,9.99,31152,15,0,0,0,0
20/07/2025,13:35:24,10.85,7.93,20.94,9.99,31152,15,0,0,0,0
20/07/2025,13:41:11,10.84,7.94,20.94,9.99,31695,15,0,0,0,0
20/07/2025,13:46:58,10.84,7.94,20.94,9.99,31478,15,0,0,0,0
20/07/2025,13:52:45,10.84,7.95,20.94,9.99,31912,15,0,0,0,0
20/07/2025,13:58:31,10.85,7.94,20.94,9.99,31369,15,0,0,0,0
20/07/2025,14:04:19,10.85,7.95,20.94,9.99,31478,15,0,0,0,0
20/07/2025,14:10:06,10.84,7.95,20.94,9.99,31369,15,0,0,0,0
20/07/2025,14:15:53,10.85,7.93,20.96,9.99,31586,15,0,0,0,0
20/07/2025,14:21:40,10.84,7.93,20.96,9.99,31912,15,0,0,0,0
20/07/2025,14:27:26,10.84,7.93,20.96,9.99,31912,15,0,0,0,0
20/07/2025,14:33:14,10.84,7.93,20.94,9.99,31695,15,0,0,0,0
20/07/2025,14:39:01,10.84,7.92,20.96,9.99,31803,15,0,0,0,0
20/07/2025,14:44:48,10.84,7.91,20.99,9.99,31369,15,0,0,0,0
20/07/2025,14:50:35,10.85,7.93,20.99,9.99,31586,15,0,0,0,0
20/07/2025,14:56:21,10.84,7.93,20.99,9.99,31586,15,0,0,0,0
20/07/2025,15:02:09,10.85,7.93,21.02,9.99,31695,15,0,0,0,0
20/07/2025,15:07:55,10.85,7.93,20.99,9.99,31803,15,0,0,0,0
20/07/2025,15:13:43,10.85,7.92,20.99,9.99,31803,15,0,0,0,0
20/07/2025,15:19:30,10.84,7.93,21.04,9.99,32020,15,0,0,0,0
20/07/2025,15:25:16,10.84,7.91,21.04,9.99,31695,15,0,0,0,0
20/07/2025,15:31:04,10.85,7.92,21.04,9.99,31695,15,0,0,0,0
20/07/2025,15:36:50,10.85,7.91,21.04,9.99,32237,15,0,0,0,0
20/07/2025,15:42:38,10.85,7.92,21.04,9.99,31803,15,0,0,0,0
20/07/2025,15:48:24,10.85,7.93,21.02,9.99,32129,15,0,0,0,0
20/07/2025,15:54:11,10.85,7.92,21.04,9.99,31803,15,0,0,0,0
20/07/2025,15:59:58,10.84,7.92,21.07,9.99,31478,15,0,0,0,0
20/07/2025,16:05:45,10.85,7.91,21.04,9.99,31803,15,0,0,0,0
20/07/2025,16:11:33,10.84,7.91,21.07,9.99,31912,15,0,0,0,0
20/07/2025,16:17:19,10.85,7.92,21.07,9.99,31803,15,0,0,0,0
20/07/2025,16:23:06,10.84,7.93,21.04,9.99,31586,15,0,0,0,0
20/07/2025,16:28:53,10.84,7.94,21.04,9.99,31586,15,0,0,0,0
20/07/2025,16:34:40,10.85,7.93,21.07,9.99,31803,15,0,0,0,0
20/07/2025,16:40:27,10.84,7.93,21.07,9.99,31369,15,0,0,0,0
20/07/2025,16:46:14,10.85,7.93,21.07,9.99,31912,15,0,0,0,0
20/07/2025,16:52:01,10.84,7.92,21.04,9.99,31803,15,0,0,0,0
20/07/2025,16:57:48,10.85,7.92,21.07,9.99,31912,15,0,0,0,0
20/07/2025,17:03:35,10.85,7.93,21.07,9.99,31803,15,0,0,0,0
20/07/2025,17:09:22,10.85,7.93,21.07,9.99,31586,15,0,0,0,0
20/07/2025,17:15:09,10.85,7.91,21.07,9.99,31912,15,0,0,0,0
20/07/2025,17:20:57,10.85,7.93,21.04,9.99,31912,15,0,0,0,0
20/07/2025,17:26:43,10.85,7.92,21.07,9.99,31695,15,0,0,0,0
20/07/2025,17:32:30,10.85,7.92,21.07,9.99,31586,15,0,0,0,0
20/07/2025,17:38:17,10.85,7.93,21.07,9.99,31803,15,0,0,0,0
20/07/2025,17:44:04,10.84,7.9,21.07,9.99,32020,15,0,0,0,0
20/07/2025,17:49:52,10.84,7.93,21.1,9.99,31912,15,0,0,0,0
20/07/2025,17:55:38,10.83,7.92,21.1,9.99,31695,15,0,0,0,0
20/07/2025,18:01:25,10.82,7.91,21.1,9.99,31586,15,0,0,0,0
20/07/2025,18:07:12,10.82,7.91,21.13,9.99,31912,15,0,0,0,0
20/07/2025,18:12:59,10.82,7.92,21.15,9.99,31912,15,0,0,0,0
20/07/2025,18:18:46,10.82,7.91,21.15,9.99,31369,15,0,0,0,0
20/07/2025,18:24:33,10.82,7.91,21.18,9.99,31478,15,0,0,0,0
20/07/2025,18:30:20,10.83,7.91,21.21,9.99,30827,15,0,0,0,0
20/07/2025,18:36:07,10.83,7.92,21.21,9.99,31152,15,0,0,0,0
20/07/2025,18:41:54,10.83,7.89,21.21,9.99,31044,15,0,0,0,0
20/07/2025,18:47:41,10.84,7.91,21.21,9.99,30935,15,0,0,0,0
20/07/2025,18:53:28,10.84,7.91,21.26,9.99,30718,15,0,0,0,0
20/07/2025,18:59:15,10.84,7.92,21.26,9.99,30393,15,0,0,0,0
20/07/2025,19:05:02,10.84,7.92,21.29,9.99,30718,15,0,0,0,0
20/07/2025,19:10:49,10.84,7.91,21.26,9.99,30827,15,0,0,0,0
20/07/2025,19:16:36,10.84,7.91,21.26,9.99,30501,15,0,0,0,0
20/07/2025,19:22:23,10.84,7.91,21.26,9.99,30501,15,0,0,0,0
20/07/2025,19:28:09,10.85,7.91,21.26,9.99,30610,15,0,0,0,0
20/07/2025,19:33:57,10.85,7.91,21.31,9.99,31044,15,0,0,0,0
20/07/2025,19:39:44,10.85,7.91,21.31,9.99,30393,15,0,0,0,0
20/07/2025,19:45:31,10.84,7.89,21.34,9.99,30610,15,0,0,0,0
20/07/2025,19:51:18,10.85,7.9,21.34,9.99,30284,15,0,0,0,0
20/07/2025,19:57:04,10.85,7.9,21.34,9.99,30284,15,0,0,0,0
20/07/2025,20:02:52,10.84,7.9,21.34,9.99,30284,15,0,0,0,0
20/07/2025,20:08:38,10.85,7.89,21.34,9.99,30610,15,0,0,0,0
20/07/2025,20:14:26,10.85,7.91,21.37,9.99,30393,15,0,0,0,0
20/07/2025,20:20:13,10.84,7.9,21.4,9.99,30501,15,0,0,0,0
20/07/2025,20:25:59,10.84,7.91,21.4,9.99,30501,15,0,0,0,0
20/07/2025,20:31:47,10.84,7.91,21.4,9.99,30610,15,0,0,0,0
20/07/2025,20:37:33,10.84,7.89,21.4,9.99,30176,15,0,0,0,0
20/07/2025,20:43:21,10.84,7.91,21.42,9.99,30501,15,0,0,0,0
20/07/2025,20:49:08,10.84,7.9,21.42,9.99,30610,15,0,0,0,0
20/07/2025,20:54:55,10.85,7.89,21.42,9.99,29634,15,0,0,0,0
20/07/2025,21:00:42,10.85,7.9,21.45,9.99,29959,15,0,0,0,0
20/07/2025,21:06:28,10.86,7.9,21.45,9.99,29851,15,0,0,0,0
20/07/2025,21:12:16,10.86,7.91,21.45,9.99,29851,15,0,0,0,0
20/07/2025,21:18:02,10.86,7.9,21.45,9.99,30067,15,0,0,0,0
20/07/2025,21:23:50,10.87,7.89,21.45,9.99,29851,15,0,0,0,0
20/07/2025,21:29:37,10.87,7.89,21.4,9.99,29742,15,0,0,0,0
20/07/2025,21:35:23,10.86,7.92,21.4,9.99,29851,15,0,0,0,0
20/07/2025,21:41:11,10.87,7.91,21.4,9.99,30393,15,0,0,0,0
20/07/2025,21:46:57,10.87,7.92,21.4,9.99,30176,15,0,0,0,0
20/07/2025,21:52:45,10.87,7.9,21.4,9.99,30284,15,0,0,0,0
20/07/2025,21:58:31,10.88,7.92,21.37,9.99,30501,15,0,0,0,0
20/07/2025,22:04:18,10.88,7.92,21.34,9.99,30610,15,0,0,0,0
20/07/2025,22:10:06,10.88,7.9,21.34,9.99,30067,15,0,0,0,0
20/07/2025,22:15:52,10.88,7.91,21.31,9.99,30610,15,0,0,0,0
20/07/2025,22:21:40,10.88,7.91,21.23,9.99,30610,15,0,0,0,0
20/07/2025,22:27:26,10.87,7.92,21.21,9.99,30176,15,0,0,0,0
20/07/2025,22:33:13,10.87,7.92,21.21,9.99,30501,15,0,0,0,0
20/07/2025,22:39:01,10.87,7.91,21.15,9.99,30284,15,0,0,0,0
20/07/2025,22:44:47,10.87,7.94,21.13,9.99,30393,15,0,0,0,0
20/07/2025,22:50:35,10.87,7.93,21.1,9.99,30610,15,0,0,0,0
20/07/2025,22:56:21,10.87,7.93,21.1,9.99,30284,15,0,0,0,0
20/07/2025,23:02:08,10.87,7.93,21.02,9.99,30827,15,0,0,0,0
20/07/2025,23:07:55,10.87,7.94,21.02,9.99,30718,15,0,0,0,0
20/07/2025,23:13:42,10.87,7.93,21.02,9.99,30610,15,0,0,0,0
20/07/2025,23:19:30,10.86,7.94,20.96,9.99,30501,15,0,0,0,0
20/07/2025,23:25:16,10.87,7.94,20.94,9.99,30501,15,0,0,0,0
20/07/2025,23:31:03,10.87,7.94,20.91,9.99,30501,15,0,0,0,0
20/07/2025,23:36:50,10.87,7.94,20.88,9.99,30827,15,0,0,0,0
20/07/2025,23:42:37,10.86,7.95,20.86,9.99,30827,15,0,0,0,0
20/07/2025,23:48:25,10.87,7.95,20.86,9.99,30501,15,0,0,0,0
20/07/2025,23:54:11,10.86,7.93,20.83,9.99,30284,15,0,0,0,0
20/07/2025,23:59:59,10.86,7.96,20.86,9.99,30718,15,0,0,0,0
21/07/2025,00:00:00,10.86,7.96,20.86,9.99,30935,15,0,0,0,0
21/07/2025,00:05:46,10.86,7.94,20.83,9.99,30284,15,0,0,0,0
21/07/2025,00:11:33,10.86,7.96,20.83,9.99,30393,15,0,0,0,0
21/07/2025,00:17:20,10.85,7.95,20.8,9.99,30935,15,0,0,0,0
21/07/2025,00:23:07,10.85,7.96,20.8,9.99,30284,15,0,0,0,0
21/07/2025,00:28:55,10.85,7.98,20.8,9.99,30718,15,0,0,0,0
21/07/2025,00:34:41,10.85,7.95,20.78,9.99,30393,15,0,0,0,0
21/07/2025,00:40:28,10.85,7.95,20.75,9.99,30501,15,0,0,0,0
21/07/2025,00:46:15,10.85,7.96,20.75,9.99,30284,15,0,0,0,0
21/07/2025,00:52:02,10.85,7.96,20.75,9.99,30501,15,0,0,0,0
21/07/2025,00:57:49,10.85,7.98,20.75,9.99,30501,15,0,0,0,0
21/07/2025,01:03:36,10.85,7.97,20.72,9.99,30393,15,0,0,0,0
21/07/2025,01:09:22,10.85,7.98,20.72,9.99,30501,15,0,0,0,0
21/07/2025,01:15:10,10.85,7.97,20.72,9.99,30718,15,0,0,0,0
21/07/2025,01:20:57,10.85,7.96,20.72,9.99,30176,15,0,0,0,0
21/07/2025,01:26:44,10.85,7.97,20.72,9.99,30610,15,0,0,0,0
21/07/2025,01:32:31,10.85,7.97,20.72,9.99,30393,15,0,0,0,0
21/07/2025,01:38:17,10.85,7.98,20.72,9.99,30610,15,0,0,0,0
21/07/2025,01:44:05,10.85,7.99,20.69,9.99,30393,15,0,0,0,0
21/07/2025,01:49:51,10.84,7.97,20.69,9.99,30393,15,0,0,0,0
21/07/2025,01:55:39,10.85,7.98,20.69,9.99,30284,15,0,0,0,0
21/07/2025,02:01:26,10.85,7.97,20.69,9.99,30827,15,0,0,0,0
21/07/2025,02:07:12,10.85,7.98,20.69,9.99,30393,15,0,0,0,0
21/07/2025,02:13:00,10.85,7.98,20.69,9.99,30284,15,0,0,0,0
21/07/2025,02:18:46,10.85,7.96,20.69,9.99,30393,15,0,0,0,0
21/07/2025,02:24:34,10.86,7.97,20.69,9.99,29959,15,0,0,0,0
21/07/2025,02:30:20,10.85,7.96,20.69,9.99,30176,15,0,0,0,0
21/07/2025,02:36:07,10.85,7.98,20.69,9.99,30176,15,0,0,0,0
21/07/2025,02:41:55,10.87,7.97,20.69,9.99,30610,15,0,0,0,0
21/07/2025,02:47:41,10.86,7.98,20.69,9.99,30067,15,0,0,0,0
21/07/2025,02:53:29,10.85,7.98,20.69,9.99,30501,15,0,0,0,0
21/07/2025,02:59:15,10.85,7.98,20.69,9.99,30393,15,0,0,0,0
21/07/2025,03:05:02,10.85,7.98,20.69,9.99,30501,15,0,0,0,0
21/07/2025,03:10:50,10.85,7.98,20.69,9.99,30067,15,0,0,0,0
21/07/2025,03:16:36,10.85,7.98,20.69,9.99,30393,15,0,0,0,0
21/07/2025,03:22:24,10.85,7.98,20.69,9.99,29742,15,0,0,0,0
21/07/2025,03:28:10,10.85,7.98,20.69,9.99,30284,15,0,0,0,0
21/07/2025,03:33:58,10.85,8.0,20.69,9.99,30067,15,0,0,0,0
21/07/2025,03:39:45,10.85,7.98,20.69,9.99,30067,15,0,0,0,0
21/07/2025,03:45:31,10.85,7.99,20.69,9.99,30176,15,0,0,0,0
21/07/2025,03:51:19,10.85,7.99,20.69,9.99,30176,15,0,0,0,0
21/07/2025,03:57:05,10.85,7.99,20.69,9.99,30393,15,0,0,0,0
21/07/2025,04:02:53,10.84,7.99,20.69,9.99,30176,15,0,0,0,0
21/07/2025,04:08:40,10.84,8.0,20.69,9.99,30284,15,0,0,0,0
21/07/2025,04:14:26,10.84,7.98,20.69,9.99,29959,15,0,0,0,0
21/07/2025,04:20:14,10.84,7.98,20.69,9.99,30284,15,0,0,0,0
21/07/2025,04:26:00,10.84,7.99,20.69,9.99,30501,15,0,0,0,0
21/07/2025,04:31:48,10.84,7.99,20.69,9.99,30176,15,0,0,0,0
21/07/2025,04:37:34,10.84,7.98,20.69,9.99,30067,15,0,0,0,0
21/07/2025,04:43:21,10.83,7.99,20.69,9.99,30176,15,0,0,0,0
21/07/2025,04:49:09,10.83,7.99,20.69,9.99,30284,15,0,0,0,0
21/07/2025,04:54:55,10.84,7.99,20.69,9.99,29959,15,0,0,0,0
21/07/2025,05:00:43,10.84,7.99,20.69,9.99,30067,15,0,0,0,0
21/07/2025,05:06:29,10.84,7.98,20.69,9.99,29959,15,0,0,0,0
21/07/2025,05:12:16,10.84,7.99,20.69,9.99,29959,15,0,0,0,0
21/07/2025,05:18:03,10.84,8.0,20.69,9.99,29742,15,0,0,0,0
21/07/2025,05:23:50,10.84,7.99,20.69,9.99,29742,15,0,0,0,0
21/07/2025,05:29:38,10.84,7.99,20.69,9.99,29851,15,0,0,0,0
21/07/2025,05:35:24,10.84,7.99,20.69,9.99,29851,15,0,0,0,0
21/07/2025,05:41:11,10.84,7.99,20.69,9.99,29308,15,0,0,0,0
21/07/2025,05:46:58,10.84,8.0,20.69,9.99,29200,15,0,0,0,0
21/07/2025,05:52:45,10.84,8.0,20.69,9.99,29417,15,0,0,0,0
21/07/2025,05:58:33,10.84,7.99,20.69,9.99,29308,15,0,0,0,0
21/07/2025,06:04:19,10.84,8.0,20.69,9.99,29308,15,0,0,0,0
21/07/2025,06:10:06,10.84,8.0,20.69,9.99,29308,15,0,0,0,0
21/07/2025,06:15:53,10.84,7.99,20.69,9.99,29200,15,0,0,0,0
21/07/2025,06:21:40,10.84,8.0,20.69,9.99,29742,15,0,0,0,0
21/07/2025,06:27:27,10.84,7.99,20.69,9.99,29634,15,0,0,0,0
21/07/2025,06:33:14,10.83,8.01,20.69,9.99,29525,15,0,0,0,0
21/07/2025,06:39:00,10.83,8.0,20.69,9.99,29200,15,0,0,0,0
21/07/2025,06:44:48,10.84,8.01,20.69,9.99,29525,15,0,0,0,0
21/07/2025,06:50:34,10.84,8.0,20.69,9.99,29091,15,0,0,0,0
21/07/2025,06:56:22,10.84,8.0,20.69,9.99,28766,15,0,0,0,0
21/07/2025,07:02:09,10.84,8.01,20.69,9.99,29308,15,0,0,0,0
21/07/2025,07:07:56,10.85,8.01,20.69,9.99,29091,15,0,0,0,0
21/07/2025,07:13:43,10.84,8.0,20.69,9.99,29200,15,0,0,0,0
21/07/2025,07:19:29,10.84,8.0,20.69,9.99,29525,15,0,0,0,0
21/07/2025,07:25:17,10.84,8.0,20.69,9.99,29417,15,0,0,0,0
21/07/2025,07:31:03,10.84,8.0,20.69,9.99,29308,15,0,0,0,0
21/07/2025,07:36:51,10.84,8.01,20.69,9.99,28983,15,0,0,0,0
21/07/2025,07:42:38,10.85,8.02,20.69,9.99,28766,15,0,0,0,0
21/07/2025,07:48:24,10.84,8.0,20.69,9.99,29200,15,0,0,0,0
21/07/2025,07:54:12,10.85,8.01,20.69,9.99,28983,15,0,0,0,0
21/07/2025,07:59:58,10.85,8.01,20.69,9.99,28657,15,0,0,0,0
21/07/2025,08:05:46,10.85,8.01,20.69,9.99,28657,15,0,0,0,0
21/07/2025,08:11:32,10.85,8.01,20.69,9.99,28874,15,0,0,0,0
21/07/2025,08:17:19,10.85,8.02,20.69,9.99,28549,15,0,0,0,0
21/07/2025,08:23:07,10.85,8.02,20.69,9.99,28983,15,0,0,0,0
21/07/2025,08:28:53,10.85,8.01,20.69,9.99,28983,15,0,0,0,0
21/07/2025,08:34:41,10.84,8.02,20.69,9.99,29091,15,0,0,0,0
21/07/2025,08:40:27,10.84,8.01,20.69,9.99,29091,15,0,0,0,0
21/07/2025,08:46:14,10.84,8.0,20.69,9.99,28657,15,0,0,0,0
21/07/2025,08:52:02,10.84,8.04,20.69,9.99,28983,15,0,0,0,0
21/07/2025,08:57:48,10.84,8.02,20.69,9.99,29308,15,0,0,0,0
21/07/2025,09:03:36,10.84,8.02,20.69,9.99,28657,15,0,0,0,0
21/07/2025,09:09:22,10.84,8.01,20.69,9.99,28983,15,0,0,0,0
21/07/2025,09:15:09,10.84,8.02,20.69,9.99,28657,15,0,0,0,0
21/07/2025,09:20:56,10.84,8.02,20.69,9.99,28983,15,0,0,0,0
21/07/2025,09:26:43,10.84,8.0,20.69,9.99,28657,15,0,0,0,0
21/07/2025,09:32:31,10.85,8.03,20.69,9.99,28766,15,0,0,0,0
21/07/2025,09:38:17,10.85,8.02,20.69,9.99,28332,15,0,0,0,0
21/07/2025,09:44:04,10.85,7.99,20.69,9.99,28440,15,0,0,0,0
21/07/2025,09:49:51,10.84,8.0,20.69,9.99,28766,15,0,0,0,0
21/07/2025,09:55:38,10.84,8.01,20.69,9.99,28332,15,0,0,0,0
21/07/2025,10:01:26,10.84,7.98,20.69,9.99,28549,15,0,0,0,0
21/07/2025,10:07:12,10.84,8.0,20.69,9.99,28223,15,0,0,0,0
21/07/2025,10:12:59,10.83,8.0,20.69,9.99,27789,15,0,0,0,0
21/07/2025,10:18:46,10.83,8.0,20.69,9.99,27681,15,0,0,0,0
21/07/2025,10:24:33,10.83,7.99,20.69,9.99,27789,15,0,0,0,0
21/07/2025,10:30:21,10.83,7.99,20.69,9.99,27464,15,0,0,0,0
21/07/2025,10:36:07,10.83,8.0,20.69,9.99,28115,15,0,0,0,0
21/07/2025,10:41:55,10.83,7.99,20.69,9.99,27464,15,0,0,0,0
21/07/2025,10:47:41,10.83,7.97,20.69,9.99,27789,15,0,0,0,0
21/07/2025,10:53:28,10.83,7.99,20.69,9.99,27572,15,0,0,0,0
21/07/2025,10:59:16,10.83,7.98,20.69,9.99,27898,15,0,0,0,0
21/07/2025,11:05:02,10.83,7.99,20.72,9.99,27464,15,0,0,0,0
21/07/2025,11:10:50,10.83,7.98,20.72,9.99,26704,15,0,0,0,0
21/07/2025,11:16:36,10.83,7.98,20.75,9.99,26596,15,0,0,0,0
21/07/2025,11:22:23,10.83,7.99,20.75,9.99,26379,15,0,0,0,0
21/07/2025,11:28:11,10.83,7.97,20.75,9.99,26813,15,0,0,0,0
21/07/2025,11:33:57,10.83,7.96,20.78,9.99,26813,15,0,0,0,0
21/07/2025,11:39:45,10.83,7.96,20.78,9.99,26162,15,0,0,0,0
21/07/2025,11:45:31,10.84,7.95,20.8,9.99,25945,15,0,0,0,0
21/07/2025,11:51:18,10.84,7.96,20.83,9.99,26379,15,0,0,0,0
21/07/2025,11:57:05,10.83,7.95,20.83,9.99,25945,15,0,0,0,0
21/07/2025,12:02:52,10.83,7.96,20.83,9.99,26271,15,0,0,0,0
21/07/2025,12:08:40,10.83,7.96,20.86,9.99,26162,15,0,0,0,0
21/07/2025,12:14:26,10.83,7.94,20.88,9.99,26054,15,0,0,0,0
21/07/2025,12:20:13,10.83,7.95,20.88,9.99,25945,15,0,0,0,0
21/07/2025,12:26:00,10.83,7.93,20.88,9.99,26162,15,0,0,0,0
21/07/2025,12:31:47,10.83,7.94,20.94,9.99,26054,15,0,0,0,0
21/07/2025,12:37:35,10.83,7.93,20.94,9.99,25620,15,0,0,0,0
21/07/2025,12:43:21,10.83,7.94,20.96,9.99,25403,15,0,0,0,0
21/07/2025,12:49:08,10.83,7.93,20.99,9.99,26054,15,0,0,0,0
21/07/2025,12:54:55,10.83,7.94,21.04,9.99,26162,15,0,0,0,0
21/07/2025,13:00:42,10.84,7.93,21.04,9.99,25620,15,0,0,0,0
21/07/2025,13:06:29,10.84,7.95,21.07,9.99,25511,15,0,0,0,0
21/07/2025,13:12:16,10.84,7.93,21.1,9.99,25620,15,0,0,0,0
21/07/2025,13:18:03,10.84,7.92,21.13,9.99,25837,15,0,0,0,0
21/07/2025,13:23:50,10.84,7.92,21.13,9.99,25511,15,0,0,0,0
21/07/2025,13:29:37,10.84,7.92,21.15,9.99,25511,15,0,0,0,0
21/07/2025,13:35:24,10.84,7.93,21.18,9.99,25511,15,0,0,0,0
21/07/2025,13:41:11,10.84,7.92,21.18,9.99,25403,15,0,0,0,0
21/07/2025,13:46:59,10.84,7.91,21.18,9.99,25403,15,0,0,0,0
21/07/2025,13:52:45,10.85,7.91,21.21,9.99,25511,15,0,0,0,0
21/07/2025,13:58:32,10.84,7.92,21.23,9.99,25403,15,0,0,0,0
21/07/2025,14:04:19,10.84,7.93,21.23,9.99,25077,15,0,0,0,0
21/07/2025,14:10:06,10.84,7.92,21.23,9.99,25294,15,0,0,0,0
21/07/2025,14:15:54,10.84,7.92,21.31,9.99,25620,15,0,0,0,0
21/07/2025,14:21:40,10.84,7.9,21.34,9.99,25403,15,0,0,0,0
21/07/2025,14:27:27,10.84,7.91,21.34,9.99,25294,15,0,0,0,0
21/07/2025,14:33:14,10.84,7.92,21.34,9.99,25077,15,0,0,0,0
21/07/2025,14:39:01,10.85,7.9,21.37,9.99,25186,15,0,0,0,0
21/07/2025,14:44:48,10.85,7.9,21.4,9.99,24643,15,0,0,0,0
21/07/2025,14:50:35,10.84,7.91,21.4,9.99,24643,15,0,0,0,0
21/07/2025,14:56:22,10.84,7.91,21.42,9.99,24860,15,0,0,0,0
21/07/2025,15:02:09,10.84,7.9,21.42,9.99,24969,15,0,0,0,0
21/07/2025,15:07:56,10.84,7.9,21.42,9.99,24969,15,0,0,0,0
21/07/2025,15:13:43,10.84,7.89,21.42,9.99,24969,15,0,0,0,0
21/07/2025,15:19:30,10.85,7.89,21.45,9.99,24318,15,0,0,0,0
21/07/2025,15:25:16,10.84,7.89,21.45,9.99,24752,15,0,0,0,0
21/07/2025,15:31:04,10.84,7.9,21.5,9.99,24969,15,0,0,0,0
21/07/2025,15:36:51,10.85,7.91,21.5,9.99,24426,15,0,0,0,0
21/07/2025,15:42:38,10.85,7.89,21.5,9.99,24860,15,0,0,0,0
21/07/2025,15:48:25,10.84,7.89,21.53,9.99,24643,15,0,0,0,0
21/07/2025,15:54:11,10.84,7.89,21.53,9.99,24969,15,0,0,0,0
21/07/2025,15:59:59,10.84,7.89,21.53,9.99,24643,15,0,0,0,0
21/07/2025,16:05:46,10.84,7.9,21.53,9.99,24752,15,0,0,0,0
21/07/2025,16:11:33,10.84,7.89,21.53,9.99,24535,15,0,0,0,0
21/07/2025,16:17:20,10.84,7.89,21.56,9.99,24426,15,0,0,0,0
21/07/2025,16:23:06,10.84,7.89,21.56,9.99,24535,15,0,0,0,0
21/07/2025,16:28:54,10.84,7.89,21.56,9.99,24535,15,0,0,0,0
21/07/2025,16:34:40,10.84,7.88,21.58,9.99,24426,15,0,0,0,0
21/07/2025,16:40:28,10.84,7.89,21.64,9.99,24643,15,0,0,0,0
21/07/2025,16:46:15,10.84,7.9,21.64,9.99,23775,15,0,0,0,0
21/07/2025,16:52:01,10.85,7.87,21.69,9.99,23775,15,0,0,0,0
21/07/2025,16:57:49,10.85,7.89,21.69,9.99,23667,15,0,0,0,0
21/07/2025,17:03:35,10.85,7.9,21.69,9.99,23884,15,0,0,0,0
21/07/2025,17:09:23,10.85,7.87,21.69,9.99,23775,15,0,0,0,0
21/07/2025,17:15:09,10.85,7.89,21.69,9.99,23341,15,0,0,0,0
21/07/2025,17:20:57,10.85,7.89,21.66,9.99,23558,15,0,0,0,0
21/07/2025,17:26:44,10.86,7.88,21.66,9.99,23884,15,0,0,0,0
21/07/2025,17:32:30,10.86,7.88,21.61,9.99,23341,15,0,0,0,0
21/07/2025,17:38:18,10.86,7.87,21.61,9.99,23992,15,0,0,0,0
21/07/2025,17:44:04,10.87,7.88,21.61,9.99,23992,15,0,0,0,0
21/07/2025,17:49:52,10.86,7.89,21.61,9.99,23341,15,0,0,0,0
21/07/2025,17:55:39,10.86,7.88,21.56,9.99,24101,15,0,0,0,0
21/07/2025,18:01:25,10.86,7.88,21.56,9.99,23775,15,0,0,0,0
21/07/2025,18:07:13,10.86,7.88,21.56,9.99,24209,15,0,0,0,0
21/07/2025,18:12:59,10.86,7.9,21.53,9.99,24101,15,0,0,0,0
21/07/2025,18:18:47,10.87,7.9,21.5,9.99,23992,15,0,0,0,0
21/07/2025,18:24:33,10.87,7.9,21.48,9.99,24426,15,0,0,0,0
21/07/2025,18:30:20,10.87,7.9,21.45,9.99,23884,15,0,0,0,0
21/07/2025,18:36:08,10.87,7.9,21.42,9.99,23775,15,0,0,0,0
21/07/2025,18:41:54,10.87,7.9,21.42,9.99,24318,15,0,0,0,0
21/07/2025,18:47:42,10.87,7.91,21.42,9.99,24209,15,0,0,0,0
21/07/2025,18:53:28,10.87,7.9,21.37,9.99,23775,15,0,0,0,0
21/07/2025,18:59:15,10.87,7.91,21.34,9.99,24101,15,0,0,0,0
21/07/2025,19:05:02,10.87,7.92,21.34,9.99,23341,15,0,0,0,0
21/07/2025,19:10:49,10.87,7.9,21.29,9.99,23558,15,0,0,0,0
21/07/2025,19:16:37,10.87,7.93,21.29,9.99,23884,15,0,0,0,0
21/07/2025,19:22:23,10.88,7.9,21.26,9.99,23667,15,0,0,0,0
21/07/2025,19:28:10,10.87,7.92,21.23,9.99,23450,15,0,0,0,0
21/07/2025,19:33:57,10.87,7.92,21.23,9.99,23558,15,0,0,0,0
21/07/2025,19:39:44,10.87,7.91,21.23,9.99,23667,15,0,0,0,0
21/07/2025,19:45:31,10.87,7.93,21.18,9.99,23884,15,0,0,0,0
21/07/2025,19:51:18,10.87,7.92,21.15,9.99,23667,15,0,0,0,0
21/07/2025,19:57:05,10.86,7.92,21.15,9.99,23775,15,0,0,0,0
21/07/2025,20:02:52,10.86,7.92,21.15,9.99,23558,15,0,0,0,0
21/07/2025,20:08:39,10.86,7.92,21.13,9.99,23667,15,0,0,0,0
21/07/2025,20:14:27,10.86,7.93,21.13,9.99,23558,15,0,0,0,0
21/07/2025,20:20:13,10.86,7.94,21.13,9.99,23450,15,0,0,0,0
21/07/2025,20:26:00,10.85,7.92,21.13,9.99,23341,15,0,0,0,0
21/07/2025,20:31:47,10.85,7.93,21.15,9.99,23775,15,0,0,0,0
21/07/2025,20:37:34,10.85,7.92,21.15,9.99,23667,15,0,0,0,0
21/07/2025,20:43:21,10.85,7.92,21.15,9.99,23558,15,0,0,0,0
21/07/2025,20:49:08,10.85,7.92,21.15,9.99,23341,15,0,0,0,0
21/07/2025,20:54:56,10.86,7.93,21.15,9.99,23124,15,0,0,0,0
21/07/2025,21:00:42,10.87,7.92,21.13,9.99,22691,15,0,0,0,0
21/07/2025,21:06:29,10.88,7.92,21.13,9.99,22691,15,0,0,0,0
21/07/2025,21:12:16,10.88,7.93,21.13,9.99,22582,15,0,0,0,0
21/07/2025,21:18:03,10.89,7.93,21.13,9.99,22582,15,0,0,0,0
21/07/2025,21:23:50,10.89,7.93,21.13,9.99,23233,15,0,0,0,0
21/07/2025,21:29:37,10.89,7.92,21.1,9.99,22691,15,0,0,0,0
21/07/2025,21:35:24,10.89,7.93,21.1,9.99,22582,15,0,0,0,0
21/07/2025,21:41:11,10.88,7.94,21.1,9.99,22907,15,0,0,0,0
21/07/2025,21:46:58,10.87,7.93,21.1,9.99,23124,15,0,0,0,0
21/07/2025,21:52:45,10.86,7.94,21.1,9.99,23558,15,0,0,0,0
21/07/2025,21:58:32,10.85,7.92,21.1,9.99,23667,15,0,0,0,0
21/07/2025,22:04:19,10.85,7.93,21.15,9.99,24101,15,0,0,0,0
21/07/2025,22:10:06,10.85,7.93,21.15,9.99,23558,15,0,0,0,0
21/07/2025,22:15:53,10.86,7.93,21.18,9.99,23667,15,0,0,0,0
21/07/2025,22:21:40,10.87,7.93,21.15,9.99,23341,15,0,0,0,0
21/07/2025,22:27:27,10.87,7.93,21.1,9.99,23341,15,0,0,0,0
21/07/2025,22:33:13,10.88,7.95,21.1,9.99,22799,15,0,0,0,0
21/07/2025,22:39:01,10.88,7.94,21.07,9.99,22582,15,0,0,0,0
21/07/2025,22:44:48,10.88,7.94,20.99,9.99,23016,15,0,0,0,0
21/07/2025,22:50:35,10.88,7.93,20.96,9.99,23016,15,0,0,0,0
21/07/2025,22:56:22,10.88,7.95,20.94,9.99,23016,15,0,0,0,0
21/07/2025,23:02:08,10.87,7.94,20.91,9.99,23124,15,0,0,0,0
21/07/2025,23:07:56,10.86,7.94,20.91,9.99,23341,15,0,0,0,0
21/07/2025,23:13:43,10.86,7.95,20.91,9.99,23667,15,0,0,0,0
21/07/2025,23:19:30,10.85,7.95,20.91,9.99,23884,15,0,0,0,0
21/07/2025,23:25:17,10.84,7.94,20.91,9.99,23667,15,0,0,0,0
21/07/2025,23:31:03,10.84,7.95,20.88,9.99,23450,15,0,0,0,0
21/07/2025,23:36:51,10.84,7.96,20.88,9.99,23884,15,0,0,0,0
21/07/2025,23:42:37,10.85,7.96,20.88,9.99,23667,15,0,0,0,0
21/07/2025,23:48:25,10.85,7.95,20.86,9.99,23558,15,0,0,0,0
21/07/2025,23:54:12,10.85,7.95,20.86,9.99,23558,15,0,0,0,0
21/07/2025,23:59:59,10.86,7.96,20.86,9.99,23667,15,0,0,0,0
22/07/2025,00:00:00,10.86,7.96,20.86,9.99,23667,15,0,0,0,0
22/07/2025,00:05:47,10.87,7.95,20.86,9.99,23016,15,0,0,0,0
22/07/2025,00:11:33,10.87,7.96,20.83,9.99,23341,15,0,0,0,0
22/07/2025,00:17:21,10.87,7.96,20.83,9.99,23341,15,0,0,0,0
22/07/2025,00:23:07,10.88,7.95,20.83,9.99,23341,15,0,0,0,0
22/07/2025,00:28:55,10.88,7.96,20.83,9.99,23124,15,0,0,0,0
22/07/2025,00:34:42,10.88,7.95,20.8,9.99,23233,15,0,0,0,0
22/07/2025,00:40:28,10.88,7.95,20.8,9.99,23233,15,0,0,0,0
22/07/2025,00:46:16,10.89,7.95,20.8,9.99,23341,15,0,0,0,0
22/07/2025,00:52:02,10.88,7.93,20.78,9.99,22907,15,0,0,0,0
22/07/2025,00:57:50,10.88,7.94,20.78,9.99,23341,15,0,0,0,0
22/07/2025,01:03:36,10.88,7.94,20.78,9.99,23341,15,0,0,0,0
22/07/2025,01:09:23,10.89,7.96,20.78,9.99,23450,15,0,0,0,0
22/07/2025,01:15:10,10.89,7.96,20.75,9.99,23558,15,0,0,0,0
22/07/2025,01:20:57,10.88,7.96,20.75,9.99,23341,15,0,0,0,0
22/07/2025,01:26:45,10.87,7.97,20.75,9.99,23341,15,0,0,0,0
22/07/2025,01:32:31,10.87,7.96,20.75,9.99,23667,15,0,0,0,0
22/07/2025,01:38:18,10.86,7.95,20.75,9.99,23884,15,0,0,0,0
22/07/2025,01:44:05,10.85,7.95,20.75,9.99,23884,15,0,0,0,0
22/07/2025,01:49:52,10.84,7.95,20.75,9.99,23775,15,0,0,0,0
22/07/2025,01:55:39,10.84,7.95,20.75,9.99,23667,15,0,0,0,0
22/07/2025,02:01:26,10.84,7.97,20.75,9.99,23884,15,0,0,0,0
22/07/2025,02:07:13,10.84,7.97,20.75,9.99,23775,15,0,0,0,0
22/07/2025,02:13:00,10.85,7.96,20.75,9.99,23775,15,0,0,0,0
22/07/2025,02:18:47,10.85,7.95,20.75,9.99,23667,15,0,0,0,0
22/07/2025,02:24:34,10.85,7.96,20.75,9.99,23667,15,0,0,0,0
22/07/2025,02:30:21,10.86,7.94,20.75,9.99,23341,15,0,0,0,0
22/07/2025,02:36:08,10.86,7.95,20.75,9.99,23124,15,0,0,0,0
22/07/2025,02:41:55,10.87,7.94,20.75,9.99,23341,15,0,0,0,0
22/07/2025,02:47:42,10.88,7.95,20.75,9.99,23124,15,0,0,0,0
22/07/2025,02:53:29,10.88,7.96,20.75,9.99,23450,15,0,0,0,0
22/07/2025,02:59:16,10.88,7.96,20.75,9.99,23341,15,0,0,0,0
22/07/2025,03:05:02,10.88,7.96,20.75,9.99,23341,15,0,0,0,0
22/07/2025,03:10:50,10.89,7.97,20.72,9.99,23233,15,0,0,0,0
22/07/2025,03:16:37,10.89,7.98,20.72,9.99,23233,15,0,0,0,0
22/07/2025,03:22:24,10.89,7.95,20.72,9.99,23341,15,0,0,0,0
22/07/2025,03:28:11,10.89,7.97,20.72,9.99,22799,15,0,0,0,0
22/07/2025,03:33:58,10.89,7.98,20.72,9.99,23450,15,0,0,0,0
22/07/2025,03:39:45,10.88,7.96,20.72,9.99,23558,15,0,0,0,0
22/07/2025,03:45:31,10.87,7.98,20.69,9.99,23124,15,0,0,0,0
22/07/2025,03:51:19,10.86,7.97,20.69,9.99,23775,15,0,0,0,0
22/07/2025,03:57:06,10.86,7.96,20.69,9.99,23558,15,0,0,0,0
22/07/2025,04:02:53,10.84,7.97,20.69,9.99,23992,15,0,0,0,0
22/07/2025,04:08:40,10.84,7.97,20.69,9.99,23992,15,0,0,0,0
22/07/2025,04:14:26,10.82,7.97,20.69,9.99,24426,15,0,0,0,0
22/07/2025,04:20:14,10.82,7.96,20.72,9.99,24101,15,0,0,0,0
22/07/2025,04:26:00,10.82,7.96,20.72,9.99,24101,15,0,0,0,0
22/07/2025,04:31:48,10.82,7.96,20.75,9.99,23992,15,0,0,0,0
22/07/2025,04:37:35,10.82,7.95,20.75,9.99,24101,15,0,0,0,0
22/07/2025,04:43:21,10.83,7.97,20.78,9.99,24209,15,0,0,0,0
22/07/2025,04:49:09,10.85,7.95,20.78,9.99,23992,15,0,0,0,0
22/07/2025,04:54:55,10.85,7.95,20.8,9.99,23884,15,0,0,0,0
22/07/2025,05:00:43,10.86,7.94,20.8,9.99,23450,15,0,0,0,0
22/07/2025,05:06:30,10.86,7.96,20.8,9.99,23341,15,0,0,0,0
22/07/2025,05:12:16,10.87,7.94,20.8,9.99,23233,15,0,0,0,0
22/07/2025,05:18:04,10.87,7.95,20.8,9.99,23124,15,0,0,0,0
22/07/2025,05:23:50,10.88,7.93,20.8,9.99,22907,15,0,0,0,0
22/07/2025,05:29:38,10.88,7.94,20.8,9.99,23124,15,0,0,0,0
22/07/2025,05:35:24,10.88,7.93,20.8,9.99,23124,15,0,0,0,0
22/07/2025,05:41:11,10.9,7.96,20.8,9.99,22799,15,0,0,0,0
22/07/2025,05:46:59,10.89,7.96,20.8,9.99,22907,15,0,0,0,0
22/07/2025,05:52:45,10.88,7.96,20.8,9.99,22799,15,0,0,0,0
22/07/2025,05:58:33,10.89,7.96,20.8,9.99,22907,15,0,0,0,0
22/07/2025,06:04:19,10.89,7.95,20.8,9.99,22799,15,0,0,0,0
22/07/2025,06:10:06,10.89,7.96,20.8,9.99,22907,15,0,0,0,0
22/07/2025,06:15:54,10.89,7.97,20.8,9.99,23233,15,0,0,0,0
22/07/2025,06:21:40,10.88,7.96,20.78,9.99,22799,15,0,0,0,0
22/07/2025,06:27:28,10.88,7.95,20.78,9.99,22907,15,0,0,0,0
22/07/2025,06:33:14,10.88,7.96,20.78,9.99,22907,15,0,0,0,0
22/07/2025,06:39:01,10.86,7.96,20.78,9.99,23016,15,0,0,0,0
22/07/2025,06:44:48,10.86,7.97,20.78,9.99,23450,15,0,0,0,0
22/07/2025,06:50:35,10.86,7.96,20.78,9.99,23124,15,0,0,0,0
22/07/2025,06:56:23,10.85,7.97,20.78,9.99,23341,15,0,0,0,0
22/07/2025,07:02:09,10.85,7.96,20.78,9.99,23558,15,0,0,0,0
22/07/2025,07:07:57,10.85,7.96,20.8,9.99,23341,15,0,0,0,0
22/07/2025,07:13:43,10.86,7.95,20.8,9.99,23667,15,0,0,0,0
22/07/2025,07:19:30,10.86,7.94,20.8,9.99,23341,15,0,0,0,0
22/07/2025,07:25:18,10.87,7.96,20.8,9.99,22691,15,0,0,0,0
22/07/2025,07:31:04,10.87,7.98,20.8,9.99,22907,15,0,0,0,0
22/07/2025,07:36:52,10.88,7.97,20.78,9.99,22365,15,0,0,0,0
22/07/2025,07:42:38,10.88,7.96,20.8,9.99,22474,15,0,0,0,0
22/07/2025,07:48:25,10.89,7.97,20.8,9.99,22582,15,0,0,0,0
22/07/2025,07:54:12,10.89,7.96,20.8,9.99,22582,15,0,0,0,0
22/07/2025,07:59:59,10.89,7.96,20.78,9.99,22474,15,0,0,0,0
22/07/2025,08:05:47,10.89,7.98,20.78,9.99,22691,15,0,0,0,0
22/07/2025,08:11:33,10.89,7.97,20.78,9.99,22257,15,0,0,0,0
22/07/2025,08:17:20,10.9,7.95,20.78,9.99,22474,15,0,0,0,0
22/07/2025,08:23:07,10.89,7.96,20.75,9.99,22474,15,0,0,0,0
22/07/2025,08:28:54,10.89,7.96,20.72,9.99,22582,15,0,0,0,0
22/07/2025,08:34:41,10.89,7.97,20.75,9.99,22691,15,0,0,0,0
22/07/2025,08:40:28,10.88,7.98,20.75,9.99,23233,15,0,0,0,0
22/07/2025,08:46:15,10.87,7.97,20.75,9.99,22691,15,0,0,0,0
22/07/2025,08:52:02,10.86,7.97,20.75,9.99,23016,15,0,0,0,0
22/07/2025,08:57:49,10.85,7.98,20.75,9.99,23341,15,0,0,0,0
22/07/2025,09:03:36,10.85,7.98,20.75,9.99,23016,15,0,0,0,0
22/07/2025,09:09:23,10.85,7.98,20.75,9.99,22691,15,0,0,0,0
22/07/2025,09:15:10,10.85,7.96,20.78,9.99,22582,15,0,0,0,0
22/07/2025,09:20:57,10.86,7.98,20.8,9.99,22691,15,0,0,0,0
22/07/2025,09:26:44,10.87,7.96,20.83,9.99,22582,15,0,0,0,0
22/07/2025,09:32:31,10.87,7.95,20.83,9.99,22365,15,0,0,0,0
22/07/2025,09:38:18,10.88,7.96,20.86,9.99,21714,15,0,0,0,0
22/07/2025,09:44:04,10.88,7.94,20.86,9.99,21714,15,0,0,0,0
22/07/2025,09:49:52,10.88,7.95,20.88,9.99,21497,15,0,0,0,0
22/07/2025,09:55:39,10.89,7.95,20.91,9.99,21389,15,0,0,0,0
22/07/2025,10:01:26,10.89,7.94,20.94,9.99,21714,15,0,0,0,0
22/07/2025,10:07:13,10.89,7.96,20.96,9.99,21497,15,0,0,0,0
22/07/2025,10:12:59,10.89,7.95,20.96,9.99,21497,15,0,0,0,0
22/07/2025,10:18:47,10.89,7.94,20.96,9.99,20955,15,0,0,0,0
22/07/2025,10:24:34,10.89,7.95,20.99,9.99,20738,15,0,0,0,0
22/07/2025,10:30:21,10.89,7.93,21.02,9.99,21389,15,0,0,0,0
22/07/2025,10:36:08,10.88,7.94,21.02,9.99,21063,15,0,0,0,0
22/07/2025,10:41:55,10.88,7.93,21.07,9.99,20955,15,0,0,0,0
22/07/2025,10:47:42,10.87,7.93,21.07,9.99,21280,15,0,0,0,0
22/07/2025,10:53:28,10.87,7.93,21.1,9.99,20955,15,0,0,0,0
22/07/2025,10:59:16,10.87,7.93,21.13,9.99,20955,15,0,0,0,0
22/07/2025,11:05:03,10.86,7.92,21.18,9.99,20846,15,0,0,0,0
22/07/2025,11:10:50,10.86,7.93,21.18,9.99,20521,15,0,0,0,0
22/07/2025,11:16:37,10.86,7.93,21.23,9.99,20738,15,0,0,0,0
22/07/2025,11:22:23,10.86,7.93,21.29,9.99,21063,15,0,0,0,0
22/07/2025,11:28:11,10.86,7.92,21.34,9.99,20846,15,0,0,0,0
22/07/2025,11:33:58,10.85,7.91,21.37,9.99,21063,15,0,0,0,0
22/07/2025,11:39:45,10.85,7.9,21.45,9.99,20521,15,0,0,0,0
22/07/2025,11:45:32,10.86,7.92,21.48,9.99,20304,15,0,0,0,0
22/07/2025,11:51:18,10.86,7.92,21.48,9.99,20521,15,0,0,0,0
22/07/2025,11:57:06,10.86,7.9,21.5,9.99,20521,15,0,0,0,0
22/07/2025,12:02:52,10.86,7.89,21.5,9.99,20195,15,0,0,0,0
22/07/2025,12:08:40,10.86,7.89,21.5,9.99,20738,15,0,0,0,0
22/07/2025,12:14:27,10.86,7.9,21.56,9.99,20629,15,0,0,0,0
22/07/2025,12:20:13,10.86,7.89,21.61,9.99,20629,15,0,0,0,0
22/07/2025,12:26:01,10.85,7.89,21.64,9.99,21063,15,0,0,0,0
22/07/2025,12:31:47,10.85,7.9,21.64,9.99,20412,15,0,0,0,0
22/07/2025,12:37:35,10.86,7.89,21.69,9.99,20846,15,0,0,0,0
22/07/2025,12:43:22,10.86,7.89,21.69,9.99,20629,15,0,0,0,0
22/07/2025,12:49:08,10.85,7.89,21.69,9.99,20955,15,0,0,0,0
22/07/2025,12:54:56,10.85,7.9,21.69,9.99,20629,15,0,0,0,0
22/07/2025,13:00:42,10.85,7.89,21.72,9.99,20304,15,0,0,0,0
22/07/2025,13:06:30,10.85,7.88,21.72,9.99,20304,15,0,0,0,0
22/07/2025,13:12:16,10.86,7.89,21.72,9.99,20629,15,0,0,0,0
22/07/2025,13:18:03,10.86,7.88,21.72,9.99,20304,15,0,0,0,0
22/07/2025,13:23:51,10.86,7.87,21.72,9.99,20629,15,0,0,0,0
22/07/2025,13:29:37,10.86,7.88,21.75,9.99,20304,15,0,0,0,0
22/07/2025,13:35:25,10.85,7.88,21.77,9.99,20629,15,0,0,0,0
22/07/2025,13:41:11,10.86,7.87,21.77,9.99,20195,15,0,0,0,0
22/07/2025,13:46:59,10.85,7.89,21.77,9.99,20087,15,0,0,0,0
22/07/2025,13:52:46,10.85,7.88,21.77,9.99,20521,15,0,0,0,0
22/07/2025,13:58:32,10.85,7.87,21.8,9.99,20412,15,0,0,0,0
22/07/2025,14:04:20,10.85,7.87,21.77,9.99,20304,15,0,0,0,0
22/07/2025,14:10:06,10.85,7.87,21.8,9.99,20412,15,0,0,0,0
22/07/2025,14:15:54,10.85,7.87,21.8,9.99,20304,15,0,0,0,0
22/07/2025,14:21:40,10.84,7.87,21.83,9.99,20195,15,0,0,0,0
22/07/2025,14:27:27,10.84,7.87,21.83,9.99,20304,15,0,0,0,0
22/07/2025,14:33:14,10.84,7.86,21.83,9.99,20195,15,0,0,0,0
22/07/2025,14:39:01,10.85,7.86,21.83,9.99,20629,15,0,0,0,0
22/07/2025,14:44:49,10.84,7.87,21.83,9.99,19870,15,0,0,0,0
22/07/2025,14:50:35,10.84,7.86,21.83,9.99,20629,15,0,0,0,0
22/07/2025,14:56:22,10.84,7.87,21.83,9.99,20412,15,0,0,0,0
22/07/2025,15:02:09,10.84,7.85,21.85,9.99,19978,15,0,0,0,0
22/07/2025,15:07:56,10.84,7.86,21.85,9.99,19978,15,0,0,0,0
22/07/2025,15:13:43,10.84,7.85,21.85,9.99,20087,15,0,0,0,0
22/07/2025,15:19:30,10.84,7.86,21.85,9.99,20087,15,0,0,0,0
22/07/2025,15:25:17,10.84,7.85,21.88,9.99,20087,15,0,0,0,0
22/07/2025,15:31:04,10.84,7.85,21.88,9.99,20087,15,0,0,0,0
22/07/2025,15:36:51,10.83,7.86,21.88,9.99,20087,15,0,0,0,0
22/07/2025,15:42:38,10.84,7.86,21.88,9.99,19653,15,0,0,0,0
22/07/2025,15:48:25,10.84,7.86,21.88,9.99,19761,15,0,0,0,0
22/07/2025,15:54:11,10.84,7.85,21.88,9.99,19544,15,0,0,0,0
22/07/2025,15:59:59,10.84,7.85,21.88,9.99,19978,15,0,0,0,0
22/07/2025,16:05:46,10.84,7.85,21.88,9.99,19870,15,0,0,0,0
22/07/2025,16:11:33,10.84,7.84,21.88,9.99,19761,15,0,0,0,0
22/07/2025,16:17:20,10.84,7.85,21.88,9.99,20195,15,0,0,0,0
22/07/2025,16:23:06,10.84,7.85,21.88,9.99,19870,15,0,0,0,0
22/07/2025,16:28:54,10.84,7.85,21.88,9.99,19544,15,0,0,0,0
22/07/2025,16:34:41,10.84,7.83,21.88,9.99,19761,15,0,0,0,0
22/07/2025,16:40:28,10.85,7.85,21.88,9.99,19978,15,0,0,0,0
22/07/2025,16:46:15,10.85,7.84,21.88,9.99,19544,15,0,0,0,0
22/07/2025,16:52:01,10.85,7.85,21.88,9.99,19653,15,0,0,0,0
22/07/2025,16:57:49,10.85,7.85,21.88,9.99,19761,15,0,0,0,0
22/07/2025,17:03:35,10.84,7.85,21.88,9.99,19761,15,0,0,0,0
22/07/2025,17:09:23,10.85,7.85,21.88,9.99,19870,15,0,0,0,0
22/07/2025,17:15:10,10.85,7.83,21.88,9.99,19544,15,0,0,0,0
22/07/2025,17:20:57,10.84,7.82,21.88,9.99,19870,15,0,0,0,0
22/07/2025,17:26:44,10.85,7.84,21.88,9.99,19653,15,0,0,0,0
22/07/2025,17:32:30,10.85,7.83,21.88,9.99,19002,15,0,0,0,0
22/07/2025,17:38:18,10.85,7.86,21.88,9.99,19653,15,0,0,0,0
22/07/2025,17:44:04,10.84,7.84,21.88,9.99,19978,15,0,0,0,0
22/07/2025,17:49:52,10.85,7.85,21.88,9.99,19219,15,0,0,0,0
22/07/2025,17:55:39,10.85,7.83,21.88,9.99,19002,15,0,0,0,0
22/07/2025,18:01:25,10.84,7.84,21.88,9.99,19327,15,0,0,0,0
22/07/2025,18:07:13,10.85,7.85,21.88,9.99,19111,15,0,0,0,0
22/07/2025,18:12:59,10.85,7.84,21.88,9.99,19327,15,0,0,0,0
22/07/2025,18:18:47,10.85,7.84,21.88,9.99,18894,15,0,0,0,0
22/07/2025,18:24:33,10.85,7.84,21.88,9.99,19219,15,0,0,0,0
22/07/2025,18:30:20,10.86,7.85,21.88,9.99,19219,15,0,0,0,0
22/07/2025,18:36:08,10.86,7.83,21.88,9.99,19111,15,0,0,0,0
22/07/2025,18:41:54,10.86,7.85,21.88,9.99,19219,15,0,0,0,0
22/07/2025,18:47:42,10.87,7.85,21.88,9.99,19219,15,0,0,0,0
22/07/2025,18:53:28,10.87,7.85,21.88,9.99,19111,15,0,0,0,0
22/07/2025,18:59:15,10.87,7.85,21.88,9.99,19219,15,0,0,0,0
22/07/2025,19:05:02,10.87,7.85,21.88,9.99,19544,15,0,0,0,0
22/07/2025,19:10:49,10.87,7.84,21.88,9.99,19653,15,0,0,0,0
22/07/2025,19:16:37,10.88,7.86,21.88,9.99,19219,15,0,0,0,0
22/07/2025,19:22:23,10.88,7.87,21.88,9.99,19436,15,0,0,0,0
22/07/2025,19:28:10,10.88,7.86,21.85,9.99,19436,15,0,0,0,0
22/07/2025,19:33:57,10.88,7.86,21.85,9.99,19544,15,0,0,0,0
22/07/2025,19:39:44,10.88,7.88,21.85,9.99,19653,15,0,0,0,0
22/07/2025,19:45:31,10.88,7.86,21.83,9.99,19544,15,0,0,0,0
22/07/2025,19:51:18,10.88,7.88,21.83,9.99,19544,15,0,0,0,0
22/07/2025,19:57:05,10.88,7.88,21.8,9.99,19327,15,0,0,0,0
22/07/2025,20:02:52,10.88,7.86,21.8,9.99,19653,15,0,0,0,0
22/07/2025,20:08:39,10.88,7.87,21.77,9.99,19436,15,0,0,0,0
22/07/2025,20:14:26,10.88,7.88,21.77,9.99,19111,15,0,0,0,0
22/07/2025,20:20:13,10.88,7.87,21.77,9.99,19111,15,0,0,0,0
22/07/2025,20:26:00,10.87,7.9,21.75,9.99,19002,15,0,0,0,0
22/07/2025,20:31:47,10.87,7.89,21.72,9.99,19327,15,0,0,0,0
22/07/2025,20:37:34,10.87,7.89,21.72,9.99,19327,15,0,0,0,0
22/07/2025,20:43:21,10.87,7.9,21.72,9.99,19761,15,0,0,0,0
22/07/2025,20:49:08,10.87,7.9,21.69,9.99,19327,15,0,0,0,0
22/07/2025,20:54:55,10.87,7.9,21.69,9.99,19870,15,0,0,0,0
22/07/2025,21:00:42,10.87,7.9,21.69,9.99,19327,15,0,0,0,0
22/07/2025,21:06:29,10.88,7.91,21.66,9.99,18894,15,0,0,0,0
22/07/2025,21:12:16,10.88,7.88,21.66,9.99,19436,15,0,0,0,0
22/07/2025,21:18:03,10.88,7.9,21.64,9.99,19219,15,0,0,0,0
22/07/2025,21:23:50,10.88,7.91,21.61,9.99,18568,15,0,0,0,0
22/07/2025,21:29:37,10.9,7.89,21.56,9.99,18785,15,0,0,0,0
22/07/2025,21:35:23,10.89,7.92,21.56,9.99,18785,15,0,0,0,0
22/07/2025,21:41:11,10.88,7.91,21.56,9.99,18785,15,0,0,0,0
22/07/2025,21:46:58,10.88,7.91,21.56,9.99,19327,15,0,0,0,0
22/07/2025,21:52:45,10.87,7.91,21.53,9.99,19436,15,0,0,0,0
22/07/2025,21:58:32,10.87,7.91,21.53,9.99,19544,15,0,0,0,0
22/07/2025,22:04:18,10.88,7.92,21.5,9.99,19436,15,0,0,0,0
22/07/2025,22:10:06,10.88,7.92,21.45,9.99,19219,15,0,0,0,0
22/07/2025,22:15:53,10.89,7.91,21.42,9.99,19219,15,0,0,0,0
22/07/2025,22:21:40,10.9,7.92,21.07,9.99,18785,15,0,0,0,0
22/07/2025,22:27:27,10.89,7.93,21.31,9.99,18460,15,0,0,0,0
22/07/2025,22:33:13,10.89,7.93,21.31,9.99,19219,15,0,0,0,0
22/07/2025,22:39:01,10.89,7.92,21.23,9.99,18785,15,0,0,0,0
22/07/2025,22:44:47,10.88,7.93,21.21,9.99,19436,15,0,0,0,0
22/07/2025,22:50:35,10.86,7.95,21.18,9.99,19544,15,0,0,0,0
22/07/2025,22:56:22,10.85,7.93,21.15,9.99,19327,15,0,0,0,0
22/07/2025,23:02:08,10.85,7.94,21.13,9.99,19870,15,0,0,0,0
22/07/2025,23:07:56,10.84,7.95,21.1,9.99,19978,15,0,0,0,0
22/07/2025,23:13:42,10.86,7.93,21.13,9.99,19761,15,0,0,0,0
22/07/2025,23:19:30,10.84,7.94,21.1,9.99,20195,15,0,0,0,0
22/07/2025,23:25:17,10.84,7.94,21.1,9.99,20087,15,0,0,0,0
22/07/2025,23:31:03,10.84,7.95,21.13,9.99,20087,15,0,0,0,0
22/07/2025,23:36:51,10.85,7.95,21.13,9.99,19653,15,0,0,0,0
22/07/2025,23:42:37,10.85,7.93,21.13,9.99,19653,15,0,0,0,0
22/07/2025,23:48:25,10.85,7.94,21.13,9.99,19761,15,0,0,0,0
22/07/2025,23:54:11,10.85,7.93,21.13,9.99,18894,15,0,0,0,0
22/07/2025,23:59:59,10.86,7.95,21.07,9.99,19219,15,0,0,0,0
23/07/2025,00:00:00,10.86,7.95,21.07,9.99,19219,15,0,0,0,0
23/07/2025,00:05:47,10.86,7.94,21.04,9.99,19544,15,0,0,0,0
23/07/2025,00:11:33,10.87,7.96,21.04,9.99,19327,15,0,0,0,0
23/07/2025,00:17:21,10.87,7.94,21.02,9.99,19436,15,0,0,0,0
23/07/2025,00:23:07,10.88,7.96,21.02,9.99,19327,15,0,0,0,0
23/07/2025,00:28:54,10.88,7.95,20.99,9.99,19327,15,0,0,0,0
23/07/2025,00:34:41,10.88,7.94,20.99,9.99,19653,15,0,0,0,0
23/07/2025,00:40:28,10.88,7.94,20.96,9.99,19544,15,0,0,0,0
23/07/2025,00:46:16,10.88,7.96,20.91,9.99,19761,15,0,0,0,0
23/07/2025,00:52:02,10.88,7.97,20.91,9.99,19653,15,0,0,0,0
23/07/2025,00:57:49,10.89,7.96,20.88,9.99,19653,15,0,0,0,0
23/07/2025,01:03:36,10.89,7.96,20.88,9.99,19544,15,0,0,0,0
23/07/2025,01:09:23,10.89,7.97,20.88,9.99,19870,15,0,0,0,0
23/07/2025,01:15:10,10.88,7.96,20.86,9.99,19761,15,0,0,0,0
23/07/2025,01:20:57,10.89,7.96,20.86,9.99,19544,15,0,0,0,0
23/07/2025,01:26:44,10.89,7.96,20.83,9.99,20087,15,0,0,0,0
23/07/2025,01:32:31,10.89,7.97,20.8,9.99,19761,15,0,0,0,0
23/07/2025,01:38:18,10.89,7.97,20.8,9.99,19436,15,0,0,0,0
23/07/2025,01:44:05,10.88,7.96,20.8,9.99,19870,15,0,0,0,0
23/07/2025,01:49:52,10.88,7.97,20.8,9.99,19544,15,0,0,0,0
23/07/2025,01:55:38,10.88,7.97,20.78,9.99,19327,15,0,0,0,0
23/07/2025,02:01:26,10.88,7.97,20.75,9.99,19978,15,0,0,0,0
23/07/2025,02:07:13,10.89,7.98,20.75,9.99,19544,15,0,0,0,0
23/07/2025,02:13:00,10.88,7.97,20.75,9.99,19653,15,0,0,0,0
23/07/2025,02:18:47,10.89,7.96,20.75,9.99,19653,15,0,0,0,0
23/07/2025,02:24:33,10.88,7.97,20.75,9.99,19761,15,0,0,0,0
23/07/2025,02:30:21,10.88,7.97,20.72,9.99,19544,15,0,0,0,0
23/07/2025,02:36:08,10.89,7.97,20.72,9.99,19653,15,0,0,0,0
23/07/2025,02:41:55,10.89,7.99,20.72,9.99,19544,15,0,0,0,0
23/07/2025,02:47:42,10.88,7.98,20.72,9.99,19436,15,0,0,0,0
23/07/2025,02:53:28,10.87,7.96,20.72,9.99,19653,15,0,0,0,0
23/07/2025,02:59:16,10.86,7.98,20.72,9.99,19436,15,0,0,0,0
23/07/2025,03:05:02,10.85,7.97,20.72,9.99,19978,15,0,0,0,0
23/07/2025,03:10:50,10.85,7.98,20.72,9.99,20195,15,0,0,0,0
23/07/2025,03:16:37,10.84,7.98,20.72,9.99,20304,15,0,0,0,0
23/07/2025,03:22:23,10.84,7.95,20.72,9.99,20304,15,0,0,0,0
23/07/2025,03:28:11,10.84,7.99,20.72,9.99,20087,15,0,0,0,0
23/07/2025,03:33:57,10.84,7.98,20.72,9.99,20304,15,0,0,0,0
23/07/2025,03:39:45,10.84,7.97,20.72,9.99,20087,15,0,0,0,0
23/07/2025,03:45:31,10.84,7.96,20.75,9.99,19978,15,0,0,0,0
23/07/2025,03:51:18,10.85,7.97,20.75,9.99,20087,15,0,0,0,0
23/07/2025,03:57:06,10.86,7.97,20.75,9.99,19544,15,0,0,0,0
23/07/2025,04:02:52,10.87,7.97,20.78,9.99,20304,15,0,0,0,0
23/07/2025,04:08:40,10.87,7.98,20.75,9.99,19544,15,0,0,0,0
23/07/2025,04:14:26,10.88,7.97,20.75,9.99,19544,15,0,0,0,0
23/07/2025,04:20:13,10.88,7.97,20.75,9.99,19761,15,0,0,0,0
23/07/2025,04:26:00,10.88,7.97,20.75,9.99,19544,15,0,0,0,0
23/07/2025,04:31:47,10.88,7.97,20.72,9.99,19870,15,0,0,0,0
23/07/2025,04:37:35,10.89,7.98,20.75,9.99,19870,15,0,0,0,0
23/07/2025,04:43:21,10.89,7.98,20.75,9.99,19653,15,0,0,0,0
23/07/2025,04:49:08,10.89,7.97,20.75,9.99,19436,15,0,0,0,0
23/07/2025,04:54:55,10.89,7.98,20.72,9.99,19544,15,0,0,0,0
23/07/2025,05:00:42,10.89,7.98,20.72,9.99,19544,15,0,0,0,0
23/07/2025,05:06:30,10.89,7.97,20.72,9.99,19761,15,0,0,0,0
23/07/2025,05:12:16,10.89,7.99,20.72,9.99,19653,15,0,0,0,0
23/07/2025,05:18:03,10.89,7.99,20.69,9.99,19761,15,0,0,0,0
23/07/2025,05:23:50,10.89,7.98,20.69,9.99,19978,15,0,0,0,0
23/07/2025,05:29:37,10.89,7.98,20.69,9.99,19761,15,0,0,0,0
23/07/2025,05:35:24,10.89,8.0,20.69,9.99,19761,15,0,0,0,0
23/07/2025,05:41:11,10.89,7.98,20.69,9.99,19761,15,0,0,0,0
23/07/2025,05:46:58,10.88,7.99,20.69,9.99,19761,15,0,0,0,0
23/07/2025,05:52:45,10.87,7.99,20.69,9.99,19870,15,0,0,0,0
23/07/2025,05:58:32,10.86,7.99,20.69,9.99,19653,15,0,0,0,0
23/07/2025,06:04:19,10.85,8.0,20.69,9.99,20195,15,0,0,0,0
23/07/2025,06:10:06,10.85,7.97,20.69,9.99,19870,15,0,0,0,0
23/07/2025,06:15:53,10.84,7.97,20.72,9.99,20087,15,0,0,0,0
23/07/2025,06:21:40,10.84,7.99,20.72,9.99,19870,15,0,0,0,0
23/07/2025,06:27:27,10.85,7.99,20.72,9.99,20195,15,0,0,0,0
23/07/2025,06:33:14,10.85,7.98,20.72,9.99,19436,15,0,0,0,0
23/07/2025,06:39:01,10.85,7.96,20.72,9.99,19544,15,0,0,0,0
23/07/2025,06:44:47,10.86,7.98,20.72,9.99,19544,15,0,0,0,0
23/07/2025,06:50:35,10.87,7.98,20.72,9.99,19653,15,0,0,0,0
23/07/2025,06:56:21,10.87,7.96,20.72,9.99,19219,15,0,0,0,0
23/07/2025,07:02:09,10.87,7.97,20.72,9.99,19219,15,0,0,0,0
23/07/2025,07:07:56,10.87,7.97,20.72,9.99,19111,15,0,0,0,0
23/07/2025,07:13:42,10.87,7.99,20.72,9.99,19219,15,0,0,0,0
23/07/2025,07:19:30,10.88,7.97,20.72,9.99,19327,15,0,0,0,0
23/07/2025,07:25:16,10.87,7.99,20.72,9.99,19219,15,0,0,0,0
23/07/2025,07:31:04,10.87,7.98,20.72,9.99,19219,15,0,0,0,0
23/07/2025,07:36:51,10.86,7.98,20.72,9.99,19544,15,0,0,0,0
23/07/2025,07:42:37,10.87,7.99,20.72,9.99,19436,15,0,0,0,0
23/07/2025,07:48:25,10.86,7.99,20.72,9.99,19436,15,0,0,0,0
23/07/2025,07:54:11,10.87,7.99,20.72,9.99,19544,15,0,0,0,0
23/07/2025,07:59:59,10.86,7.99,20.72,9.99,19219,15,0,0,0,0
23/07/2025,08:05:45,10.86,8.0,20.72,9.99,19436,15,0,0,0,0
23/07/2025,08:11:32,10.86,7.99,20.72,9.99,19002,15,0,0,0,0
23/07/2025,08:17:20,10.86,7.99,20.72,9.99,19544,15,0,0,0,0
23/07/2025,08:23:06,10.86,7.98,20.72,9.99,19219,15,0,0,0,0
23/07/2025,08:28:53,10.86,8.0,20.72,9.99,19978,15,0,0,0,0
23/07/2025,08:34:40,10.86,7.99,20.72,9.99,19219,15,0,0,0,0
23/07/2025,08:40:27,10.86,7.98,20.72,9.99,19111,15,0,0,0,0
23/07/2025,08:46:15,10.85,7.99,20.72,9.99,18894,15,0,0,0,0
23/07/2025,08:52:01,10.86,7.96,20.75,9.99,19436,15,0,0,0,0
23/07/2025,08:57:48,10.85,7.98,20.75,9.99,19111,15,0,0,0,0
23/07/2025,09:03:35,10.86,7.96,20.78,9.99,19002,15,0,0,0,0
23/07/2025,09:09:22,10.86,7.98,20.8,9.99,19111,15,0,0,0,0
23/07/2025,09:15:09,10.86,7.98,20.83,9.99,18785,15,0,0,0,0
23/07/2025,09:20:56,10.86,7.98,20.86,9.99,18460,15,0,0,0,0
23/07/2025,09:26:43,10.86,7.96,20.88,9.99,18677,15,0,0,0,0
23/07/2025,09:32:30,10.87,7.96,20.91,9.99,18785,15,0,0,0,0
23/07/2025,09:38:17,10.87,7.97,20.94,9.99,18460,15,0,0,0,0
23/07/2025,09:44:05,10.88,7.97,20.96,9.99,18243,15,0,0,0,0
23/07/2025,09:49:51,10.88,7.95,21.02,9.99,18351,15,0,0,0,0
23/07/2025,09:55:38,10.89,7.96,21.04,9.99,18243,15,0,0,0,0
23/07/2025,10:01:25,10.89,7.95,21.07,9.99,18460,15,0,0,0,0
23/07/2025,10:07:12,10.89,7.95,21.1,9.99,18026,15,0,0,0,0
23/07/2025,10:13:00,10.89,7.95,21.13,9.99,18351,15,0,0,0,0
23/07/2025,10:18:46,10.89,7.93,21.15,9.99,18351,15,0,0,0,0
23/07/2025,10:24:33,10.89,7.93,21.18,9.99,18460,15,0,0,0,0
23/07/2025,10:30:21,10.89,7.94,21.18,9.99,18677,15,0,0,0,0
23/07/2025,10:36:07,10.89,7.95,21.21,9.99,18026,15,0,0,0,0
23/07/2025,10:41:55,10.89,7.93,21.23,9.99,18351,15,0,0,0,0
23/07/2025,10:47:41,10.88,7.93,21.29,9.99,18351,15,0,0,0,0
23/07/2025,10:53:28,10.89,7.94,21.31,9.99,18026,15,0,0,0,0
23/07/2025,10:59:16,10.88,7.92,21.34,9.99,18351,15,0,0,0,0
23/07/2025,11:05:02,10.88,7.92,21.34,9.99,18026,15,0,0,0,0
23/07/2025,11:10:50,10.88,7.93,21.4,9.99,18134,15,0,0,0,0
23/07/2025,11:16:36,10.88,7.93,21.4,9.99,18134,15,0,0,0,0
23/07/2025,11:22:23,10.87,7.91,21.45,9.99,18568,15,0,0,0,0
23/07/2025,11:28:11,10.86,7.91,21.53,9.99,18460,15,0,0,0,0
23/07/2025,11:33:57,10.86,7.92,21.53,9.99,18568,15,0,0,0,0
23/07/2025,11:39:45,10.86,7.91,21.58,9.99,18568,15,0,0,0,0
23/07/2025,11:45:31,10.86,7.91,21.58,9.99,18460,15,0,0,0,0
23/07/2025,11:51:18,10.86,7.91,21.61,9.99,18243,15,0,0,0,0
23/07/2025,11:57:06,10.86,7.9,21.64,9.99,18351,15,0,0,0,0
23/07/2025,12:02:52,10.86,7.91,21.66,9.99,17917,15,0,0,0,0
23/07/2025,12:08:40,10.86,7.9,21.66,9.99,18026,15,0,0,0,0
23/07/2025,12:14:26,10.85,7.9,21.69,9.99,17700,15,0,0,0,0
23/07/2025,12:20:13,10.86,7.91,21.72,9.99,17917,15,0,0,0,0
23/07/2025,12:26:01,10.86,7.88,21.75,9.99,17592,15,0,0,0,0
23/07/2025,12:31:47,10.86,7.89,21.75,9.99,17592,15,0,0,0,0
23/07/2025,12:37:35,10.86,7.88,21.75,9.99,17375,15,0,0,0,0
23/07/2025,12:43:21,10.86,7.88,21.75,9.99,17483,15,0,0,0,0
23/07/2025,12:49:08,10.86,7.88,21.77,9.99,17809,15,0,0,0,0
23/07/2025,12:54:55,10.86,7.9,21.77,9.99,18134,15,0,0,0,0
23/07/2025,13:00:42,10.86,7.88,21.77,9.99,18026,15,0,0,0,0
23/07/2025,13:06:30,10.86,7.89,21.77,9.99,18026,15,0,0,0,0
23/07/2025,13:12:16,10.85,7.89,21.8,9.99,17809,15,0,0,0,0
23/07/2025,13:18:03,10.86,7.87,21.83,9.99,17483,15,0,0,0,0
23/07/2025,13:23:50,10.85,7.87,21.83,9.99,17483,15,0,0,0,0
23/07/2025,13:29:37,10.86,7.87,21.83,9.99,17809,15,0,0,0,0
23/07/2025,13:35:25,10.86,7.89,21.83,9.99,17700,15,0,0,0,0
23/07/2025,13:41:11,10.86,7.87,21.83,9.99,17592,15,0,0,0,0
23/07/2025,13:46:58,10.85,7.88,21.85,9.99,17592,15,0,0,0,0
23/07/2025,13:52:45,10.85,7.86,21.85,9.99,17592,15,0,0,0,0
23/07/2025,13:58:32,10.85,7.86,21.85,9.99,17375,15,0,0,0,0
23/07/2025,14:04:20,10.85,7.87,21.85,9.99,17266,15,0,0,0,0
23/07/2025,14:10:06,10.85,7.88,21.85,9.99,17375,15,0,0,0,0
23/07/2025,14:15:53,10.85,7.88,21.85,9.99,17266,15,0,0,0,0
23/07/2025,14:21:41,10.84,7.87,21.85,9.99,17375,15,0,0,0,0
23/07/2025,14:27:27,10.84,7.86,21.85,9.99,17158,15,0,0,0,0
23/07/2025,14:33:15,10.84,7.86,21.88,9.99,17049,15,0,0,0,0
23/07/2025,14:39:01,10.83,7.87,21.88,9.99,16832,15,0,0,0,0
23/07/2025,14:44:48,10.83,7.87,21.88,9.99,17266,15,0,0,0,0
23/07/2025,14:50:36,10.83,7.86,21.88,9.99,17375,15,0,0,0,0
23/07/2025,14:56:22,10.84,7.85,21.88,9.99,17266,15,0,0,0,0
23/07/2025,15:02:10,10.84,7.86,21.88,9.99,17375,15,0,0,0,0
23/07/2025,15:07:56,10.83,7.87,21.88,9.99,17158,15,0,0,0,0
23/07/2025,15:13:43,10.84,7.86,21.88,9.99,16724,15,0,0,0,0
23/07/2025,15:19:30,10.84,7.86,21.88,9.99,17158,15,0,0,0,0
23/07/2025,15:25:17,10.85,7.85,21.88,9.99,17049,15,0,0,0,0
23/07/2025,15:31:05,10.85,7.86,21.88,9.99,17700,15,0,0,0,0
23/07/2025,15:36:51,10.85,7.84,21.88,9.99,17483,15,0,0,0,0
23/07/2025,15:42:38,10.85,7.84,21.88,9.99,17158,15,0,0,0,0
23/07/2025,15:48:25,10.85,7.86,21.88,9.99,16832,15,0,0,0,0
23/07/2025,15:54:12,10.87,7.85,21.88,9.99,17158,15,0,0,0,0
23/07/2025,15:59:59,10.86,7.86,21.88,9.99,17266,15,0,0,0,0
23/07/2025,16:05:46,10.86,7.85,21.88,9.99,17049,15,0,0,0,0
23/07/2025,16:11:33,10.86,7.87,21.88,9.99,17375,15,0,0,0,0
23/07/2025,16:17:20,10.86,7.86,21.88,9.99,16941,15,0,0,0,0
23/07/2025,16:23:07,10.86,7.85,21.88,9.99,16832,15,0,0,0,0
23/07/2025,16:28:53,10.86,7.86,21.88,9.99,16507,15,0,0,0,0
23/07/2025,16:34:41,10.87,7.86,21.88,9.99,16615,15,0,0,0,0
23/07/2025,16:40:28,10.86,7.85,21.88,9.99,16290,15,0,0,0,0
23/07/2025,16:46:15,10.87,7.85,21.88,9.99,16832,15,0,0,0,0
23/07/2025,16:52:02,10.87,7.86,21.88,9.99,16507,15,0,0,0,0
23/07/2025,16:57:48,10.87,7.86,21.88,9.99,16941,15,0,0,0,0
23/07/2025,17:03:36,10.87,7.87,21.88,9.99,16615,15,0,0,0,0
23/07/2025,17:09:22,10.87,7.86,21.88,9.99,16615,15,0,0,0,0
23/07/2025,17:15:10,10.87,7.87,21.88,9.99,16832,15,0,0,0,0
23/07/2025,17:20:57,10.87,7.87,21.88,9.99,16398,15,0,0,0,0
23/07/2025,17:26:43,10.87,7.86,21.88,9.99,16832,15,0,0,0,0
23/07/2025,17:32:31,10.87,7.86,21.88,9.99,16941,15,0,0,0,0
23/07/2025,17:38:17,10.88,7.86,21.88,9.99,17266,15,0,0,0,0
23/07/2025,17:44:05,10.88,7.86,21.88,9.99,16615,15,0,0,0,0
23/07/2025,17:49:52,10.88,7.86,21.88,9.99,17266,15,0,0,0,0
23/07/2025,17:55:38,10.89,7.86,21.88,9.99,17049,15,0,0,0,0
23/07/2025,18:01:26,10.89,7.86,21.85,9.99,17375,15,0,0,0,0
23/07/2025,18:07:12,10.89,7.86,21.85,9.99,17483,15,0,0,0,0
23/07/2025,18:13:00,10.89,7.87,21.85,9.99,17483,15,0,0,0,0
23/07/2025,18:18:46,10.89,7.85,21.85,9.99,17592,15,0,0,0,0
23/07/2025,18:24:33,10.89,7.86,21.85,9.99,17158,15,0,0,0,0
23/07/2025,18:30:21,10.89,7.88,21.85,9.99,18134,15,0,0,0,0
23/07/2025,18:36:07,10.89,7.86,21.85,9.99,17375,15,0,0,0,0
23/07/2025,18:41:55,10.89,7.89,21.85,9.99,17592,15,0,0,0,0
23/07/2025,18:47:41,10.89,7.89,21.83,9.99,17158,15,0,0,0,0
23/07/2025,18:53:28,10.89,7.89,21.83,9.99,17375,15,0,0,0,0
23/07/2025,18:59:15,10.89,7.89,21.83,9.99,17266,15,0,0,0,0
23/07/2025,19:05:02,10.89,7.9,21.8,9.99,17592,15,0,0,0,0
23/07/2025,19:10:50,10.89,7.89,21.8,9.99,17049,15,0,0,0,0
23/07/2025,19:16:36,10.9,7.89,21.8,9.99,17700,15,0,0,0,0
23/07/2025,19:22:23,10.9,7.9,21.8,9.99,17158,15,0,0,0,0
23/07/2025,19:28:10,10.9,7.9,21.77,9.99,16832,15,0,0,0,0
23/07/2025,19:33:57,10.9,7.89,21.77,9.99,17375,15,0,0,0,0
23/07/2025,19:39:45,10.91,7.9,21.75,9.99,17483,15,0,0,0,0
23/07/2025,19:45:31,10.91,7.89,21.75,9.99,17375,15,0,0,0,0
23/07/2025,19:51:18,10.91,7.91,21.72,9.99,17700,15,0,0,0,0
23/07/2025,19:57:05,10.9,7.89,21.72,9.99,17483,15,0,0,0,0
23/07/2025,20:02:52,10.91,7.91,21.66,9.99,17266,15,0,0,0,0
23/07/2025,20:08:39,10.91,7.92,21.66,9.99,17375,15,0,0,0,0
23/07/2025,20:14:26,10.91,7.91,21.64,9.99,17266,15,0,0,0,0
23/07/2025,20:20:13,10.91,7.91,21.64,9.99,17266,15,0,0,0,0
23/07/2025,20:26:00,10.91,7.91,21.58,9.99,17266,15,0,0,0,0
23/07/2025,20:31:47,10.9,7.92,21.58,9.99,17592,15,0,0,0,0
23/07/2025,20:37:34,10.9,7.92,21.58,9.99,17700,15,0,0,0,0
23/07/2025,20:43:21,10.9,7.92,21.58,9.99,17700,15,0,0,0,0
23/07/2025,20:49:08,10.9,7.92,21.56,9.99,17592,15,0,0,0,0
23/07/2025,20:54:55,10.91,7.93,21.56,9.99,17592,15,0,0,0,0
23/07/2025,21:00:42,10.91,7.91,21.56,9.99,17700,15,0,0,0,0
23/07/2025,21:06:29,10.91,7.93,21.53,9.99,17700,15,0,0,0,0
23/07/2025,21:12:16,10.92,7.93,21.5,9.99,17049,15,0,0,0,0
23/07/2025,21:18:02,10.91,7.93,21.48,9.99,17266,15,0,0,0,0
23/07/2025,21:23:50,10.92,7.94,21.48,9.99,17158,15,0,0,0,0
23/07/2025,21:29:37,10.92,7.93,21.48,9.99,16941,15,0,0,0,0
23/07/2025,21:35:24,10.9,7.92,21.48,9.99,17592,15,0,0,0,0
23/07/2025,21:41:11,10.89,7.93,21.45,9.99,17049,15,0,0,0,0
23/07/2025,21:46:57,10.88,7.93,21.45,9.99,18026,15,0,0,0,0
23/07/2025,21:52:45,10.87,7.93,21.48,9.99,18134,15,0,0,0,0
23/07/2025,21:58:31,10.86,7.92,21.5,9.99,18243,15,0,0,0,0
23/07/2025,22:04:19,10.86,7.94,21.53,9.99,17592,15,0,0,0,0
23/07/2025,22:10:06,10.87,7.91,21.53,9.99,18026,15,0,0,0,0
23/07/2025,22:15:52,10.89,7.93,21.53,9.99,17592,15,0,0,0,0
23/07/2025,22:21:40,10.9,7.92,21.53,9.99,17375,15,0,0,0,0
23/07/2025,22:27:26,10.91,7.92,21.48,9.99,16941,15,0,0,0,0
23/07/2025,22:33:14,10.91,7.93,21.45,9.99,16724,15,0,0,0,0
23/07/2025,22:39:00,10.92,7.94,21.42,9.99,16832,15,0,0,0,0
23/07/2025,22:44:47,10.91,7.94,21.34,9.99,16832,15,0,0,0,0
23/07/2025,22:50:35,10.92,7.94,21.29,9.99,17049,15,0,0,0,0
23/07/2025,22:56:21,10.92,7.94,21.26,9.99,16941,15,0,0,0,0
23/07/2025,23:02:09,10.92,7.94,21.21,9.99,17266,15,0,0,0,0
23/07/2025,23:07:55,10.91,7.96,21.1,9.99,17375,15,0,0,0,0
23/07/2025,23:13:42,10.91,7.95,21.1,9.99,17266,15,0,0,0,0
23/07/2025,23:19:29,10.9,7.94,21.13,9.99,17266,15,0,0,0,0
23/07/2025,23:25:16,10.9,7.96,21.1,9.99,17158,15,0,0,0,0
23/07/2025,23:31:04,10.89,7.97,21.1,9.99,17700,15,0,0,0,0
23/07/2025,23:36:50,10.89,7.96,21.1,9.99,17483,15,0,0,0,0
23/07/2025,23:42:37,10.88,7.97,21.1,9.99,17917,15,0,0,0,0
23/07/2025,23:48:24,10.88,7.95,21.04,9.99,17917,15,0,0,0,0
23/07/2025,23:54:11,10.88,7.96,21.07,9.99,18026,15,0,0,0,0
23/07/2025,23:59:59,10.88,7.94,21.07,9.99,17917,15,0,0,0,0
24/07/2025,00:00:00,10.88,7.94,21.07,9.99,17700,15,0,0,0,0
24/07/2025,00:05:46,10.88,7.95,21.07,9.99,18026,15,0,0,0,0
24/07/2025,00:11:33,10.88,7.98,21.07,9.99,17483,15,0,0,0,0
24/07/2025,00:17:20,10.89,7.97,21.07,9.99,17483,15,0,0,0,0
24/07/2025,00:23:07,10.9,7.95,21.04,9.99,17483,15,0,0,0,0
24/07/2025,00:28:54,10.9,7.94,21.02,9.99,17158,15,0,0,0,0
24/07/2025,00:34:41,10.91,7.96,21.02,9.99,17375,15,0,0,0,0
24/07/2025,00:40:28,10.91,7.95,21.02,9.99,17049,15,0,0,0,0
24/07/2025,00:46:15,10.92,7.95,20.99,9.99,17049,15,0,0,0,0
24/07/2025,00:52:02,10.92,7.97,20.96,9.99,17483,15,0,0,0,0
24/07/2025,00:57:49,10.93,7.97,20.96,9.99,17158,15,0,0,0,0
24/07/2025,01:03:36,10.93,7.98,20.91,9.99,16832,15,0,0,0,0
24/07/2025,01:09:23,10.93,7.99,20.88,9.99,17049,15,0,0,0,0
24/07/2025,01:15:10,10.93,7.98,20.88,9.99,17266,15,0,0,0,0
24/07/2025,01:20:57,10.93,7.97,20.88,9.99,17483,15,0,0,0,0
24/07/2025,01:26:44,10.93,7.98,20.83,9.99,17700,15,0,0,0,0
24/07/2025,01:32:31,10.93,7.97,20.83,9.99,18026,15,0,0,0,0
24/07/2025,01:38:18,10.93,7.98,20.8,9.99,17809,15,0,0,0,0
24/07/2025,01:44:05,10.93,7.96,20.8,9.99,17809,15,0,0,0,0
24/07/2025,01:49:52,10.93,7.98,20.8,9.99,17809,15,0,0,0,0
24/07/2025,01:55:39,10.93,7.99,20.8,9.99,18026,15,0,0,0,0
24/07/2025,02:01:26,10.93,8.0,20.78,9.99,17158,15,0,0,0,0
24/07/2025,02:07:12,10.93,8.0,20.78,9.99,17592,15,0,0,0,0
24/07/2025,02:13:00,10.93,7.98,20.75,9.99,17700,15,0,0,0,0
24/07/2025,02:18:47,10.93,7.98,20.75,9.99,17483,15,0,0,0,0
24/07/2025,02:24:34,10.93,7.99,20.72,9.99,17266,15,0,0,0,0
24/07/2025,02:30:21,10.93,8.0,20.72,9.99,17592,15,0,0,0,0
24/07/2025,02:36:07,10.93,7.98,20.72,9.99,17266,15,0,0,0,0
24/07/2025,02:41:55,10.93,8.01,20.72,9.99,17592,15,0,0,0,0
24/07/2025,02:47:42,10.93,7.99,20.72,9.99,17266,15,0,0,0,0
24/07/2025,02:53:29,10.92,7.99,20.72,9.99,17266,15,0,0,0,0
24/07/2025,02:59:16,10.92,8.0,20.72,9.99,17049,15,0,0,0,0
24/07/2025,03:05:02,10.93,8.0,20.72,9.99,17483,15,0,0,0,0
24/07/2025,03:10:50,10.93,7.99,20.72,9.99,17158,15,0,0,0,0
24/07/2025,03:16:37,10.93,7.99,20.72,9.99,17700,15,0,0,0,0
24/07/2025,03:22:24,10.93,8.01,20.72,9.99,17483,15,0,0,0,0
24/07/2025,03:28:11,10.93,8.0,20.69,9.99,17592,15,0,0,0,0
24/07/2025,03:33:57,10.93,8.0,20.72,9.99,17809,15,0,0,0,0
24/07/2025,03:39:45,10.93,8.01,20.69,9.99,17375,15,0,0,0,0
24/07/2025,03:45:32,10.93,8.0,20.69,9.99,17809,15,0,0,0,0
24/07/2025,03:51:19,10.93,8.01,20.69,9.99,17158,15,0,0,0,0
24/07/2025,03:57:06,10.93,8.0,20.69,9.99,17266,15,0,0,0,0
24/07/2025,04:02:52,10.93,8.01,20.69,9.99,17266,15,0,0,0,0
24/07/2025,04:08:40,10.93,8.02,20.69,9.99,17049,15,0,0,0,0
24/07/2025,04:14:27,10.93,8.01,20.69,9.99,17483,15,0,0,0,0
24/07/2025,04:20:14,10.93,8.0,20.69,9.99,17266,15,0,0,0,0
24/07/2025,04:26:01,10.93,8.01,20.69,9.99,17592,15,0,0,0,0
24/07/2025,04:31:47,10.92,8.01,20.69,9.99,17266,15,0,0,0,0
24/07/2025,04:37:35,10.91,8.0,20.69,9.99,17266,15,0,0,0,0
24/07/2025,04:43:21,10.9,8.02,20.69,9.99,17917,15,0,0,0,0
24/07/2025,04:49:09,10.89,8.01,20.69,9.99,17592,15,0,0,0,0
24/07/2025,04:54:56,10.89,8.01,20.69,9.99,17375,15,0,0,0,0
24/07/2025,05:00:42,10.89,8.03,20.69,9.99,17483,15,0,0,0,0
24/07/2025,05:06:30,10.89,8.0,20.69,9.99,17809,15,0,0,0,0
24/07/2025,05:12:16,10.89,8.0,20.69,9.99,17809,15,0,0,0,0
24/07/2025,05:18:04,10.89,7.99,20.69,9.99,17809,15,0,0,0,0
24/07/2025,05:23:50,10.89,8.0,20.69,9.99,17266,15,0,0,0,0
24/07/2025,05:29:37,10.89,8.01,20.69,9.99,17592,15,0,0,0,0
24/07/2025,05:35:25,10.89,8.0,20.69,9.99,17375,15,0,0,0,0
24/07/2025,05:41:11,10.89,8.01,20.69,9.99,17266,15,0,0,0,0
24/07/2025,05:46:59,10.9,8.0,20.72,9.99,17266,15,0,0,0,0
24/07/2025,05:52:45,10.9,7.99,20.72,9.99,17483,15,0,0,0,0
24/07/2025,05:58:32,10.91,8.0,20.72,9.99,17266,15,0,0,0,0
24/07/2025,06:04:20,10.91,7.99,20.72,9.99,17375,15,0,0,0,0
24/07/2025,06:10:06,10.92,8.01,20.72,9.99,17375,15,0,0,0,0
24/07/2025,06:15:54,10.92,8.01,20.72,9.99,17158,15,0,0,0,0
24/07/2025,06:21:41,10.92,8.0,20.72,9.99,17266,15,0,0,0,0
24/07/2025,06:27:27,10.92,8.0,20.72,9.99,17592,15,0,0,0,0
24/07/2025,06:33:15,10.93,8.0,20.72,9.99,16941,15,0,0,0,0
24/07/2025,06:39:01,10.93,8.0,20.72,9.99,17158,15,0,0,0,0
24/07/2025,06:44:49,10.93,8.0,20.72,9.99,17375,15,0,0,0,0
24/07/2025,06:50:35,10.93,8.01,20.72,9.99,17592,15,0,0,0,0
24/07/2025,06:56:22,10.93,8.01,20.72,9.99,17483,15,0,0,0,0
24/07/2025,07:02:10,10.92,8.01,20.69,9.99,16941,15,0,0,0,0
24/07/2025,07:07:56,10.91,8.01,20.69,9.99,17375,15,0,0,0,0
24/07/2025,07:13:44,10.9,7.99,20.69,9.99,17375,15,0,0,0,0
24/07/2025,07:19:30,10.9,8.0,20.69,9.99,17700,15,0,0,0,0
24/07/2025,07:25:17,10.9,7.99,20.69,9.99,17809,15,0,0,0,0
24/07/2025,07:31:05,10.89,8.01,20.69,9.99,17266,15,0,0,0,0
24/07/2025,07:36:51,10.89,7.99,20.72,9.99,17483,15,0,0,0,0
24/07/2025,07:42:39,10.9,8.0,20.72,9.99,17266,15,0,0,0,0
24/07/2025,07:48:25,10.89,8.0,20.69,9.99,17375,15,0,0,0,0
24/07/2025,07:54:12,10.89,8.01,20.72,9.99,17375,15,0,0,0,0
24/07/2025,07:59:59,10.89,7.99,20.72,9.99,17266,15,0,0,0,0
24/07/2025,08:05:46,10.89,8.01,20.72,9.99,17266,15,0,0,0,0
24/07/2025,08:11:34,10.9,8.01,20.72,9.99,17375,15,0,0,0,0
24/07/2025,08:17:20,10.9,7.99,20.72,9.99,16832,15,0,0,0,0
24/07/2025,08:23:07,10.9,8.01,20.72,9.99,17266,15,0,0,0,0
24/07/2025,08:28:54,10.9,8.0,20.72,9.99,17049,15,0,0,0,0
24/07/2025,08:34:41,10.91,7.99,20.72,9.99,16941,15,0,0,0,0
24/07/2025,08:40:28,10.9,8.01,20.72,9.99,17158,15,0,0,0,0
24/07/2025,08:46:15,10.9,7.99,20.72,9.99,17158,15,0,0,0,0
24/07/2025,08:52:02,10.9,8.01,20.72,9.99,16507,15,0,0,0,0
24/07/2025,08:57:49,10.9,7.98,20.75,9.99,16724,15,0,0,0,0
24/07/2025,09:03:36,10.9,7.99,20.75,9.99,16398,15,0,0,0,0
24/07/2025,09:09:23,10.9,7.99,20.75,9.99,16615,15,0,0,0,0
24/07/2025,09:15:10,10.9,8.0,20.75,9.99,17049,15,0,0,0,0
24/07/2025,09:20:57,10.9,8.0,20.78,9.99,16941,15,0,0,0,0
24/07/2025,09:26:44,10.92,7.98,20.78,9.99,16507,15,0,0,0,0
24/07/2025,09:32:31,10.9,7.97,20.8,9.99,16724,15,0,0,0,0
24/07/2025,09:38:18,10.91,7.97,20.8,9.99,16724,15,0,0,0,0
24/07/2025,09:44:05,10.91,7.99,20.83,9.99,16507,15,0,0,0,0
24/07/2025,09:49:51,10.91,7.98,20.86,9.99,16941,15,0,0,0,0
24/07/2025,09:55:39,10.92,7.98,20.88,9.99,16832,15,0,0,0,0
24/07/2025,10:01:26,10.92,7.97,20.88,9.99,17158,15,0,0,0,0
24/07/2025,10:07:13,10.92,7.98,20.91,9.99,16615,15,0,0,0,0
24/07/2025,10:13:00,10.92,7.97,20.94,9.99,16398,15,0,0,0,0
24/07/2025,10:18:46,10.92,7.99,20.94,9.99,16398,15,0,0,0,0
24/07/2025,10:24:34,10.91,7.97,20.96,9.99,16290,15,0,0,0,0
24/07/2025,10:30:20,10.91,7.97,21.02,9.99,16398,15,0,0,0,0
24/07/2025,10:36:08,10.91,7.94,21.02,9.99,15964,15,0,0,0,0
24/07/2025,10:41:55,10.91,7.95,21.07,9.99,16290,15,0,0,0,0
24/07/2025,10:47:41,10.91,7.98,21.1,9.99,16724,15,0,0,0,0
24/07/2025,10:53:29,10.91,7.96,21.15,9.99,16941,15,0,0,0,0
24/07/2025,10:59:15,10.91,7.96,21.21,9.99,16507,15,0,0,0,0
24/07/2025,11:05:03,10.91,7.96,21.23,9.99,16181,15,0,0,0,0
24/07/2025,11:10:49,10.91,7.95,21.26,9.99,16724,15,0,0,0,0
24/07/2025,11:16:36,10.9,7.96,21.26,9.99,16290,15,0,0,0,0
24/07/2025,11:22:24,10.89,7.94,21.31,9.99,16073,15,0,0,0,0
24/07/2025,11:28:10,10.89,7.93,21.34,9.99,16290,15,0,0,0,0
24/07/2025,11:33:58,10.89,7.94,21.34,9.99,16507,15,0,0,0,0
24/07/2025,11:39:44,10.89,7.93,21.42,9.99,16398,15,0,0,0,0
24/07/2025,11:45:31,10.89,7.93,21.45,9.99,16724,15,0,0,0,0
24/07/2025,11:51:19,10.89,7.93,21.5,9.99,16507,15,0,0,0,0
24/07/2025,11:57:05,10.89,7.92,21.53,9.99,16181,15,0,0,0,0
24/07/2025,12:02:53,10.89,7.94,21.56,9.99,16507,15,0,0,0,0
24/07/2025,12:08:40,10.89,7.92,21.61,9.99,16290,15,0,0,0,0
24/07/2025,12:14:27,10.89,7.93,21.64,9.99,16073,15,0,0,0,0
24/07/2025,12:20:14,10.89,7.92,21.64,9.99,15964,15,0,0,0,0
24/07/2025,12:26:00,10.89,7.92,21.66,9.99,16507,15,0,0,0,0
24/07/2025,12:31:48,10.89,7.92,21.69,9.99,16290,15,0,0,0,0
24/07/2025,12:37:34,10.89,7.9,21.72,9.99,16290,15,0,0,0,0
24/07/2025,12:43:22,10.89,7.9,21.72,9.99,16073,15,0,0,0,0
24/07/2025,12:49:09,10.9,7.91,21.75,9.99,16073,15,0,0,0,0
24/07/2025,12:54:55,10.9,7.92,21.77,9.99,15856,15,0,0,0,0
24/07/2025,13:00:43,10.9,7.9,21.8,9.99,15747,15,0,0,0,0
24/07/2025,13:06:29,10.9,7.89,21.8,9.99,15531,15,0,0,0,0
24/07/2025,13:12:17,10.9,7.88,21.83,9.99,15747,15,0,0,0,0
24/07/2025,13:18:04,10.9,7.9,21.83,9.99,15639,15,0,0,0,0
24/07/2025,13:23:50,10.9,7.92,21.83,9.99,15531,15,0,0,0,0
24/07/2025,13:29:38,10.9,7.91,21.83,9.99,15747,15,0,0,0,0
24/07/2025,13:35:24,10.9,7.89,21.83,9.99,15639,15,0,0,0,0
24/07/2025,13:41:12,10.9,7.89,21.83,9.99,15531,15,0,0,0,0
24/07/2025,13:46:59,10.9,7.89,21.83,9.99,15531,15,0,0,0,0
24/07/2025,13:52:45,10.9,7.9,21.83,9.99,15856,15,0,0,0,0
24/07/2025,13:58:33,10.9,7.89,21.83,9.99,15747,15,0,0,0,0
24/07/2025,14:04:19,10.9,7.88,21.85,9.99,15531,15,0,0,0,0
24/07/2025,14:10:07,10.89,7.89,21.85,9.99,15964,15,0,0,0,0
24/07/2025,14:15:53,10.9,7.88,21.85,9.99,15531,15,0,0,0,0
24/07/2025,14:21:40,10.9,7.88,21.85,9.99,15964,15,0,0,0,0
24/07/2025,14:27:28,10.89,7.89,21.85,9.99,15531,15,0,0,0,0
24/07/2025,14:33:14,10.9,7.89,21.85,9.99,15422,15,0,0,0,0
24/07/2025,14:39:02,10.9,7.88,21.85,9.99,15314,15,0,0,0,0
24/07/2025,14:44:48,10.9,7.9,21.85,9.99,15097,15,0,0,0,0
24/07/2025,14:50:35,10.9,7.89,21.85,9.99,15314,15,0,0,0,0
24/07/2025,14:56:22,10.9,7.89,21.85,9.99,15205,15,0,0,0,0
24/07/2025,15:02:09,10.9,7.89,21.85,9.99,15531,15,0,0,0,0
24/07/2025,15:07:57,10.9,7.88,21.85,9.99,15422,15,0,0,0,0
24/07/2025,15:13:43,10.9,7.89,21.85,9.99,15097,15,0,0,0,0
24/07/2025,15:19:30,10.9,7.88,21.85,9.99,15314,15,0,0,0,0
24/07/2025,15:25:17,10.9,7.88,21.85,9.99,15314,15,0,0,0,0
24/07/2025,15:31:04,10.9,7.87,21.85,9.99,15205,15,0,0,0,0
24/07/2025,15:36:52,10.9,7.88,21.85,9.99,15639,15,0,0,0,0
24/07/2025,15:42:38,10.9,7.87,21.85,9.99,15422,15,0,0,0,0
24/07/2025,15:48:25,10.9,7.89,21.85,9.99,15422,15,0,0,0,0
24/07/2025,15:54:12,10.9,7.87,21.85,9.99,15205,15,0,0,0,0
24/07/2025,15:59:59,10.9,7.89,21.85,9.99,15314,15,0,0,0,0
24/07/2025,16:05:46,10.89,7.89,21.85,9.99,15314,15,0,0,0,0
24/07/2025,16:11:33,10.89,7.87,21.85,9.99,14880,15,0,0,0,0
24/07/2025,16:17:20,10.89,7.88,21.85,9.99,14880,15,0,0,0,0
24/07/2025,16:23:07,10.89,7.87,21.85,9.99,15314,15,0,0,0,0
24/07/2025,16:28:54,10.89,7.88,21.85,9.99,14880,15,0,0,0,0
24/07/2025,16:34:41,10.89,7.88,21.85,9.99,14880,15,0,0,0,0
24/07/2025,16:40:28,10.88,7.88,21.85,9.99,14988,15,0,0,0,0
24/07/2025,16:46:14,10.88,7.87,21.85,9.99,15422,15,0,0,0,0
24/07/2025,16:52:02,10.88,7.86,21.88,9.99,15205,15,0,0,0,0
24/07/2025,16:57:49,10.88,7.88,21.88,9.99,15314,15,0,0,0,0
24/07/2025,17:03:36,10.87,7.87,21.88,9.99,14880,15,0,0,0,0
24/07/2025,17:09:23,10.88,7.86,21.88,9.99,14663,15,0,0,0,0
24/07/2025,17:15:09,10.88,7.87,21.88,9.99,15205,15,0,0,0,0
24/07/2025,17:20:57,10.88,7.87,21.88,9.99,14880,15,0,0,0,0
24/07/2025,17:26:43,10.89,7.87,21.88,9.99,14988,15,0,0,0,0
24/07/2025,17:32:31,10.89,7.87,21.88,9.99,14663,15,0,0,0,0
24/07/2025,17:38:18,10.89,7.87,21.88,9.99,14880,15,0,0,0,0
24/07/2025,17:44:04,10.89,7.87,21.88,9.99,14771,15,0,0,0,0
24/07/2025,17:49:52,10.89,7.88,21.88,9.99,14771,15,0,0,0,0
24/07/2025,17:55:38,10.9,7.86,21.88,9.99,14663,15,0,0,0,0
24/07/2025,18:01:26,10.9,7.88,21.88,9.99,14771,15,0,0,0,0
24/07/2025,18:07:13,10.9,7.86,21.88,9.99,14880,15,0,0,0,0
24/07/2025,18:12:59,10.9,7.87,21.88,9.99,14771,15,0,0,0,0
24/07/2025,18:18:47,10.91,7.88,21.88,9.99,14880,15,0,0,0,0
24/07/2025,18:24:33,10.91,7.87,21.85,9.99,14663,15,0,0,0,0
24/07/2025,18:30:21,10.91,7.89,21.85,9.99,15205,15,0,0,0,0
24/07/2025,18:36:08,10.92,7.89,21.85,9.99,14663,15,0,0,0,0
24/07/2025,18:41:54,10.92,7.88,21.85,9.99,14771,15,0,0,0,0
24/07/2025,18:47:42,10.92,7.9,21.85,9.99,14554,15,0,0,0,0
24/07/2025,18:53:28,10.93,7.88,21.85,9.99,14880,15,0,0,0,0
24/07/2025,18:59:16,10.92,7.89,21.85,9.99,14663,15,0,0,0,0
24/07/2025,19:05:02,10.93,7.87,21.85,9.99,15097,15,0,0,0,0
24/07/2025,19:10:49,10.93,7.88,21.83,9.99,14880,15,0,0,0,0
24/07/2025,19:16:37,10.93,7.88,21.83,9.99,15097,15,0,0,0,0
24/07/2025,19:22:23,10.93,7.9,21.83,9.99,14880,15,0,0,0,0
24/07/2025,19:28:11,10.93,7.9,21.8,9.99,14663,15,0,0,0,0
24/07/2025,19:33:57,10.93,7.89,21.8,9.99,14988,15,0,0,0,0
24/07/2025,19:39:44,10.93,7.9,21.8,9.99,14771,15,0,0,0,0
24/07/2025,19:45:31,10.94,7.9,21.77,9.99,14554,15,0,0,0,0
24/07/2025,19:51:18,10.94,7.93,21.77,9.99,15097,15,0,0,0,0
24/07/2025,19:57:05,10.93,7.9,21.75,9.99,14880,15,0,0,0,0
24/07/2025,20:02:52,10.93,7.91,21.75,9.99,14880,15,0,0,0,0
24/07/2025,20:08:39,10.94,7.91,21.69,9.99,15097,15,0,0,0,0
24/07/2025,20:14:26,10.94,7.91,21.69,9.99,14771,15,0,0,0,0
24/07/2025,20:20:13,10.93,7.9,21.64,9.99,14880,15,0,0,0,0
24/07/2025,20:26:00,10.93,7.91,21.61,9.99,14663,15,0,0,0,0
24/07/2025,20:31:47,10.92,7.92,21.61,9.99,15097,15,0,0,0,0
24/07/2025,20:37:34,10.94,7.9,21.64,9.99,14880,15,0,0,0,0
24/07/2025,20:43:21,10.92,7.92,21.61,9.99,15422,15,0,0,0,0
24/07/2025,20:49:08,10.92,7.92,21.61,9.99,15097,15,0,0,0,0
24/07/2025,20:54:55,10.92,7.93,21.64,9.99,15097,15,0,0,0,0
24/07/2025,21:00:42,10.92,7.93,21.61,9.99,14663,15,0,0,0,0
24/07/2025,21:06:28,10.93,7.92,21.58,9.99,14880,15,0,0,0,0
24/07/2025,21:12:16,10.93,7.94,21.58,9.99,14771,15,0,0,0,0
24/07/2025,21:18:03,10.93,7.92,21.56,9.99,14446,15,0,0,0,0
24/07/2025,21:23:50,10.93,7.9,21.53,9.99,14663,15,0,0,0,0
24/07/2025,21:29:37,10.93,7.91,21.5,9.99,14771,15,0,0,0,0
24/07/2025,21:35:23,10.93,7.93,21.5,9.99,14771,15,0,0,0,0
24/07/2025,21:41:11,10.92,7.92,21.45,9.99,14554,15,0,0,0,0
24/07/2025,21:46:58,10.92,7.92,21.42,9.99,14663,15,0,0,0,0
24/07/2025,21:52:45,10.92,7.94,21.42,9.99,14988,15,0,0,0,0
24/07/2025,21:58:32,10.91,7.94,21.42,9.99,14771,15,0,0,0,0
24/07/2025,22:04:18,10.9,7.95,21.42,9.99,15205,15,0,0,0,0
24/07/2025,22:10:06,10.89,7.94,21.42,9.99,15097,15,0,0,0,0
24/07/2025,22:15:52,10.9,7.93,21.37,9.99,15205,15,0,0,0,0
24/07/2025,22:21:40,10.9,7.93,21.37,9.99,14988,15,0,0,0,0
24/07/2025,22:27:27,10.91,7.92,21.31,9.99,15205,15,0,0,0,0
24/07/2025,22:33:13,10.92,7.95,21.26,9.99,14554,15,0,0,0,0
24/07/2025,22:39:01,10.92,7.96,21.21,9.99,14663,15,0,0,0,0
24/07/2025,22:44:47,10.92,7.96,21.21,9.99,14337,15,0,0,0,0
24/07/2025,22:50:35,10.92,7.97,21.13,9.99,14120,15,0,0,0,0
24/07/2025,22:56:21,10.92,7.96,21.1,9.99,14229,15,0,0,0,0
24/07/2025,23:02:08,10.92,7.98,21.02,9.99,14337,15,0,0,0,0
24/07/2025,23:07:56,10.93,7.98,20.96,9.99,14446,15,0,0,0,0
24/07/2025,23:13:42,10.92,7.97,20.94,9.99,14554,15,0,0,0,0
24/07/2025,23:19:30,10.92,7.98,20.91,9.99,14446,15,0,0,0,0
24/07/2025,23:25:16,10.92,7.98,20.86,9.99,14554,15,0,0,0,0
24/07/2025,23:31:03,10.91,7.98,20.83,9.99,14663,15,0,0,0,0
24/07/2025,23:36:51,10.92,7.98,20.83,9.99,14771,15,0,0,0,0
24/07/2025,23:42:37,10.92,7.98,20.8,9.99,14663,15,0,0,0,0
24/07/2025,23:48:25,10.92,7.99,20.78,9.99,14880,15,0,0,0,0
24/07/2025,23:54:11,10.91,8.0,20.75,9.99,14663,15,0,0,0,0
24/07/2025,23:59:59,10.91,7.99,20.75,9.99,14880,15,0,0,0,0
